$date
   Wed Jul 29 09:37:53 2026
$end

$version
  2024.2.0
  $dumpfile ("dump.vcd") 
$end

$timescale
  1ps
$end

$scope module block_sync_iso_tb $end
$var reg 1 ! clk $end
$var reg 1 " rst_n $end
$var reg 1 # i_serdes_v $end
$var reg 1 $ i_valid $end
$var reg 2 % i_head [1:0] $end
$var reg 1 & o_slip $end
$var reg 1 ' o_lock $end
$var reg 1 ( slip_seen $end
$var reg 32 ) pass_count [31:0] $end
$var reg 32 * fail_count [31:0] $end
$scope module dut $end
$var wire 1 + clk $end
$var wire 1 , rst_n $end
$var wire 1 - i_serdes_v $end
$var wire 1 . i_valid $end
$var wire 2 / i_head [1:0] $end
$var reg 1 & o_slip $end
$var reg 1 ' o_lock $end
$var reg 11 0 counter [10:0] $end
$var reg 7 1 bad_header_count [6:0] $end
$var reg 11 2 good_header_count [10:0] $end
$var reg 2 3 header [1:0] $end
$var reg 2 4 current_state $end
$var reg 2 5 next_state $end
$var reg 7 6 bad_next [6:0] $end
$var reg 11 7 good_next [10:0] $end
$upscope $end
$scope task do_reset $end
$upscope $end
$scope task send_header $end
$upscope $end
$scope task send_valid_headers $end
$upscope $end
$scope task send_header_with_errors $end
$upscope $end
$scope task test_lock_acquisition_valid_header $end
$upscope $end
$scope task test_lock_acquisition_slip_invalid_header $end
$upscope $end
$scope task test_lock_acquisition_multiple_slip $end
$upscope $end
$scope task test_lock_maintenance_sparse_invalid_headers $end
$upscope $end
$scope task test_lock_loss_65_invalid_1024_window $end
$upscope $end
$scope task test_i_serdes_v_gating $end
$upscope $end
$scope task test_i_valid_gating $end
$upscope $end
$scope task test_lock_loss_relock_cycle $end
$upscope $end
$upscope $end
$enddefinitions $end

#0
$dumpvars
0!
0"
0#
0$
b0 %
0&
x'
0(
b0 )
b0 *
0+
0,
0-
0.
b0 /
bx 0
bx 1
bx 2
b0 3
bx 4
b0 5
bx 6
bx 7
$end

#3200
1!
0'
1+
b0 0
b0 1
b0 2
b0 4
b1 6
b0 7

#6400
0!
0+

#9600
1!
0"
0#
1+

#12800
0!
0+

#16000
1!
1+

#19200
0!
0+

#22400
1!
1"
1#
1$
b10 %
1+
1,
1-
1.
b10 /
b10 3
b0 6
b1 7

#25600
0!
0+

#28800
1!
b1 %
1+
b1 /
b1 0
b1 3

#32000
0!
0+

#35200
1!
b10 %
1+
b10 /
b10 0
b10 3

#38400
0!
0+

#41600
1!
b1 %
1+
b1 /
b11 0
b1 3

#44800
0!
0+

#48000
1!
b10 %
1+
b10 /
b100 0
b10 3

#51200
0!
0+

#54400
1!
b1 %
1+
b1 /
b101 0
b1 3

#57600
0!
0+

#60800
1!
b10 %
1+
b10 /
b110 0
b10 3

#64000
0!
0+

#67200
1!
b1 %
1+
b1 /
b111 0
b1 3

#70400
0!
0+

#73600
1!
b10 %
1+
b10 /
b1000 0
b10 3

#76800
0!
0+

#80000
1!
b1 %
1+
b1 /
b1001 0
b1 3

#83200
0!
0+

#86400
1!
b10 %
1+
b10 /
b1010 0
b10 3

#89600
0!
0+

#92800
1!
b1 %
1+
b1 /
b1011 0
b1 3

#96000
0!
0+

#99200
1!
b10 %
1+
b10 /
b1100 0
b10 3

#102400
0!
0+

#105600
1!
b1 %
1+
b1 /
b1101 0
b1 3

#108800
0!
0+

#112000
1!
b10 %
1+
b10 /
b1110 0
b10 3

#115200
0!
0+

#118400
1!
b1 %
1+
b1 /
b1111 0
b1 3

#121600
0!
0+

#124800
1!
b10 %
1+
b10 /
b10000 0
b10 3

#128000
0!
0+

#131200
1!
b1 %
1+
b1 /
b10001 0
b1 3

#134400
0!
0+

#137600
1!
b10 %
1+
b10 /
b10010 0
b10 3

#140800
0!
0+

#144000
1!
b1 %
1+
b1 /
b10011 0
b1 3

#147200
0!
0+

#150400
1!
b10 %
1+
b10 /
b10100 0
b10 3

#153600
0!
0+

#156800
1!
b1 %
1+
b1 /
b10101 0
b1 3

#160000
0!
0+

#163200
1!
b10 %
1+
b10 /
b10110 0
b10 3

#166400
0!
0+

#169600
1!
b1 %
1+
b1 /
b10111 0
b1 3

#172800
0!
0+

#176000
1!
b10 %
1+
b10 /
b11000 0
b10 3

#179200
0!
0+

#182400
1!
b1 %
1+
b1 /
b11001 0
b1 3

#185600
0!
0+

#188800
1!
b10 %
1+
b10 /
b11010 0
b10 3

#192000
0!
0+

#195200
1!
b1 %
1+
b1 /
b11011 0
b1 3

#198400
0!
0+

#201600
1!
b10 %
1+
b10 /
b11100 0
b10 3

#204800
0!
0+

#208000
1!
b1 %
1+
b1 /
b11101 0
b1 3

#211200
0!
0+

#214400
1!
b10 %
1+
b10 /
b11110 0
b10 3

#217600
0!
0+

#220800
1!
b1 %
1+
b1 /
b11111 0
b1 3

#224000
0!
0+

#227200
1!
b10 %
1+
b10 /
b100000 0
b10 3

#230400
0!
0+

#233600
1!
b1 %
1+
b1 /
b100001 0
b1 3

#236800
0!
0+

#240000
1!
b10 %
1+
b10 /
b100010 0
b10 3

#243200
0!
0+

#246400
1!
b1 %
1+
b1 /
b100011 0
b1 3

#249600
0!
0+

#252800
1!
b10 %
1+
b10 /
b100100 0
b10 3

#256000
0!
0+

#259200
1!
b1 %
1+
b1 /
b100101 0
b1 3

#262400
0!
0+

#265600
1!
b10 %
1+
b10 /
b100110 0
b10 3

#268800
0!
0+

#272000
1!
b1 %
1+
b1 /
b100111 0
b1 3

#275200
0!
0+

#278400
1!
b10 %
1+
b10 /
b101000 0
b10 3

#281600
0!
0+

#284800
1!
b1 %
1+
b1 /
b101001 0
b1 3

#288000
0!
0+

#291200
1!
b10 %
1+
b10 /
b101010 0
b10 3

#294400
0!
0+

#297600
1!
b1 %
1+
b1 /
b101011 0
b1 3

#300800
0!
0+

#304000
1!
b10 %
1+
b10 /
b101100 0
b10 3

#307200
0!
0+

#310400
1!
b1 %
1+
b1 /
b101101 0
b1 3

#313600
0!
0+

#316800
1!
b10 %
1+
b10 /
b101110 0
b10 3

#320000
0!
0+

#323200
1!
b1 %
1+
b1 /
b101111 0
b1 3

#326400
0!
0+

#329600
1!
b10 %
1+
b10 /
b110000 0
b10 3

#332800
0!
0+

#336000
1!
b1 %
1+
b1 /
b110001 0
b1 3

#339200
0!
0+

#342400
1!
b10 %
1+
b10 /
b110010 0
b10 3

#345600
0!
0+

#348800
1!
b1 %
1+
b1 /
b110011 0
b1 3

#352000
0!
0+

#355200
1!
b10 %
1+
b10 /
b110100 0
b10 3

#358400
0!
0+

#361600
1!
b1 %
1+
b1 /
b110101 0
b1 3

#364800
0!
0+

#368000
1!
b10 %
1+
b10 /
b110110 0
b10 3

#371200
0!
0+

#374400
1!
b1 %
1+
b1 /
b110111 0
b1 3

#377600
0!
0+

#380800
1!
b10 %
1+
b10 /
b111000 0
b10 3

#384000
0!
0+

#387200
1!
b1 %
1+
b1 /
b111001 0
b1 3

#390400
0!
0+

#393600
1!
b10 %
1+
b10 /
b111010 0
b10 3

#396800
0!
0+

#400000
1!
b1 %
1+
b1 /
b111011 0
b1 3

#403200
0!
0+

#406400
1!
b10 %
1+
b10 /
b111100 0
b10 3

#409600
0!
0+

#412800
1!
b1 %
1+
b1 /
b111101 0
b1 3

#416000
0!
0+

#419200
1!
b10 %
1+
b10 /
b111110 0
b10 3

#422400
0!
0+

#425600
1!
b1 %
1+
b1 /
b111111 0
b1 3
b1 5

#428800
0!
0+

#432000
1!
1'
1+
b1000000 0
b1 4

#435200
0!
0+

#438400
1!
0"
0#
0$
b0 %
0'
b10 )
1+
0,
0-
0.
b0 /
b0 0
b0 3
b0 4
b0 5
b1 6
b0 7

#441600
0!
0+

#444800
1!
1+

#448000
0!
0+

#451200
1!
1"
1#
1$
b10 %
1+
1,
1-
1.
b10 /
b10 3
b0 6
b1 7

#454400
0!
0+

#457600
1!
b1 %
1+
b1 /
b1 0
b1 3

#460800
0!
0+

#464000
1!
b10 %
1+
b10 /
b10 0
b10 3

#467200
0!
0+

#470400
1!
b1 %
1+
b1 /
b11 0
b1 3

#473600
0!
0+

#476800
1!
b10 %
1+
b10 /
b100 0
b10 3

#480000
0!
0+

#483200
1!
b1 %
1+
b1 /
b101 0
b1 3

#486400
0!
0+

#489600
1!
b10 %
1+
b10 /
b110 0
b10 3

#492800
0!
0+

#496000
1!
b1 %
1+
b1 /
b111 0
b1 3

#499200
0!
0+

#502400
1!
b10 %
1+
b10 /
b1000 0
b10 3

#505600
0!
0+

#508800
1!
b1 %
1+
b1 /
b1001 0
b1 3

#512000
0!
0+

#515200
1!
b10 %
1+
b10 /
b1010 0
b10 3

#518400
0!
0+

#521600
1!
b1 %
1+
b1 /
b1011 0
b1 3

#524800
0!
0+

#528000
1!
b10 %
1+
b10 /
b1100 0
b10 3

#531200
0!
0+

#534400
1!
b1 %
1+
b1 /
b1101 0
b1 3

#537600
0!
0+

#540800
1!
b10 %
1+
b10 /
b1110 0
b10 3

#544000
0!
0+

#547200
1!
b1 %
1+
b1 /
b1111 0
b1 3

#550400
0!
0+

#553600
1!
b10 %
1+
b10 /
b10000 0
b10 3

#556800
0!
0+

#560000
1!
b1 %
1+
b1 /
b10001 0
b1 3

#563200
0!
0+

#566400
1!
b10 %
1+
b10 /
b10010 0
b10 3

#569600
0!
0+

#572800
1!
b1 %
1+
b1 /
b10011 0
b1 3

#576000
0!
0+

#579200
1!
b10 %
1+
b10 /
b10100 0
b10 3

#582400
0!
0+

#585600
1!
b1 %
1+
b1 /
b10101 0
b1 3

#588800
0!
0+

#592000
1!
b10 %
1+
b10 /
b10110 0
b10 3

#595200
0!
0+

#598400
1!
b1 %
1+
b1 /
b10111 0
b1 3

#601600
0!
0+

#604800
1!
b10 %
1+
b10 /
b11000 0
b10 3

#608000
0!
0+

#611200
1!
b1 %
1+
b1 /
b11001 0
b1 3

#614400
0!
0+

#617600
1!
b10 %
1+
b10 /
b11010 0
b10 3

#620800
0!
0+

#624000
1!
b1 %
1+
b1 /
b11011 0
b1 3

#627200
0!
0+

#630400
1!
b10 %
1+
b10 /
b11100 0
b10 3

#633600
0!
0+

#636800
1!
b1 %
1+
b1 /
b11101 0
b1 3

#640000
0!
0+

#643200
1!
b11 %
1&
1(
1+
b11 /
b11110 0
b11 3
b1 6
b0 7

#646400
0!
0+

#649600
1!
1&
b100 )
1+
b0 0

#652800
0!
0+

#656000
1!
b10 %
0&
b101 )
1+
b10 /
b10 3
b0 6
b1 7

#659200
0!
0+

#662400
1!
b1 %
1+
b1 /
b1 0
b1 3

#665600
0!
0+

#668800
1!
b10 %
1+
b10 /
b10 0
b10 3

#672000
0!
0+

#675200
1!
b1 %
1+
b1 /
b11 0
b1 3

#678400
0!
0+

#681600
1!
b10 %
1+
b10 /
b100 0
b10 3

#684800
0!
0+

#688000
1!
b1 %
1+
b1 /
b101 0
b1 3

#691200
0!
0+

#694400
1!
b10 %
1+
b10 /
b110 0
b10 3

#697600
0!
0+

#700800
1!
b1 %
1+
b1 /
b111 0
b1 3

#704000
0!
0+

#707200
1!
b10 %
1+
b10 /
b1000 0
b10 3

#710400
0!
0+

#713600
1!
b1 %
1+
b1 /
b1001 0
b1 3

#716800
0!
0+

#720000
1!
b10 %
1+
b10 /
b1010 0
b10 3

#723200
0!
0+

#726400
1!
b1 %
1+
b1 /
b1011 0
b1 3

#729600
0!
0+

#732800
1!
b10 %
1+
b10 /
b1100 0
b10 3

#736000
0!
0+

#739200
1!
b1 %
1+
b1 /
b1101 0
b1 3

#742400
0!
0+

#745600
1!
b10 %
1+
b10 /
b1110 0
b10 3

#748800
0!
0+

#752000
1!
b1 %
1+
b1 /
b1111 0
b1 3

#755200
0!
0+

#758400
1!
b10 %
1+
b10 /
b10000 0
b10 3

#761600
0!
0+

#764800
1!
b1 %
1+
b1 /
b10001 0
b1 3

#768000
0!
0+

#771200
1!
b10 %
1+
b10 /
b10010 0
b10 3

#774400
0!
0+

#777600
1!
b1 %
1+
b1 /
b10011 0
b1 3

#780800
0!
0+

#784000
1!
b10 %
1+
b10 /
b10100 0
b10 3

#787200
0!
0+

#790400
1!
b1 %
1+
b1 /
b10101 0
b1 3

#793600
0!
0+

#796800
1!
b10 %
1+
b10 /
b10110 0
b10 3

#800000
0!
0+

#803200
1!
b1 %
1+
b1 /
b10111 0
b1 3

#806400
0!
0+

#809600
1!
b10 %
1+
b10 /
b11000 0
b10 3

#812800
0!
0+

#816000
1!
b1 %
1+
b1 /
b11001 0
b1 3

#819200
0!
0+

#822400
1!
b10 %
1+
b10 /
b11010 0
b10 3

#825600
0!
0+

#828800
1!
b1 %
1+
b1 /
b11011 0
b1 3

#832000
0!
0+

#835200
1!
b10 %
1+
b10 /
b11100 0
b10 3

#838400
0!
0+

#841600
1!
b1 %
1+
b1 /
b11101 0
b1 3

#844800
0!
0+

#848000
1!
b10 %
1+
b10 /
b11110 0
b10 3

#851200
0!
0+

#854400
1!
b1 %
1+
b1 /
b11111 0
b1 3

#857600
0!
0+

#860800
1!
b10 %
1+
b10 /
b100000 0
b10 3

#864000
0!
0+

#867200
1!
b1 %
1+
b1 /
b100001 0
b1 3

#870400
0!
0+

#873600
1!
b10 %
1+
b10 /
b100010 0
b10 3

#876800
0!
0+

#880000
1!
b1 %
1+
b1 /
b100011 0
b1 3

#883200
0!
0+

#886400
1!
b10 %
1+
b10 /
b100100 0
b10 3

#889600
0!
0+

#892800
1!
b1 %
1+
b1 /
b100101 0
b1 3

#896000
0!
0+

#899200
1!
b10 %
1+
b10 /
b100110 0
b10 3

#902400
0!
0+

#905600
1!
b1 %
1+
b1 /
b100111 0
b1 3

#908800
0!
0+

#912000
1!
b10 %
1+
b10 /
b101000 0
b10 3

#915200
0!
0+

#918400
1!
b1 %
1+
b1 /
b101001 0
b1 3

#921600
0!
0+

#924800
1!
b10 %
1+
b10 /
b101010 0
b10 3

#928000
0!
0+

#931200
1!
b1 %
1+
b1 /
b101011 0
b1 3

#934400
0!
0+

#937600
1!
b10 %
1+
b10 /
b101100 0
b10 3

#940800
0!
0+

#944000
1!
b1 %
1+
b1 /
b101101 0
b1 3

#947200
0!
0+

#950400
1!
b10 %
1+
b10 /
b101110 0
b10 3

#953600
0!
0+

#956800
1!
b1 %
1+
b1 /
b101111 0
b1 3

#960000
0!
0+

#963200
1!
b10 %
1+
b10 /
b110000 0
b10 3

#966400
0!
0+

#969600
1!
b1 %
1+
b1 /
b110001 0
b1 3

#972800
0!
0+

#976000
1!
b10 %
1+
b10 /
b110010 0
b10 3

#979200
0!
0+

#982400
1!
b1 %
1+
b1 /
b110011 0
b1 3

#985600
0!
0+

#988800
1!
b10 %
1+
b10 /
b110100 0
b10 3

#992000
0!
0+

#995200
1!
b1 %
1+
b1 /
b110101 0
b1 3

#998400
0!
0+

#1001600
1!
b10 %
1+
b10 /
b110110 0
b10 3

#1004800
0!
0+

#1008000
1!
b1 %
1+
b1 /
b110111 0
b1 3

#1011200
0!
0+

#1014400
1!
b10 %
1+
b10 /
b111000 0
b10 3

#1017600
0!
0+

#1020800
1!
b1 %
1+
b1 /
b111001 0
b1 3

#1024000
0!
0+

#1027200
1!
b10 %
1+
b10 /
b111010 0
b10 3

#1030400
0!
0+

#1033600
1!
b1 %
1+
b1 /
b111011 0
b1 3

#1036800
0!
0+

#1040000
1!
b10 %
1+
b10 /
b111100 0
b10 3

#1043200
0!
0+

#1046400
1!
b1 %
1+
b1 /
b111101 0
b1 3

#1049600
0!
0+

#1052800
1!
b10 %
1+
b10 /
b111110 0
b10 3

#1056000
0!
0+

#1059200
1!
b1 %
1+
b1 /
b111111 0
b1 3
b1 5

#1062400
0!
0+

#1065600
1!
1'
1+
b1000000 0
b1 4

#1068800
0!
0+

#1072000
1!
0"
0#
0$
b0 %
0'
b110 )
1+
0,
0-
0.
b0 /
b0 0
b0 3
b0 4
b0 5
b1 6
b0 7

#1075200
0!
0+

#1078400
1!
1+

#1081600
0!
0+

#1084800
1!
1"
1#
1$
b11 %
1&
1+
1,
1-
1.
b11 /
b11 3

#1088000
0!
0+

#1091200
1!
0$
0&
b111 )
1+
0.

#1094400
0!
0+

#1097600
1!
1$
1&
1+
1.

#1100800
0!
0+

#1104000
1!
0$
0&
b1000 )
1+
0.

#1107200
0!
0+

#1110400
1!
1$
1&
1+
1.

#1113600
0!
0+

#1116800
1!
0$
0&
b1001 )
1+
0.

#1120000
0!
0+

#1123200
1!
1$
1&
1+
1.

#1126400
0!
0+

#1129600
1!
0$
0&
b1010 )
1+
0.

#1132800
0!
0+

#1136000
1!
1$
1&
1+
1.

#1139200
0!
0+

#1142400
1!
0$
0&
b1011 )
1+
0.

#1145600
0!
0+

#1148800
1!
1$
b10 %
1+
1.
b10 /
b10 3
b0 6
b1 7

#1152000
0!
0+

#1155200
1!
b1 %
1+
b1 /
b1 0
b1 3

#1158400
0!
0+

#1161600
1!
b10 %
1+
b10 /
b10 0
b10 3

#1164800
0!
0+

#1168000
1!
b1 %
1+
b1 /
b11 0
b1 3

#1171200
0!
0+

#1174400
1!
b10 %
1+
b10 /
b100 0
b10 3

#1177600
0!
0+

#1180800
1!
b1 %
1+
b1 /
b101 0
b1 3

#1184000
0!
0+

#1187200
1!
b10 %
1+
b10 /
b110 0
b10 3

#1190400
0!
0+

#1193600
1!
b1 %
1+
b1 /
b111 0
b1 3

#1196800
0!
0+

#1200000
1!
b10 %
1+
b10 /
b1000 0
b10 3

#1203200
0!
0+

#1206400
1!
b1 %
1+
b1 /
b1001 0
b1 3

#1209600
0!
0+

#1212800
1!
b10 %
1+
b10 /
b1010 0
b10 3

#1216000
0!
0+

#1219200
1!
b1 %
1+
b1 /
b1011 0
b1 3

#1222400
0!
0+

#1225600
1!
b10 %
1+
b10 /
b1100 0
b10 3

#1228800
0!
0+

#1232000
1!
b1 %
1+
b1 /
b1101 0
b1 3

#1235200
0!
0+

#1238400
1!
b10 %
1+
b10 /
b1110 0
b10 3

#1241600
0!
0+

#1244800
1!
b1 %
1+
b1 /
b1111 0
b1 3

#1248000
0!
0+

#1251200
1!
b10 %
1+
b10 /
b10000 0
b10 3

#1254400
0!
0+

#1257600
1!
b1 %
1+
b1 /
b10001 0
b1 3

#1260800
0!
0+

#1264000
1!
b10 %
1+
b10 /
b10010 0
b10 3

#1267200
0!
0+

#1270400
1!
b1 %
1+
b1 /
b10011 0
b1 3

#1273600
0!
0+

#1276800
1!
b10 %
1+
b10 /
b10100 0
b10 3

#1280000
0!
0+

#1283200
1!
b1 %
1+
b1 /
b10101 0
b1 3

#1286400
0!
0+

#1289600
1!
b10 %
1+
b10 /
b10110 0
b10 3

#1292800
0!
0+

#1296000
1!
b1 %
1+
b1 /
b10111 0
b1 3

#1299200
0!
0+

#1302400
1!
b10 %
1+
b10 /
b11000 0
b10 3

#1305600
0!
0+

#1308800
1!
b1 %
1+
b1 /
b11001 0
b1 3

#1312000
0!
0+

#1315200
1!
b10 %
1+
b10 /
b11010 0
b10 3

#1318400
0!
0+

#1321600
1!
b1 %
1+
b1 /
b11011 0
b1 3

#1324800
0!
0+

#1328000
1!
b10 %
1+
b10 /
b11100 0
b10 3

#1331200
0!
0+

#1334400
1!
b1 %
1+
b1 /
b11101 0
b1 3

#1337600
0!
0+

#1340800
1!
b10 %
1+
b10 /
b11110 0
b10 3

#1344000
0!
0+

#1347200
1!
b1 %
1+
b1 /
b11111 0
b1 3

#1350400
0!
0+

#1353600
1!
b10 %
1+
b10 /
b100000 0
b10 3

#1356800
0!
0+

#1360000
1!
b1 %
1+
b1 /
b100001 0
b1 3

#1363200
0!
0+

#1366400
1!
b10 %
1+
b10 /
b100010 0
b10 3

#1369600
0!
0+

#1372800
1!
b1 %
1+
b1 /
b100011 0
b1 3

#1376000
0!
0+

#1379200
1!
b10 %
1+
b10 /
b100100 0
b10 3

#1382400
0!
0+

#1385600
1!
b1 %
1+
b1 /
b100101 0
b1 3

#1388800
0!
0+

#1392000
1!
b10 %
1+
b10 /
b100110 0
b10 3

#1395200
0!
0+

#1398400
1!
b1 %
1+
b1 /
b100111 0
b1 3

#1401600
0!
0+

#1404800
1!
b10 %
1+
b10 /
b101000 0
b10 3

#1408000
0!
0+

#1411200
1!
b1 %
1+
b1 /
b101001 0
b1 3

#1414400
0!
0+

#1417600
1!
b10 %
1+
b10 /
b101010 0
b10 3

#1420800
0!
0+

#1424000
1!
b1 %
1+
b1 /
b101011 0
b1 3

#1427200
0!
0+

#1430400
1!
b10 %
1+
b10 /
b101100 0
b10 3

#1433600
0!
0+

#1436800
1!
b1 %
1+
b1 /
b101101 0
b1 3

#1440000
0!
0+

#1443200
1!
b10 %
1+
b10 /
b101110 0
b10 3

#1446400
0!
0+

#1449600
1!
b1 %
1+
b1 /
b101111 0
b1 3

#1452800
0!
0+

#1456000
1!
b10 %
1+
b10 /
b110000 0
b10 3

#1459200
0!
0+

#1462400
1!
b1 %
1+
b1 /
b110001 0
b1 3

#1465600
0!
0+

#1468800
1!
b10 %
1+
b10 /
b110010 0
b10 3

#1472000
0!
0+

#1475200
1!
b1 %
1+
b1 /
b110011 0
b1 3

#1478400
0!
0+

#1481600
1!
b10 %
1+
b10 /
b110100 0
b10 3

#1484800
0!
0+

#1488000
1!
b1 %
1+
b1 /
b110101 0
b1 3

#1491200
0!
0+

#1494400
1!
b10 %
1+
b10 /
b110110 0
b10 3

#1497600
0!
0+

#1500800
1!
b1 %
1+
b1 /
b110111 0
b1 3

#1504000
0!
0+

#1507200
1!
b10 %
1+
b10 /
b111000 0
b10 3

#1510400
0!
0+

#1513600
1!
b1 %
1+
b1 /
b111001 0
b1 3

#1516800
0!
0+

#1520000
1!
b10 %
1+
b10 /
b111010 0
b10 3

#1523200
0!
0+

#1526400
1!
b1 %
1+
b1 /
b111011 0
b1 3

#1529600
0!
0+

#1532800
1!
b10 %
1+
b10 /
b111100 0
b10 3

#1536000
0!
0+

#1539200
1!
b1 %
1+
b1 /
b111101 0
b1 3

#1542400
0!
0+

#1545600
1!
b10 %
1+
b10 /
b111110 0
b10 3

#1548800
0!
0+

#1552000
1!
b1 %
1+
b1 /
b111111 0
b1 3
b1 5

#1555200
0!
0+

#1558400
1!
1'
1+
b1000000 0
b1 4

#1561600
0!
0+

#1564800
1!
0"
0#
0$
b0 %
0'
b1100 )
1+
0,
0-
0.
b0 /
b0 0
b0 3
b0 4
b0 5
b1 6
b0 7

#1568000
0!
0+

#1571200
1!
1+

#1574400
0!
0+

#1577600
1!
1"
1#
1$
b10 %
1+
1,
1-
1.
b10 /
b10 3
b0 6
b1 7

#1580800
0!
0+

#1584000
1!
b1 %
1+
b1 /
b1 0
b1 3

#1587200
0!
0+

#1590400
1!
b10 %
1+
b10 /
b10 0
b10 3

#1593600
0!
0+

#1596800
1!
b1 %
1+
b1 /
b11 0
b1 3

#1600000
0!
0+

#1603200
1!
b10 %
1+
b10 /
b100 0
b10 3

#1606400
0!
0+

#1609600
1!
b1 %
1+
b1 /
b101 0
b1 3

#1612800
0!
0+

#1616000
1!
b10 %
1+
b10 /
b110 0
b10 3

#1619200
0!
0+

#1622400
1!
b1 %
1+
b1 /
b111 0
b1 3

#1625600
0!
0+

#1628800
1!
b10 %
1+
b10 /
b1000 0
b10 3

#1632000
0!
0+

#1635200
1!
b1 %
1+
b1 /
b1001 0
b1 3

#1638400
0!
0+

#1641600
1!
b10 %
1+
b10 /
b1010 0
b10 3

#1644800
0!
0+

#1648000
1!
b1 %
1+
b1 /
b1011 0
b1 3

#1651200
0!
0+

#1654400
1!
b10 %
1+
b10 /
b1100 0
b10 3

#1657600
0!
0+

#1660800
1!
b1 %
1+
b1 /
b1101 0
b1 3

#1664000
0!
0+

#1667200
1!
b10 %
1+
b10 /
b1110 0
b10 3

#1670400
0!
0+

#1673600
1!
b1 %
1+
b1 /
b1111 0
b1 3

#1676800
0!
0+

#1680000
1!
b10 %
1+
b10 /
b10000 0
b10 3

#1683200
0!
0+

#1686400
1!
b1 %
1+
b1 /
b10001 0
b1 3

#1689600
0!
0+

#1692800
1!
b10 %
1+
b10 /
b10010 0
b10 3

#1696000
0!
0+

#1699200
1!
b1 %
1+
b1 /
b10011 0
b1 3

#1702400
0!
0+

#1705600
1!
b10 %
1+
b10 /
b10100 0
b10 3

#1708800
0!
0+

#1712000
1!
b1 %
1+
b1 /
b10101 0
b1 3

#1715200
0!
0+

#1718400
1!
b10 %
1+
b10 /
b10110 0
b10 3

#1721600
0!
0+

#1724800
1!
b1 %
1+
b1 /
b10111 0
b1 3

#1728000
0!
0+

#1731200
1!
b10 %
1+
b10 /
b11000 0
b10 3

#1734400
0!
0+

#1737600
1!
b1 %
1+
b1 /
b11001 0
b1 3

#1740800
0!
0+

#1744000
1!
b10 %
1+
b10 /
b11010 0
b10 3

#1747200
0!
0+

#1750400
1!
b1 %
1+
b1 /
b11011 0
b1 3

#1753600
0!
0+

#1756800
1!
b10 %
1+
b10 /
b11100 0
b10 3

#1760000
0!
0+

#1763200
1!
b1 %
1+
b1 /
b11101 0
b1 3

#1766400
0!
0+

#1769600
1!
b10 %
1+
b10 /
b11110 0
b10 3

#1772800
0!
0+

#1776000
1!
b1 %
1+
b1 /
b11111 0
b1 3

#1779200
0!
0+

#1782400
1!
b10 %
1+
b10 /
b100000 0
b10 3

#1785600
0!
0+

#1788800
1!
b1 %
1+
b1 /
b100001 0
b1 3

#1792000
0!
0+

#1795200
1!
b10 %
1+
b10 /
b100010 0
b10 3

#1798400
0!
0+

#1801600
1!
b1 %
1+
b1 /
b100011 0
b1 3

#1804800
0!
0+

#1808000
1!
b10 %
1+
b10 /
b100100 0
b10 3

#1811200
0!
0+

#1814400
1!
b1 %
1+
b1 /
b100101 0
b1 3

#1817600
0!
0+

#1820800
1!
b10 %
1+
b10 /
b100110 0
b10 3

#1824000
0!
0+

#1827200
1!
b1 %
1+
b1 /
b100111 0
b1 3

#1830400
0!
0+

#1833600
1!
b10 %
1+
b10 /
b101000 0
b10 3

#1836800
0!
0+

#1840000
1!
b1 %
1+
b1 /
b101001 0
b1 3

#1843200
0!
0+

#1846400
1!
b10 %
1+
b10 /
b101010 0
b10 3

#1849600
0!
0+

#1852800
1!
b1 %
1+
b1 /
b101011 0
b1 3

#1856000
0!
0+

#1859200
1!
b10 %
1+
b10 /
b101100 0
b10 3

#1862400
0!
0+

#1865600
1!
b1 %
1+
b1 /
b101101 0
b1 3

#1868800
0!
0+

#1872000
1!
b10 %
1+
b10 /
b101110 0
b10 3

#1875200
0!
0+

#1878400
1!
b1 %
1+
b1 /
b101111 0
b1 3

#1881600
0!
0+

#1884800
1!
b10 %
1+
b10 /
b110000 0
b10 3

#1888000
0!
0+

#1891200
1!
b1 %
1+
b1 /
b110001 0
b1 3

#1894400
0!
0+

#1897600
1!
b10 %
1+
b10 /
b110010 0
b10 3

#1900800
0!
0+

#1904000
1!
b1 %
1+
b1 /
b110011 0
b1 3

#1907200
0!
0+

#1910400
1!
b10 %
1+
b10 /
b110100 0
b10 3

#1913600
0!
0+

#1916800
1!
b1 %
1+
b1 /
b110101 0
b1 3

#1920000
0!
0+

#1923200
1!
b10 %
1+
b10 /
b110110 0
b10 3

#1926400
0!
0+

#1929600
1!
b1 %
1+
b1 /
b110111 0
b1 3

#1932800
0!
0+

#1936000
1!
b10 %
1+
b10 /
b111000 0
b10 3

#1939200
0!
0+

#1942400
1!
b1 %
1+
b1 /
b111001 0
b1 3

#1945600
0!
0+

#1948800
1!
b10 %
1+
b10 /
b111010 0
b10 3

#1952000
0!
0+

#1955200
1!
b1 %
1+
b1 /
b111011 0
b1 3

#1958400
0!
0+

#1961600
1!
b10 %
1+
b10 /
b111100 0
b10 3

#1964800
0!
0+

#1968000
1!
b1 %
1+
b1 /
b111101 0
b1 3

#1971200
0!
0+

#1974400
1!
b10 %
1+
b10 /
b111110 0
b10 3

#1977600
0!
0+

#1980800
1!
b1 %
1+
b1 /
b111111 0
b1 3
b1 5

#1984000
0!
0+

#1987200
1!
b11 %
0&
1'
1+
b11 /
b1000000 0
b11 3
b1 4
b1 5
b1 6
b0 7

#1990400
0!
0+

#1993600
1!
b1 %
1+
b1 /
b0 0
b1 1
b1 3
b1 6
b1 7

#1996800
0!
0+

#2000000
1!
b10 %
1+
b10 /
b1 0
b1 2
b10 3
b10 7

#2003200
0!
0+

#2006400
1!
b1 %
1+
b1 /
b10 0
b10 2
b1 3
b11 7

#2009600
0!
0+

#2012800
1!
b10 %
1+
b10 /
b11 0
b11 2
b10 3
b100 7

#2016000
0!
0+

#2019200
1!
b1 %
1+
b1 /
b100 0
b100 2
b1 3
b101 7

#2022400
0!
0+

#2025600
1!
b10 %
1+
b10 /
b101 0
b101 2
b10 3
b110 7

#2028800
0!
0+

#2032000
1!
b1 %
1+
b1 /
b110 0
b110 2
b1 3
b111 7

#2035200
0!
0+

#2038400
1!
b10 %
1+
b10 /
b111 0
b111 2
b10 3
b1000 7

#2041600
0!
0+

#2044800
1!
b1 %
1+
b1 /
b1000 0
b1000 2
b1 3
b1001 7

#2048000
0!
0+

#2051200
1!
b10 %
1+
b10 /
b1001 0
b1001 2
b10 3
b1010 7

#2054400
0!
0+

#2057600
1!
b1 %
1+
b1 /
b1010 0
b1010 2
b1 3
b1011 7

#2060800
0!
0+

#2064000
1!
b10 %
1+
b10 /
b1011 0
b1011 2
b10 3
b1100 7

#2067200
0!
0+

#2070400
1!
b1 %
1+
b1 /
b1100 0
b1100 2
b1 3
b1101 7

#2073600
0!
0+

#2076800
1!
b10 %
1+
b10 /
b1101 0
b1101 2
b10 3
b1110 7

#2080000
0!
0+

#2083200
1!
b1 %
1+
b1 /
b1110 0
b1110 2
b1 3
b1111 7

#2086400
0!
0+

#2089600
1!
b11 %
1+
b11 /
b1111 0
b1111 2
b11 3
b10 6
b1111 7

#2092800
0!
0+

#2096000
1!
b1 %
1+
b1 /
b0 0
b10 1
b1 3
b10 6
b10000 7

#2099200
0!
0+

#2102400
1!
b10 %
1+
b10 /
b1 0
b10000 2
b10 3
b10001 7

#2105600
0!
0+

#2108800
1!
b1 %
1+
b1 /
b10 0
b10001 2
b1 3
b10010 7

#2112000
0!
0+

#2115200
1!
b10 %
1+
b10 /
b11 0
b10010 2
b10 3
b10011 7

#2118400
0!
0+

#2121600
1!
b1 %
1+
b1 /
b100 0
b10011 2
b1 3
b10100 7

#2124800
0!
0+

#2128000
1!
b10 %
1+
b10 /
b101 0
b10100 2
b10 3
b10101 7

#2131200
0!
0+

#2134400
1!
b1 %
1+
b1 /
b110 0
b10101 2
b1 3
b10110 7

#2137600
0!
0+

#2140800
1!
b10 %
1+
b10 /
b111 0
b10110 2
b10 3
b10111 7

#2144000
0!
0+

#2147200
1!
b1 %
1+
b1 /
b1000 0
b10111 2
b1 3
b11000 7

#2150400
0!
0+

#2153600
1!
b10 %
1+
b10 /
b1001 0
b11000 2
b10 3
b11001 7

#2156800
0!
0+

#2160000
1!
b1 %
1+
b1 /
b1010 0
b11001 2
b1 3
b11010 7

#2163200
0!
0+

#2166400
1!
b10 %
1+
b10 /
b1011 0
b11010 2
b10 3
b11011 7

#2169600
0!
0+

#2172800
1!
b1 %
1+
b1 /
b1100 0
b11011 2
b1 3
b11100 7

#2176000
0!
0+

#2179200
1!
b10 %
1+
b10 /
b1101 0
b11100 2
b10 3
b11101 7

#2182400
0!
0+

#2185600
1!
b1 %
1+
b1 /
b1110 0
b11101 2
b1 3
b11110 7

#2188800
0!
0+

#2192000
1!
b11 %
1+
b11 /
b1111 0
b11110 2
b11 3
b11 6
b11110 7

#2195200
0!
0+

#2198400
1!
b1 %
1+
b1 /
b0 0
b11 1
b1 3
b11 6
b11111 7

#2201600
0!
0+

#2204800
1!
b10 %
1+
b10 /
b1 0
b11111 2
b10 3
b100000 7

#2208000
0!
0+

#2211200
1!
b1 %
1+
b1 /
b10 0
b100000 2
b1 3
b100001 7

#2214400
0!
0+

#2217600
1!
b10 %
1+
b10 /
b11 0
b100001 2
b10 3
b100010 7

#2220800
0!
0+

#2224000
1!
b1 %
1+
b1 /
b100 0
b100010 2
b1 3
b100011 7

#2227200
0!
0+

#2230400
1!
b10 %
1+
b10 /
b101 0
b100011 2
b10 3
b100100 7

#2233600
0!
0+

#2236800
1!
b1 %
1+
b1 /
b110 0
b100100 2
b1 3
b100101 7

#2240000
0!
0+

#2243200
1!
b10 %
1+
b10 /
b111 0
b100101 2
b10 3
b100110 7

#2246400
0!
0+

#2249600
1!
b1 %
1+
b1 /
b1000 0
b100110 2
b1 3
b100111 7

#2252800
0!
0+

#2256000
1!
b10 %
1+
b10 /
b1001 0
b100111 2
b10 3
b101000 7

#2259200
0!
0+

#2262400
1!
b1 %
1+
b1 /
b1010 0
b101000 2
b1 3
b101001 7

#2265600
0!
0+

#2268800
1!
b10 %
1+
b10 /
b1011 0
b101001 2
b10 3
b101010 7

#2272000
0!
0+

#2275200
1!
b1 %
1+
b1 /
b1100 0
b101010 2
b1 3
b101011 7

#2278400
0!
0+

#2281600
1!
b10 %
1+
b10 /
b1101 0
b101011 2
b10 3
b101100 7

#2284800
0!
0+

#2288000
1!
b1 %
1+
b1 /
b1110 0
b101100 2
b1 3
b101101 7

#2291200
0!
0+

#2294400
1!
b11 %
1+
b11 /
b1111 0
b101101 2
b11 3
b100 6
b101101 7

#2297600
0!
0+

#2300800
1!
b1 %
1+
b1 /
b0 0
b100 1
b1 3
b100 6
b101110 7

#2304000
0!
0+

#2307200
1!
b10 %
1+
b10 /
b1 0
b101110 2
b10 3
b101111 7

#2310400
0!
0+

#2313600
1!
b1 %
1+
b1 /
b10 0
b101111 2
b1 3
b110000 7

#2316800
0!
0+

#2320000
1!
b10 %
1+
b10 /
b11 0
b110000 2
b10 3
b110001 7

#2323200
0!
0+

#2326400
1!
b1 %
1+
b1 /
b100 0
b110001 2
b1 3
b110010 7

#2329600
0!
0+

#2332800
1!
b10 %
1+
b10 /
b101 0
b110010 2
b10 3
b110011 7

#2336000
0!
0+

#2339200
1!
b1 %
1+
b1 /
b110 0
b110011 2
b1 3
b110100 7

#2342400
0!
0+

#2345600
1!
b10 %
1+
b10 /
b111 0
b110100 2
b10 3
b110101 7

#2348800
0!
0+

#2352000
1!
b1 %
1+
b1 /
b1000 0
b110101 2
b1 3
b110110 7

#2355200
0!
0+

#2358400
1!
b10 %
1+
b10 /
b1001 0
b110110 2
b10 3
b110111 7

#2361600
0!
0+

#2364800
1!
b1 %
1+
b1 /
b1010 0
b110111 2
b1 3
b111000 7

#2368000
0!
0+

#2371200
1!
b10 %
1+
b10 /
b1011 0
b111000 2
b10 3
b111001 7

#2374400
0!
0+

#2377600
1!
b1 %
1+
b1 /
b1100 0
b111001 2
b1 3
b111010 7

#2380800
0!
0+

#2384000
1!
b10 %
1+
b10 /
b1101 0
b111010 2
b10 3
b111011 7

#2387200
0!
0+

#2390400
1!
b1 %
1+
b1 /
b1110 0
b111011 2
b1 3
b111100 7

#2393600
0!
0+

#2396800
1!
b11 %
1+
b11 /
b1111 0
b111100 2
b11 3
b101 6
b111100 7

#2400000
0!
0+

#2403200
1!
b1 %
1+
b1 /
b0 0
b101 1
b1 3
b101 6
b111101 7

#2406400
0!
0+

#2409600
1!
b10 %
1+
b10 /
b1 0
b111101 2
b10 3
b111110 7

#2412800
0!
0+

#2416000
1!
b1 %
1+
b1 /
b10 0
b111110 2
b1 3
b111111 7

#2419200
0!
0+

#2422400
1!
b10 %
1+
b10 /
b11 0
b111111 2
b10 3
b1000000 7

#2425600
0!
0+

#2428800
1!
b1 %
1+
b1 /
b100 0
b1000000 2
b1 3
b1000001 7

#2432000
0!
0+

#2435200
1!
b10 %
1+
b10 /
b101 0
b1000001 2
b10 3
b1000010 7

#2438400
0!
0+

#2441600
1!
b1 %
1+
b1 /
b110 0
b1000010 2
b1 3
b1000011 7

#2444800
0!
0+

#2448000
1!
b10 %
1+
b10 /
b111 0
b1000011 2
b10 3
b1000100 7

#2451200
0!
0+

#2454400
1!
b1 %
1+
b1 /
b1000 0
b1000100 2
b1 3
b1000101 7

#2457600
0!
0+

#2460800
1!
b10 %
1+
b10 /
b1001 0
b1000101 2
b10 3
b1000110 7

#2464000
0!
0+

#2467200
1!
b1 %
1+
b1 /
b1010 0
b1000110 2
b1 3
b1000111 7

#2470400
0!
0+

#2473600
1!
b10 %
1+
b10 /
b1011 0
b1000111 2
b10 3
b1001000 7

#2476800
0!
0+

#2480000
1!
b1 %
1+
b1 /
b1100 0
b1001000 2
b1 3
b1001001 7

#2483200
0!
0+

#2486400
1!
b10 %
1+
b10 /
b1101 0
b1001001 2
b10 3
b1001010 7

#2489600
0!
0+

#2492800
1!
b1 %
1+
b1 /
b1110 0
b1001010 2
b1 3
b1001011 7

#2496000
0!
0+

#2499200
1!
b11 %
1+
b11 /
b1111 0
b1001011 2
b11 3
b110 6
b1001011 7

#2502400
0!
0+

#2505600
1!
b1 %
1+
b1 /
b0 0
b110 1
b1 3
b110 6
b1001100 7

#2508800
0!
0+

#2512000
1!
b10 %
1+
b10 /
b1 0
b1001100 2
b10 3
b1001101 7

#2515200
0!
0+

#2518400
1!
b1 %
1+
b1 /
b10 0
b1001101 2
b1 3
b1001110 7

#2521600
0!
0+

#2524800
1!
b10 %
1+
b10 /
b11 0
b1001110 2
b10 3
b1001111 7

#2528000
0!
0+

#2531200
1!
b1 %
1+
b1 /
b100 0
b1001111 2
b1 3
b1010000 7

#2534400
0!
0+

#2537600
1!
b10 %
1+
b10 /
b101 0
b1010000 2
b10 3
b1010001 7

#2540800
0!
0+

#2544000
1!
b1 %
1+
b1 /
b110 0
b1010001 2
b1 3
b1010010 7

#2547200
0!
0+

#2550400
1!
b10 %
1+
b10 /
b111 0
b1010010 2
b10 3
b1010011 7

#2553600
0!
0+

#2556800
1!
b1 %
1+
b1 /
b1000 0
b1010011 2
b1 3
b1010100 7

#2560000
0!
0+

#2563200
1!
b10 %
1+
b10 /
b1001 0
b1010100 2
b10 3
b1010101 7

#2566400
0!
0+

#2569600
1!
b1 %
1+
b1 /
b1010 0
b1010101 2
b1 3
b1010110 7

#2572800
0!
0+

#2576000
1!
b10 %
1+
b10 /
b1011 0
b1010110 2
b10 3
b1010111 7

#2579200
0!
0+

#2582400
1!
b1 %
1+
b1 /
b1100 0
b1010111 2
b1 3
b1011000 7

#2585600
0!
0+

#2588800
1!
b10 %
1+
b10 /
b1101 0
b1011000 2
b10 3
b1011001 7

#2592000
0!
0+

#2595200
1!
b1 %
1+
b1 /
b1110 0
b1011001 2
b1 3
b1011010 7

#2598400
0!
0+

#2601600
1!
b11 %
1+
b11 /
b1111 0
b1011010 2
b11 3
b111 6
b1011010 7

#2604800
0!
0+

#2608000
1!
b1 %
1+
b1 /
b0 0
b111 1
b1 3
b111 6
b1011011 7

#2611200
0!
0+

#2614400
1!
b10 %
1+
b10 /
b1 0
b1011011 2
b10 3
b1011100 7

#2617600
0!
0+

#2620800
1!
b1 %
1+
b1 /
b10 0
b1011100 2
b1 3
b1011101 7

#2624000
0!
0+

#2627200
1!
b10 %
1+
b10 /
b11 0
b1011101 2
b10 3
b1011110 7

#2630400
0!
0+

#2633600
1!
b1 %
1+
b1 /
b100 0
b1011110 2
b1 3
b1011111 7

#2636800
0!
0+

#2640000
1!
b10 %
1+
b10 /
b101 0
b1011111 2
b10 3
b1100000 7

#2643200
0!
0+

#2646400
1!
b1 %
1+
b1 /
b110 0
b1100000 2
b1 3
b1100001 7

#2649600
0!
0+

#2652800
1!
b10 %
1+
b10 /
b111 0
b1100001 2
b10 3
b1100010 7

#2656000
0!
0+

#2659200
1!
b1 %
1+
b1 /
b1000 0
b1100010 2
b1 3
b1100011 7

#2662400
0!
0+

#2665600
1!
b10 %
1+
b10 /
b1001 0
b1100011 2
b10 3
b1100100 7

#2668800
0!
0+

#2672000
1!
b1 %
1+
b1 /
b1010 0
b1100100 2
b1 3
b1100101 7

#2675200
0!
0+

#2678400
1!
b10 %
1+
b10 /
b1011 0
b1100101 2
b10 3
b1100110 7

#2681600
0!
0+

#2684800
1!
b1 %
1+
b1 /
b1100 0
b1100110 2
b1 3
b1100111 7

#2688000
0!
0+

#2691200
1!
b10 %
1+
b10 /
b1101 0
b1100111 2
b10 3
b1101000 7

#2694400
0!
0+

#2697600
1!
b1 %
1+
b1 /
b1110 0
b1101000 2
b1 3
b1101001 7

#2700800
0!
0+

#2704000
1!
b11 %
1+
b11 /
b1111 0
b1101001 2
b11 3
b1000 6
b1101001 7

#2707200
0!
0+

#2710400
1!
b1 %
1+
b1 /
b0 0
b1000 1
b1 3
b1000 6
b1101010 7

#2713600
0!
0+

#2716800
1!
b10 %
1+
b10 /
b1 0
b1101010 2
b10 3
b1101011 7

#2720000
0!
0+

#2723200
1!
b1 %
1+
b1 /
b10 0
b1101011 2
b1 3
b1101100 7

#2726400
0!
0+

#2729600
1!
b10 %
1+
b10 /
b11 0
b1101100 2
b10 3
b1101101 7

#2732800
0!
0+

#2736000
1!
b1 %
1+
b1 /
b100 0
b1101101 2
b1 3
b1101110 7

#2739200
0!
0+

#2742400
1!
b10 %
1+
b10 /
b101 0
b1101110 2
b10 3
b1101111 7

#2745600
0!
0+

#2748800
1!
b1 %
1+
b1 /
b110 0
b1101111 2
b1 3
b1110000 7

#2752000
0!
0+

#2755200
1!
b10 %
1+
b10 /
b111 0
b1110000 2
b10 3
b1110001 7

#2758400
0!
0+

#2761600
1!
b1 %
1+
b1 /
b1000 0
b1110001 2
b1 3
b1110010 7

#2764800
0!
0+

#2768000
1!
b10 %
1+
b10 /
b1001 0
b1110010 2
b10 3
b1110011 7

#2771200
0!
0+

#2774400
1!
b1 %
1+
b1 /
b1010 0
b1110011 2
b1 3
b1110100 7

#2777600
0!
0+

#2780800
1!
b10 %
1+
b10 /
b1011 0
b1110100 2
b10 3
b1110101 7

#2784000
0!
0+

#2787200
1!
b1 %
1+
b1 /
b1100 0
b1110101 2
b1 3
b1110110 7

#2790400
0!
0+

#2793600
1!
b10 %
1+
b10 /
b1101 0
b1110110 2
b10 3
b1110111 7

#2796800
0!
0+

#2800000
1!
b1 %
1+
b1 /
b1110 0
b1110111 2
b1 3
b1111000 7

#2803200
0!
0+

#2806400
1!
b11 %
1+
b11 /
b1111 0
b1111000 2
b11 3
b1001 6
b1111000 7

#2809600
0!
0+

#2812800
1!
b1 %
1+
b1 /
b0 0
b1001 1
b1 3
b1001 6
b1111001 7

#2816000
0!
0+

#2819200
1!
b10 %
1+
b10 /
b1 0
b1111001 2
b10 3
b1111010 7

#2822400
0!
0+

#2825600
1!
b1 %
1+
b1 /
b10 0
b1111010 2
b1 3
b1111011 7

#2828800
0!
0+

#2832000
1!
b10 %
1+
b10 /
b11 0
b1111011 2
b10 3
b1111100 7

#2835200
0!
0+

#2838400
1!
b1 %
1+
b1 /
b100 0
b1111100 2
b1 3
b1111101 7

#2841600
0!
0+

#2844800
1!
b10 %
1+
b10 /
b101 0
b1111101 2
b10 3
b1111110 7

#2848000
0!
0+

#2851200
1!
b1 %
1+
b1 /
b110 0
b1111110 2
b1 3
b1111111 7

#2854400
0!
0+

#2857600
1!
b10 %
1+
b10 /
b111 0
b1111111 2
b10 3
b10000000 7

#2860800
0!
0+

#2864000
1!
b1 %
1+
b1 /
b1000 0
b10000000 2
b1 3
b10000001 7

#2867200
0!
0+

#2870400
1!
b10 %
1+
b10 /
b1001 0
b10000001 2
b10 3
b10000010 7

#2873600
0!
0+

#2876800
1!
b1 %
1+
b1 /
b1010 0
b10000010 2
b1 3
b10000011 7

#2880000
0!
0+

#2883200
1!
b10 %
1+
b10 /
b1011 0
b10000011 2
b10 3
b10000100 7

#2886400
0!
0+

#2889600
1!
b1 %
1+
b1 /
b1100 0
b10000100 2
b1 3
b10000101 7

#2892800
0!
0+

#2896000
1!
b10 %
1+
b10 /
b1101 0
b10000101 2
b10 3
b10000110 7

#2899200
0!
0+

#2902400
1!
b1 %
1+
b1 /
b1110 0
b10000110 2
b1 3
b10000111 7

#2905600
0!
0+

#2908800
1!
b11 %
1+
b11 /
b1111 0
b10000111 2
b11 3
b1010 6
b10000111 7

#2912000
0!
0+

#2915200
1!
b1 %
1+
b1 /
b0 0
b1010 1
b1 3
b1010 6
b10001000 7

#2918400
0!
0+

#2921600
1!
b10 %
1+
b10 /
b1 0
b10001000 2
b10 3
b10001001 7

#2924800
0!
0+

#2928000
1!
b1 %
1+
b1 /
b10 0
b10001001 2
b1 3
b10001010 7

#2931200
0!
0+

#2934400
1!
b10 %
1+
b10 /
b11 0
b10001010 2
b10 3
b10001011 7

#2937600
0!
0+

#2940800
1!
b1 %
1+
b1 /
b100 0
b10001011 2
b1 3
b10001100 7

#2944000
0!
0+

#2947200
1!
b10 %
1+
b10 /
b101 0
b10001100 2
b10 3
b10001101 7

#2950400
0!
0+

#2953600
1!
b1 %
1+
b1 /
b110 0
b10001101 2
b1 3
b10001110 7

#2956800
0!
0+

#2960000
1!
b10 %
1+
b10 /
b111 0
b10001110 2
b10 3
b10001111 7

#2963200
0!
0+

#2966400
1!
b1 %
1+
b1 /
b1000 0
b10001111 2
b1 3
b10010000 7

#2969600
0!
0+

#2972800
1!
b10 %
1+
b10 /
b1001 0
b10010000 2
b10 3
b10010001 7

#2976000
0!
0+

#2979200
1!
b1 %
1+
b1 /
b1010 0
b10010001 2
b1 3
b10010010 7

#2982400
0!
0+

#2985600
1!
b10 %
1+
b10 /
b1011 0
b10010010 2
b10 3
b10010011 7

#2988800
0!
0+

#2992000
1!
b1 %
1+
b1 /
b1100 0
b10010011 2
b1 3
b10010100 7

#2995200
0!
0+

#2998400
1!
b10 %
1+
b10 /
b1101 0
b10010100 2
b10 3
b10010101 7

#3001600
0!
0+

#3004800
1!
b1 %
1+
b1 /
b1110 0
b10010101 2
b1 3
b10010110 7

#3008000
0!
0+

#3011200
1!
b11 %
1+
b11 /
b1111 0
b10010110 2
b11 3
b1011 6
b10010110 7

#3014400
0!
0+

#3017600
1!
b1 %
1+
b1 /
b0 0
b1011 1
b1 3
b1011 6
b10010111 7

#3020800
0!
0+

#3024000
1!
b10 %
1+
b10 /
b1 0
b10010111 2
b10 3
b10011000 7

#3027200
0!
0+

#3030400
1!
b1 %
1+
b1 /
b10 0
b10011000 2
b1 3
b10011001 7

#3033600
0!
0+

#3036800
1!
b10 %
1+
b10 /
b11 0
b10011001 2
b10 3
b10011010 7

#3040000
0!
0+

#3043200
1!
b1 %
1+
b1 /
b100 0
b10011010 2
b1 3
b10011011 7

#3046400
0!
0+

#3049600
1!
b10 %
1+
b10 /
b101 0
b10011011 2
b10 3
b10011100 7

#3052800
0!
0+

#3056000
1!
b1 %
1+
b1 /
b110 0
b10011100 2
b1 3
b10011101 7

#3059200
0!
0+

#3062400
1!
b10 %
1+
b10 /
b111 0
b10011101 2
b10 3
b10011110 7

#3065600
0!
0+

#3068800
1!
b1 %
1+
b1 /
b1000 0
b10011110 2
b1 3
b10011111 7

#3072000
0!
0+

#3075200
1!
b10 %
1+
b10 /
b1001 0
b10011111 2
b10 3
b10100000 7

#3078400
0!
0+

#3081600
1!
b1 %
1+
b1 /
b1010 0
b10100000 2
b1 3
b10100001 7

#3084800
0!
0+

#3088000
1!
b10 %
1+
b10 /
b1011 0
b10100001 2
b10 3
b10100010 7

#3091200
0!
0+

#3094400
1!
b1 %
1+
b1 /
b1100 0
b10100010 2
b1 3
b10100011 7

#3097600
0!
0+

#3100800
1!
b10 %
1+
b10 /
b1101 0
b10100011 2
b10 3
b10100100 7

#3104000
0!
0+

#3107200
1!
b1 %
1+
b1 /
b1110 0
b10100100 2
b1 3
b10100101 7

#3110400
0!
0+

#3113600
1!
b11 %
1+
b11 /
b1111 0
b10100101 2
b11 3
b1100 6
b10100101 7

#3116800
0!
0+

#3120000
1!
b1 %
1+
b1 /
b0 0
b1100 1
b1 3
b1100 6
b10100110 7

#3123200
0!
0+

#3126400
1!
b10 %
1+
b10 /
b1 0
b10100110 2
b10 3
b10100111 7

#3129600
0!
0+

#3132800
1!
b1 %
1+
b1 /
b10 0
b10100111 2
b1 3
b10101000 7

#3136000
0!
0+

#3139200
1!
b10 %
1+
b10 /
b11 0
b10101000 2
b10 3
b10101001 7

#3142400
0!
0+

#3145600
1!
b1 %
1+
b1 /
b100 0
b10101001 2
b1 3
b10101010 7

#3148800
0!
0+

#3152000
1!
b10 %
1+
b10 /
b101 0
b10101010 2
b10 3
b10101011 7

#3155200
0!
0+

#3158400
1!
b1 %
1+
b1 /
b110 0
b10101011 2
b1 3
b10101100 7

#3161600
0!
0+

#3164800
1!
b10 %
1+
b10 /
b111 0
b10101100 2
b10 3
b10101101 7

#3168000
0!
0+

#3171200
1!
b1 %
1+
b1 /
b1000 0
b10101101 2
b1 3
b10101110 7

#3174400
0!
0+

#3177600
1!
b10 %
1+
b10 /
b1001 0
b10101110 2
b10 3
b10101111 7

#3180800
0!
0+

#3184000
1!
b1 %
1+
b1 /
b1010 0
b10101111 2
b1 3
b10110000 7

#3187200
0!
0+

#3190400
1!
b10 %
1+
b10 /
b1011 0
b10110000 2
b10 3
b10110001 7

#3193600
0!
0+

#3196800
1!
b1 %
1+
b1 /
b1100 0
b10110001 2
b1 3
b10110010 7

#3200000
0!
0+

#3203200
1!
b10 %
1+
b10 /
b1101 0
b10110010 2
b10 3
b10110011 7

#3206400
0!
0+

#3209600
1!
b1 %
1+
b1 /
b1110 0
b10110011 2
b1 3
b10110100 7

#3212800
0!
0+

#3216000
1!
b11 %
1+
b11 /
b1111 0
b10110100 2
b11 3
b1101 6
b10110100 7

#3219200
0!
0+

#3222400
1!
b1 %
1+
b1 /
b0 0
b1101 1
b1 3
b1101 6
b10110101 7

#3225600
0!
0+

#3228800
1!
b10 %
1+
b10 /
b1 0
b10110101 2
b10 3
b10110110 7

#3232000
0!
0+

#3235200
1!
b1 %
1+
b1 /
b10 0
b10110110 2
b1 3
b10110111 7

#3238400
0!
0+

#3241600
1!
b10 %
1+
b10 /
b11 0
b10110111 2
b10 3
b10111000 7

#3244800
0!
0+

#3248000
1!
b1 %
1+
b1 /
b100 0
b10111000 2
b1 3
b10111001 7

#3251200
0!
0+

#3254400
1!
b10 %
1+
b10 /
b101 0
b10111001 2
b10 3
b10111010 7

#3257600
0!
0+

#3260800
1!
b1 %
1+
b1 /
b110 0
b10111010 2
b1 3
b10111011 7

#3264000
0!
0+

#3267200
1!
b10 %
1+
b10 /
b111 0
b10111011 2
b10 3
b10111100 7

#3270400
0!
0+

#3273600
1!
b1 %
1+
b1 /
b1000 0
b10111100 2
b1 3
b10111101 7

#3276800
0!
0+

#3280000
1!
b10 %
1+
b10 /
b1001 0
b10111101 2
b10 3
b10111110 7

#3283200
0!
0+

#3286400
1!
b1 %
1+
b1 /
b1010 0
b10111110 2
b1 3
b10111111 7

#3289600
0!
0+

#3292800
1!
b10 %
1+
b10 /
b1011 0
b10111111 2
b10 3
b11000000 7

#3296000
0!
0+

#3299200
1!
b1 %
1+
b1 /
b1100 0
b11000000 2
b1 3
b11000001 7

#3302400
0!
0+

#3305600
1!
b10 %
1+
b10 /
b1101 0
b11000001 2
b10 3
b11000010 7

#3308800
0!
0+

#3312000
1!
b1 %
1+
b1 /
b1110 0
b11000010 2
b1 3
b11000011 7

#3315200
0!
0+

#3318400
1!
b11 %
1+
b11 /
b1111 0
b11000011 2
b11 3
b1110 6
b11000011 7

#3321600
0!
0+

#3324800
1!
b1 %
1+
b1 /
b0 0
b1110 1
b1 3
b1110 6
b11000100 7

#3328000
0!
0+

#3331200
1!
b10 %
1+
b10 /
b1 0
b11000100 2
b10 3
b11000101 7

#3334400
0!
0+

#3337600
1!
b1 %
1+
b1 /
b10 0
b11000101 2
b1 3
b11000110 7

#3340800
0!
0+

#3344000
1!
b10 %
1+
b10 /
b11 0
b11000110 2
b10 3
b11000111 7

#3347200
0!
0+

#3350400
1!
b1 %
1+
b1 /
b100 0
b11000111 2
b1 3
b11001000 7

#3353600
0!
0+

#3356800
1!
b10 %
1+
b10 /
b101 0
b11001000 2
b10 3
b11001001 7

#3360000
0!
0+

#3363200
1!
b1 %
1+
b1 /
b110 0
b11001001 2
b1 3
b11001010 7

#3366400
0!
0+

#3369600
1!
b10 %
1+
b10 /
b111 0
b11001010 2
b10 3
b11001011 7

#3372800
0!
0+

#3376000
1!
b1 %
1+
b1 /
b1000 0
b11001011 2
b1 3
b11001100 7

#3379200
0!
0+

#3382400
1!
b10 %
1+
b10 /
b1001 0
b11001100 2
b10 3
b11001101 7

#3385600
0!
0+

#3388800
1!
b1 %
1+
b1 /
b1010 0
b11001101 2
b1 3
b11001110 7

#3392000
0!
0+

#3395200
1!
b10 %
1+
b10 /
b1011 0
b11001110 2
b10 3
b11001111 7

#3398400
0!
0+

#3401600
1!
b1 %
1+
b1 /
b1100 0
b11001111 2
b1 3
b11010000 7

#3404800
0!
0+

#3408000
1!
b10 %
1+
b10 /
b1101 0
b11010000 2
b10 3
b11010001 7

#3411200
0!
0+

#3414400
1!
b1 %
1+
b1 /
b1110 0
b11010001 2
b1 3
b11010010 7

#3417600
0!
0+

#3420800
1!
b11 %
1+
b11 /
b1111 0
b11010010 2
b11 3
b1111 6
b11010010 7

#3424000
0!
0+

#3427200
1!
b1 %
1+
b1 /
b0 0
b1111 1
b1 3
b1111 6
b11010011 7

#3430400
0!
0+

#3433600
1!
b10 %
1+
b10 /
b1 0
b11010011 2
b10 3
b11010100 7

#3436800
0!
0+

#3440000
1!
b1 %
1+
b1 /
b10 0
b11010100 2
b1 3
b11010101 7

#3443200
0!
0+

#3446400
1!
b10 %
1+
b10 /
b11 0
b11010101 2
b10 3
b11010110 7

#3449600
0!
0+

#3452800
1!
b1 %
1+
b1 /
b100 0
b11010110 2
b1 3
b11010111 7

#3456000
0!
0+

#3459200
1!
b10 %
1+
b10 /
b101 0
b11010111 2
b10 3
b11011000 7

#3462400
0!
0+

#3465600
1!
b1 %
1+
b1 /
b110 0
b11011000 2
b1 3
b11011001 7

#3468800
0!
0+

#3472000
1!
b10 %
1+
b10 /
b111 0
b11011001 2
b10 3
b11011010 7

#3475200
0!
0+

#3478400
1!
b1 %
1+
b1 /
b1000 0
b11011010 2
b1 3
b11011011 7

#3481600
0!
0+

#3484800
1!
b10 %
1+
b10 /
b1001 0
b11011011 2
b10 3
b11011100 7

#3488000
0!
0+

#3491200
1!
b1 %
1+
b1 /
b1010 0
b11011100 2
b1 3
b11011101 7

#3494400
0!
0+

#3497600
1!
b10 %
1+
b10 /
b1011 0
b11011101 2
b10 3
b11011110 7

#3500800
0!
0+

#3504000
1!
b1 %
1+
b1 /
b1100 0
b11011110 2
b1 3
b11011111 7

#3507200
0!
0+

#3510400
1!
b10 %
1+
b10 /
b1101 0
b11011111 2
b10 3
b11100000 7

#3513600
0!
0+

#3516800
1!
b1 %
1+
b1 /
b1110 0
b11100000 2
b1 3
b11100001 7

#3520000
0!
0+

#3523200
1!
b11 %
1+
b11 /
b1111 0
b11100001 2
b11 3
b10000 6
b11100001 7

#3526400
0!
0+

#3529600
1!
b1 %
1+
b1 /
b0 0
b10000 1
b1 3
b10000 6
b11100010 7

#3532800
0!
0+

#3536000
1!
b10 %
1+
b10 /
b1 0
b11100010 2
b10 3
b11100011 7

#3539200
0!
0+

#3542400
1!
b1 %
1+
b1 /
b10 0
b11100011 2
b1 3
b11100100 7

#3545600
0!
0+

#3548800
1!
b10 %
1+
b10 /
b11 0
b11100100 2
b10 3
b11100101 7

#3552000
0!
0+

#3555200
1!
b1 %
1+
b1 /
b100 0
b11100101 2
b1 3
b11100110 7

#3558400
0!
0+

#3561600
1!
b10 %
1+
b10 /
b101 0
b11100110 2
b10 3
b11100111 7

#3564800
0!
0+

#3568000
1!
b1 %
1+
b1 /
b110 0
b11100111 2
b1 3
b11101000 7

#3571200
0!
0+

#3574400
1!
b10 %
1+
b10 /
b111 0
b11101000 2
b10 3
b11101001 7

#3577600
0!
0+

#3580800
1!
b1 %
1+
b1 /
b1000 0
b11101001 2
b1 3
b11101010 7

#3584000
0!
0+

#3587200
1!
b10 %
1+
b10 /
b1001 0
b11101010 2
b10 3
b11101011 7

#3590400
0!
0+

#3593600
1!
b1 %
1+
b1 /
b1010 0
b11101011 2
b1 3
b11101100 7

#3596800
0!
0+

#3600000
1!
b10 %
1+
b10 /
b1011 0
b11101100 2
b10 3
b11101101 7

#3603200
0!
0+

#3606400
1!
b1 %
1+
b1 /
b1100 0
b11101101 2
b1 3
b11101110 7

#3609600
0!
0+

#3612800
1!
b10 %
1+
b10 /
b1101 0
b11101110 2
b10 3
b11101111 7

#3616000
0!
0+

#3619200
1!
b1 %
1+
b1 /
b1110 0
b11101111 2
b1 3
b11110000 7

#3622400
0!
0+

#3625600
1!
b11 %
1+
b11 /
b1111 0
b11110000 2
b11 3
b10001 6
b11110000 7

#3628800
0!
0+

#3632000
1!
b1 %
1+
b1 /
b0 0
b10001 1
b1 3
b10001 6
b11110001 7

#3635200
0!
0+

#3638400
1!
b10 %
1+
b10 /
b1 0
b11110001 2
b10 3
b11110010 7

#3641600
0!
0+

#3644800
1!
b1 %
1+
b1 /
b10 0
b11110010 2
b1 3
b11110011 7

#3648000
0!
0+

#3651200
1!
b10 %
1+
b10 /
b11 0
b11110011 2
b10 3
b11110100 7

#3654400
0!
0+

#3657600
1!
b1 %
1+
b1 /
b100 0
b11110100 2
b1 3
b11110101 7

#3660800
0!
0+

#3664000
1!
b10 %
1+
b10 /
b101 0
b11110101 2
b10 3
b11110110 7

#3667200
0!
0+

#3670400
1!
b1 %
1+
b1 /
b110 0
b11110110 2
b1 3
b11110111 7

#3673600
0!
0+

#3676800
1!
b10 %
1+
b10 /
b111 0
b11110111 2
b10 3
b11111000 7

#3680000
0!
0+

#3683200
1!
b1 %
1+
b1 /
b1000 0
b11111000 2
b1 3
b11111001 7

#3686400
0!
0+

#3689600
1!
b10 %
1+
b10 /
b1001 0
b11111001 2
b10 3
b11111010 7

#3692800
0!
0+

#3696000
1!
b1 %
1+
b1 /
b1010 0
b11111010 2
b1 3
b11111011 7

#3699200
0!
0+

#3702400
1!
b10 %
1+
b10 /
b1011 0
b11111011 2
b10 3
b11111100 7

#3705600
0!
0+

#3708800
1!
b1 %
1+
b1 /
b1100 0
b11111100 2
b1 3
b11111101 7

#3712000
0!
0+

#3715200
1!
b10 %
1+
b10 /
b1101 0
b11111101 2
b10 3
b11111110 7

#3718400
0!
0+

#3721600
1!
b1 %
1+
b1 /
b1110 0
b11111110 2
b1 3
b11111111 7

#3724800
0!
0+

#3728000
1!
b11 %
1+
b11 /
b1111 0
b11111111 2
b11 3
b10010 6
b11111111 7

#3731200
0!
0+

#3734400
1!
b1 %
1+
b1 /
b0 0
b10010 1
b1 3
b10010 6
b100000000 7

#3737600
0!
0+

#3740800
1!
b10 %
1+
b10 /
b1 0
b100000000 2
b10 3
b100000001 7

#3744000
0!
0+

#3747200
1!
b1 %
1+
b1 /
b10 0
b100000001 2
b1 3
b100000010 7

#3750400
0!
0+

#3753600
1!
b10 %
1+
b10 /
b11 0
b100000010 2
b10 3
b100000011 7

#3756800
0!
0+

#3760000
1!
b1 %
1+
b1 /
b100 0
b100000011 2
b1 3
b100000100 7

#3763200
0!
0+

#3766400
1!
b10 %
1+
b10 /
b101 0
b100000100 2
b10 3
b100000101 7

#3769600
0!
0+

#3772800
1!
b1 %
1+
b1 /
b110 0
b100000101 2
b1 3
b100000110 7

#3776000
0!
0+

#3779200
1!
b10 %
1+
b10 /
b111 0
b100000110 2
b10 3
b100000111 7

#3782400
0!
0+

#3785600
1!
b1 %
1+
b1 /
b1000 0
b100000111 2
b1 3
b100001000 7

#3788800
0!
0+

#3792000
1!
b10 %
1+
b10 /
b1001 0
b100001000 2
b10 3
b100001001 7

#3795200
0!
0+

#3798400
1!
b1 %
1+
b1 /
b1010 0
b100001001 2
b1 3
b100001010 7

#3801600
0!
0+

#3804800
1!
b10 %
1+
b10 /
b1011 0
b100001010 2
b10 3
b100001011 7

#3808000
0!
0+

#3811200
1!
b1 %
1+
b1 /
b1100 0
b100001011 2
b1 3
b100001100 7

#3814400
0!
0+

#3817600
1!
b10 %
1+
b10 /
b1101 0
b100001100 2
b10 3
b100001101 7

#3820800
0!
0+

#3824000
1!
b1 %
1+
b1 /
b1110 0
b100001101 2
b1 3
b100001110 7

#3827200
0!
0+

#3830400
1!
b11 %
1+
b11 /
b1111 0
b100001110 2
b11 3
b10011 6
b100001110 7

#3833600
0!
0+

#3836800
1!
b1 %
1+
b1 /
b0 0
b10011 1
b1 3
b10011 6
b100001111 7

#3840000
0!
0+

#3843200
1!
b10 %
1+
b10 /
b1 0
b100001111 2
b10 3
b100010000 7

#3846400
0!
0+

#3849600
1!
b1 %
1+
b1 /
b10 0
b100010000 2
b1 3
b100010001 7

#3852800
0!
0+

#3856000
1!
b10 %
1+
b10 /
b11 0
b100010001 2
b10 3
b100010010 7

#3859200
0!
0+

#3862400
1!
b1 %
1+
b1 /
b100 0
b100010010 2
b1 3
b100010011 7

#3865600
0!
0+

#3868800
1!
b10 %
1+
b10 /
b101 0
b100010011 2
b10 3
b100010100 7

#3872000
0!
0+

#3875200
1!
b1 %
1+
b1 /
b110 0
b100010100 2
b1 3
b100010101 7

#3878400
0!
0+

#3881600
1!
b10 %
1+
b10 /
b111 0
b100010101 2
b10 3
b100010110 7

#3884800
0!
0+

#3888000
1!
b1 %
1+
b1 /
b1000 0
b100010110 2
b1 3
b100010111 7

#3891200
0!
0+

#3894400
1!
b10 %
1+
b10 /
b1001 0
b100010111 2
b10 3
b100011000 7

#3897600
0!
0+

#3900800
1!
b1 %
1+
b1 /
b1010 0
b100011000 2
b1 3
b100011001 7

#3904000
0!
0+

#3907200
1!
b10 %
1+
b10 /
b1011 0
b100011001 2
b10 3
b100011010 7

#3910400
0!
0+

#3913600
1!
b1 %
1+
b1 /
b1100 0
b100011010 2
b1 3
b100011011 7

#3916800
0!
0+

#3920000
1!
b10 %
1+
b10 /
b1101 0
b100011011 2
b10 3
b100011100 7

#3923200
0!
0+

#3926400
1!
b1 %
1+
b1 /
b1110 0
b100011100 2
b1 3
b100011101 7

#3929600
0!
0+

#3932800
1!
b11 %
1+
b11 /
b1111 0
b100011101 2
b11 3
b10100 6
b100011101 7

#3936000
0!
0+

#3939200
1!
b1 %
1+
b1 /
b0 0
b10100 1
b1 3
b10100 6
b100011110 7

#3942400
0!
0+

#3945600
1!
b10 %
1+
b10 /
b1 0
b100011110 2
b10 3
b100011111 7

#3948800
0!
0+

#3952000
1!
b1 %
1+
b1 /
b10 0
b100011111 2
b1 3
b100100000 7

#3955200
0!
0+

#3958400
1!
b10 %
1+
b10 /
b11 0
b100100000 2
b10 3
b100100001 7

#3961600
0!
0+

#3964800
1!
b1 %
1+
b1 /
b100 0
b100100001 2
b1 3
b100100010 7

#3968000
0!
0+

#3971200
1!
b10 %
1+
b10 /
b101 0
b100100010 2
b10 3
b100100011 7

#3974400
0!
0+

#3977600
1!
b1 %
1+
b1 /
b110 0
b100100011 2
b1 3
b100100100 7

#3980800
0!
0+

#3984000
1!
b10 %
1+
b10 /
b111 0
b100100100 2
b10 3
b100100101 7

#3987200
0!
0+

#3990400
1!
b1 %
1+
b1 /
b1000 0
b100100101 2
b1 3
b100100110 7

#3993600
0!
0+

#3996800
1!
b10 %
1+
b10 /
b1001 0
b100100110 2
b10 3
b100100111 7

#4000000
0!
0+

#4003200
1!
b1 %
1+
b1 /
b1010 0
b100100111 2
b1 3
b100101000 7

#4006400
0!
0+

#4009600
1!
b10 %
1+
b10 /
b1011 0
b100101000 2
b10 3
b100101001 7

#4012800
0!
0+

#4016000
1!
b1 %
1+
b1 /
b1100 0
b100101001 2
b1 3
b100101010 7

#4019200
0!
0+

#4022400
1!
b10 %
1+
b10 /
b1101 0
b100101010 2
b10 3
b100101011 7

#4025600
0!
0+

#4028800
1!
b1 %
1+
b1 /
b1110 0
b100101011 2
b1 3
b100101100 7

#4032000
0!
0+

#4035200
1!
b11 %
1+
b11 /
b1111 0
b100101100 2
b11 3
b10101 6
b100101100 7

#4038400
0!
0+

#4041600
1!
b1 %
1+
b1 /
b0 0
b10101 1
b1 3
b10101 6
b100101101 7

#4044800
0!
0+

#4048000
1!
b10 %
1+
b10 /
b1 0
b100101101 2
b10 3
b100101110 7

#4051200
0!
0+

#4054400
1!
b1 %
1+
b1 /
b10 0
b100101110 2
b1 3
b100101111 7

#4057600
0!
0+

#4060800
1!
b10 %
1+
b10 /
b11 0
b100101111 2
b10 3
b100110000 7

#4064000
0!
0+

#4067200
1!
b1 %
1+
b1 /
b100 0
b100110000 2
b1 3
b100110001 7

#4070400
0!
0+

#4073600
1!
b10 %
1+
b10 /
b101 0
b100110001 2
b10 3
b100110010 7

#4076800
0!
0+

#4080000
1!
b1 %
1+
b1 /
b110 0
b100110010 2
b1 3
b100110011 7

#4083200
0!
0+

#4086400
1!
b10 %
1+
b10 /
b111 0
b100110011 2
b10 3
b100110100 7

#4089600
0!
0+

#4092800
1!
b1 %
1+
b1 /
b1000 0
b100110100 2
b1 3
b100110101 7

#4096000
0!
0+

#4099200
1!
b10 %
1+
b10 /
b1001 0
b100110101 2
b10 3
b100110110 7

#4102400
0!
0+

#4105600
1!
b1 %
1+
b1 /
b1010 0
b100110110 2
b1 3
b100110111 7

#4108800
0!
0+

#4112000
1!
b10 %
1+
b10 /
b1011 0
b100110111 2
b10 3
b100111000 7

#4115200
0!
0+

#4118400
1!
b1 %
1+
b1 /
b1100 0
b100111000 2
b1 3
b100111001 7

#4121600
0!
0+

#4124800
1!
b10 %
1+
b10 /
b1101 0
b100111001 2
b10 3
b100111010 7

#4128000
0!
0+

#4131200
1!
b1 %
1+
b1 /
b1110 0
b100111010 2
b1 3
b100111011 7

#4134400
0!
0+

#4137600
1!
b11 %
1+
b11 /
b1111 0
b100111011 2
b11 3
b10110 6
b100111011 7

#4140800
0!
0+

#4144000
1!
b1 %
1+
b1 /
b0 0
b10110 1
b1 3
b10110 6
b100111100 7

#4147200
0!
0+

#4150400
1!
b10 %
1+
b10 /
b1 0
b100111100 2
b10 3
b100111101 7

#4153600
0!
0+

#4156800
1!
b1 %
1+
b1 /
b10 0
b100111101 2
b1 3
b100111110 7

#4160000
0!
0+

#4163200
1!
b10 %
1+
b10 /
b11 0
b100111110 2
b10 3
b100111111 7

#4166400
0!
0+

#4169600
1!
b1 %
1+
b1 /
b100 0
b100111111 2
b1 3
b101000000 7

#4172800
0!
0+

#4176000
1!
b10 %
1+
b10 /
b101 0
b101000000 2
b10 3
b101000001 7

#4179200
0!
0+

#4182400
1!
b1 %
1+
b1 /
b110 0
b101000001 2
b1 3
b101000010 7

#4185600
0!
0+

#4188800
1!
b10 %
1+
b10 /
b111 0
b101000010 2
b10 3
b101000011 7

#4192000
0!
0+

#4195200
1!
b1 %
1+
b1 /
b1000 0
b101000011 2
b1 3
b101000100 7

#4198400
0!
0+

#4201600
1!
b10 %
1+
b10 /
b1001 0
b101000100 2
b10 3
b101000101 7

#4204800
0!
0+

#4208000
1!
b1 %
1+
b1 /
b1010 0
b101000101 2
b1 3
b101000110 7

#4211200
0!
0+

#4214400
1!
b10 %
1+
b10 /
b1011 0
b101000110 2
b10 3
b101000111 7

#4217600
0!
0+

#4220800
1!
b1 %
1+
b1 /
b1100 0
b101000111 2
b1 3
b101001000 7

#4224000
0!
0+

#4227200
1!
b10 %
1+
b10 /
b1101 0
b101001000 2
b10 3
b101001001 7

#4230400
0!
0+

#4233600
1!
b1 %
1+
b1 /
b1110 0
b101001001 2
b1 3
b101001010 7

#4236800
0!
0+

#4240000
1!
b11 %
1+
b11 /
b1111 0
b101001010 2
b11 3
b10111 6
b101001010 7

#4243200
0!
0+

#4246400
1!
b1 %
1+
b1 /
b0 0
b10111 1
b1 3
b10111 6
b101001011 7

#4249600
0!
0+

#4252800
1!
b10 %
1+
b10 /
b1 0
b101001011 2
b10 3
b101001100 7

#4256000
0!
0+

#4259200
1!
b1 %
1+
b1 /
b10 0
b101001100 2
b1 3
b101001101 7

#4262400
0!
0+

#4265600
1!
b10 %
1+
b10 /
b11 0
b101001101 2
b10 3
b101001110 7

#4268800
0!
0+

#4272000
1!
b1 %
1+
b1 /
b100 0
b101001110 2
b1 3
b101001111 7

#4275200
0!
0+

#4278400
1!
b10 %
1+
b10 /
b101 0
b101001111 2
b10 3
b101010000 7

#4281600
0!
0+

#4284800
1!
b1 %
1+
b1 /
b110 0
b101010000 2
b1 3
b101010001 7

#4288000
0!
0+

#4291200
1!
b10 %
1+
b10 /
b111 0
b101010001 2
b10 3
b101010010 7

#4294400
0!
0+

#4297600
1!
b1 %
1+
b1 /
b1000 0
b101010010 2
b1 3
b101010011 7

#4300800
0!
0+

#4304000
1!
b10 %
1+
b10 /
b1001 0
b101010011 2
b10 3
b101010100 7

#4307200
0!
0+

#4310400
1!
b1 %
1+
b1 /
b1010 0
b101010100 2
b1 3
b101010101 7

#4313600
0!
0+

#4316800
1!
b10 %
1+
b10 /
b1011 0
b101010101 2
b10 3
b101010110 7

#4320000
0!
0+

#4323200
1!
b1 %
1+
b1 /
b1100 0
b101010110 2
b1 3
b101010111 7

#4326400
0!
0+

#4329600
1!
b10 %
1+
b10 /
b1101 0
b101010111 2
b10 3
b101011000 7

#4332800
0!
0+

#4336000
1!
b1 %
1+
b1 /
b1110 0
b101011000 2
b1 3
b101011001 7

#4339200
0!
0+

#4342400
1!
b11 %
1+
b11 /
b1111 0
b101011001 2
b11 3
b11000 6
b101011001 7

#4345600
0!
0+

#4348800
1!
b1 %
1+
b1 /
b0 0
b11000 1
b1 3
b11000 6
b101011010 7

#4352000
0!
0+

#4355200
1!
b10 %
1+
b10 /
b1 0
b101011010 2
b10 3
b101011011 7

#4358400
0!
0+

#4361600
1!
b1 %
1+
b1 /
b10 0
b101011011 2
b1 3
b101011100 7

#4364800
0!
0+

#4368000
1!
b10 %
1+
b10 /
b11 0
b101011100 2
b10 3
b101011101 7

#4371200
0!
0+

#4374400
1!
b1 %
1+
b1 /
b100 0
b101011101 2
b1 3
b101011110 7

#4377600
0!
0+

#4380800
1!
b10 %
1+
b10 /
b101 0
b101011110 2
b10 3
b101011111 7

#4384000
0!
0+

#4387200
1!
b1 %
1+
b1 /
b110 0
b101011111 2
b1 3
b101100000 7

#4390400
0!
0+

#4393600
1!
b10 %
1+
b10 /
b111 0
b101100000 2
b10 3
b101100001 7

#4396800
0!
0+

#4400000
1!
b1 %
1+
b1 /
b1000 0
b101100001 2
b1 3
b101100010 7

#4403200
0!
0+

#4406400
1!
b10 %
1+
b10 /
b1001 0
b101100010 2
b10 3
b101100011 7

#4409600
0!
0+

#4412800
1!
b1 %
1+
b1 /
b1010 0
b101100011 2
b1 3
b101100100 7

#4416000
0!
0+

#4419200
1!
b10 %
1+
b10 /
b1011 0
b101100100 2
b10 3
b101100101 7

#4422400
0!
0+

#4425600
1!
b1 %
1+
b1 /
b1100 0
b101100101 2
b1 3
b101100110 7

#4428800
0!
0+

#4432000
1!
b10 %
1+
b10 /
b1101 0
b101100110 2
b10 3
b101100111 7

#4435200
0!
0+

#4438400
1!
b1 %
1+
b1 /
b1110 0
b101100111 2
b1 3
b101101000 7

#4441600
0!
0+

#4444800
1!
b11 %
1+
b11 /
b1111 0
b101101000 2
b11 3
b11001 6
b101101000 7

#4448000
0!
0+

#4451200
1!
b1 %
1+
b1 /
b0 0
b11001 1
b1 3
b11001 6
b101101001 7

#4454400
0!
0+

#4457600
1!
b10 %
1+
b10 /
b1 0
b101101001 2
b10 3
b101101010 7

#4460800
0!
0+

#4464000
1!
b1 %
1+
b1 /
b10 0
b101101010 2
b1 3
b101101011 7

#4467200
0!
0+

#4470400
1!
b10 %
1+
b10 /
b11 0
b101101011 2
b10 3
b101101100 7

#4473600
0!
0+

#4476800
1!
b1 %
1+
b1 /
b100 0
b101101100 2
b1 3
b101101101 7

#4480000
0!
0+

#4483200
1!
b10 %
1+
b10 /
b101 0
b101101101 2
b10 3
b101101110 7

#4486400
0!
0+

#4489600
1!
b1 %
1+
b1 /
b110 0
b101101110 2
b1 3
b101101111 7

#4492800
0!
0+

#4496000
1!
b10 %
1+
b10 /
b111 0
b101101111 2
b10 3
b101110000 7

#4499200
0!
0+

#4502400
1!
b1 %
1+
b1 /
b1000 0
b101110000 2
b1 3
b101110001 7

#4505600
0!
0+

#4508800
1!
b10 %
1+
b10 /
b1001 0
b101110001 2
b10 3
b101110010 7

#4512000
0!
0+

#4515200
1!
b1 %
1+
b1 /
b1010 0
b101110010 2
b1 3
b101110011 7

#4518400
0!
0+

#4521600
1!
b10 %
1+
b10 /
b1011 0
b101110011 2
b10 3
b101110100 7

#4524800
0!
0+

#4528000
1!
b1 %
1+
b1 /
b1100 0
b101110100 2
b1 3
b101110101 7

#4531200
0!
0+

#4534400
1!
b10 %
1+
b10 /
b1101 0
b101110101 2
b10 3
b101110110 7

#4537600
0!
0+

#4540800
1!
b1 %
1+
b1 /
b1110 0
b101110110 2
b1 3
b101110111 7

#4544000
0!
0+

#4547200
1!
b11 %
1+
b11 /
b1111 0
b101110111 2
b11 3
b11010 6
b101110111 7

#4550400
0!
0+

#4553600
1!
b1 %
1+
b1 /
b0 0
b11010 1
b1 3
b11010 6
b101111000 7

#4556800
0!
0+

#4560000
1!
b10 %
1+
b10 /
b1 0
b101111000 2
b10 3
b101111001 7

#4563200
0!
0+

#4566400
1!
b1 %
1+
b1 /
b10 0
b101111001 2
b1 3
b101111010 7

#4569600
0!
0+

#4572800
1!
b10 %
1+
b10 /
b11 0
b101111010 2
b10 3
b101111011 7

#4576000
0!
0+

#4579200
1!
b1 %
1+
b1 /
b100 0
b101111011 2
b1 3
b101111100 7

#4582400
0!
0+

#4585600
1!
b10 %
1+
b10 /
b101 0
b101111100 2
b10 3
b101111101 7

#4588800
0!
0+

#4592000
1!
b1 %
1+
b1 /
b110 0
b101111101 2
b1 3
b101111110 7

#4595200
0!
0+

#4598400
1!
b10 %
1+
b10 /
b111 0
b101111110 2
b10 3
b101111111 7

#4601600
0!
0+

#4604800
1!
b1 %
1+
b1 /
b1000 0
b101111111 2
b1 3
b110000000 7

#4608000
0!
0+

#4611200
1!
b10 %
1+
b10 /
b1001 0
b110000000 2
b10 3
b110000001 7

#4614400
0!
0+

#4617600
1!
b1 %
1+
b1 /
b1010 0
b110000001 2
b1 3
b110000010 7

#4620800
0!
0+

#4624000
1!
b10 %
1+
b10 /
b1011 0
b110000010 2
b10 3
b110000011 7

#4627200
0!
0+

#4630400
1!
b1 %
1+
b1 /
b1100 0
b110000011 2
b1 3
b110000100 7

#4633600
0!
0+

#4636800
1!
b10 %
1+
b10 /
b1101 0
b110000100 2
b10 3
b110000101 7

#4640000
0!
0+

#4643200
1!
b1 %
1+
b1 /
b1110 0
b110000101 2
b1 3
b110000110 7

#4646400
0!
0+

#4649600
1!
b11 %
1+
b11 /
b1111 0
b110000110 2
b11 3
b11011 6
b110000110 7

#4652800
0!
0+

#4656000
1!
b1 %
1+
b1 /
b0 0
b11011 1
b1 3
b11011 6
b110000111 7

#4659200
0!
0+

#4662400
1!
b10 %
1+
b10 /
b1 0
b110000111 2
b10 3
b110001000 7

#4665600
0!
0+

#4668800
1!
b1 %
1+
b1 /
b10 0
b110001000 2
b1 3
b110001001 7

#4672000
0!
0+

#4675200
1!
b10 %
1+
b10 /
b11 0
b110001001 2
b10 3
b110001010 7

#4678400
0!
0+

#4681600
1!
b1 %
1+
b1 /
b100 0
b110001010 2
b1 3
b110001011 7

#4684800
0!
0+

#4688000
1!
b10 %
1+
b10 /
b101 0
b110001011 2
b10 3
b110001100 7

#4691200
0!
0+

#4694400
1!
b1 %
1+
b1 /
b110 0
b110001100 2
b1 3
b110001101 7

#4697600
0!
0+

#4700800
1!
b10 %
1+
b10 /
b111 0
b110001101 2
b10 3
b110001110 7

#4704000
0!
0+

#4707200
1!
b1 %
1+
b1 /
b1000 0
b110001110 2
b1 3
b110001111 7

#4710400
0!
0+

#4713600
1!
b10 %
1+
b10 /
b1001 0
b110001111 2
b10 3
b110010000 7

#4716800
0!
0+

#4720000
1!
b1 %
1+
b1 /
b1010 0
b110010000 2
b1 3
b110010001 7

#4723200
0!
0+

#4726400
1!
b10 %
1+
b10 /
b1011 0
b110010001 2
b10 3
b110010010 7

#4729600
0!
0+

#4732800
1!
b1 %
1+
b1 /
b1100 0
b110010010 2
b1 3
b110010011 7

#4736000
0!
0+

#4739200
1!
b10 %
1+
b10 /
b1101 0
b110010011 2
b10 3
b110010100 7

#4742400
0!
0+

#4745600
1!
b1 %
1+
b1 /
b1110 0
b110010100 2
b1 3
b110010101 7

#4748800
0!
0+

#4752000
1!
b11 %
1+
b11 /
b1111 0
b110010101 2
b11 3
b11100 6
b110010101 7

#4755200
0!
0+

#4758400
1!
b1 %
1+
b1 /
b0 0
b11100 1
b1 3
b11100 6
b110010110 7

#4761600
0!
0+

#4764800
1!
b10 %
1+
b10 /
b1 0
b110010110 2
b10 3
b110010111 7

#4768000
0!
0+

#4771200
1!
b1 %
1+
b1 /
b10 0
b110010111 2
b1 3
b110011000 7

#4774400
0!
0+

#4777600
1!
b10 %
1+
b10 /
b11 0
b110011000 2
b10 3
b110011001 7

#4780800
0!
0+

#4784000
1!
b1 %
1+
b1 /
b100 0
b110011001 2
b1 3
b110011010 7

#4787200
0!
0+

#4790400
1!
b10 %
1+
b10 /
b101 0
b110011010 2
b10 3
b110011011 7

#4793600
0!
0+

#4796800
1!
b1 %
1+
b1 /
b110 0
b110011011 2
b1 3
b110011100 7

#4800000
0!
0+

#4803200
1!
b10 %
1+
b10 /
b111 0
b110011100 2
b10 3
b110011101 7

#4806400
0!
0+

#4809600
1!
b1 %
1+
b1 /
b1000 0
b110011101 2
b1 3
b110011110 7

#4812800
0!
0+

#4816000
1!
b10 %
1+
b10 /
b1001 0
b110011110 2
b10 3
b110011111 7

#4819200
0!
0+

#4822400
1!
b1 %
1+
b1 /
b1010 0
b110011111 2
b1 3
b110100000 7

#4825600
0!
0+

#4828800
1!
b10 %
1+
b10 /
b1011 0
b110100000 2
b10 3
b110100001 7

#4832000
0!
0+

#4835200
1!
b1 %
1+
b1 /
b1100 0
b110100001 2
b1 3
b110100010 7

#4838400
0!
0+

#4841600
1!
b10 %
1+
b10 /
b1101 0
b110100010 2
b10 3
b110100011 7

#4844800
0!
0+

#4848000
1!
b1 %
1+
b1 /
b1110 0
b110100011 2
b1 3
b110100100 7

#4851200
0!
0+

#4854400
1!
b11 %
1+
b11 /
b1111 0
b110100100 2
b11 3
b11101 6
b110100100 7

#4857600
0!
0+

#4860800
1!
b1 %
1+
b1 /
b0 0
b11101 1
b1 3
b11101 6
b110100101 7

#4864000
0!
0+

#4867200
1!
b10 %
1+
b10 /
b1 0
b110100101 2
b10 3
b110100110 7

#4870400
0!
0+

#4873600
1!
b1 %
1+
b1 /
b10 0
b110100110 2
b1 3
b110100111 7

#4876800
0!
0+

#4880000
1!
b10 %
1+
b10 /
b11 0
b110100111 2
b10 3
b110101000 7

#4883200
0!
0+

#4886400
1!
b1 %
1+
b1 /
b100 0
b110101000 2
b1 3
b110101001 7

#4889600
0!
0+

#4892800
1!
b10 %
1+
b10 /
b101 0
b110101001 2
b10 3
b110101010 7

#4896000
0!
0+

#4899200
1!
b1 %
1+
b1 /
b110 0
b110101010 2
b1 3
b110101011 7

#4902400
0!
0+

#4905600
1!
b10 %
1+
b10 /
b111 0
b110101011 2
b10 3
b110101100 7

#4908800
0!
0+

#4912000
1!
b1 %
1+
b1 /
b1000 0
b110101100 2
b1 3
b110101101 7

#4915200
0!
0+

#4918400
1!
b10 %
1+
b10 /
b1001 0
b110101101 2
b10 3
b110101110 7

#4921600
0!
0+

#4924800
1!
b1 %
1+
b1 /
b1010 0
b110101110 2
b1 3
b110101111 7

#4928000
0!
0+

#4931200
1!
b10 %
1+
b10 /
b1011 0
b110101111 2
b10 3
b110110000 7

#4934400
0!
0+

#4937600
1!
b1 %
1+
b1 /
b1100 0
b110110000 2
b1 3
b110110001 7

#4940800
0!
0+

#4944000
1!
b10 %
1+
b10 /
b1101 0
b110110001 2
b10 3
b110110010 7

#4947200
0!
0+

#4950400
1!
b1 %
1+
b1 /
b1110 0
b110110010 2
b1 3
b110110011 7

#4953600
0!
0+

#4956800
1!
b11 %
1+
b11 /
b1111 0
b110110011 2
b11 3
b11110 6
b110110011 7

#4960000
0!
0+

#4963200
1!
b1 %
1+
b1 /
b0 0
b11110 1
b1 3
b11110 6
b110110100 7

#4966400
0!
0+

#4969600
1!
b10 %
1+
b10 /
b1 0
b110110100 2
b10 3
b110110101 7

#4972800
0!
0+

#4976000
1!
b1 %
1+
b1 /
b10 0
b110110101 2
b1 3
b110110110 7

#4979200
0!
0+

#4982400
1!
b10 %
1+
b10 /
b11 0
b110110110 2
b10 3
b110110111 7

#4985600
0!
0+

#4988800
1!
b1 %
1+
b1 /
b100 0
b110110111 2
b1 3
b110111000 7

#4992000
0!
0+

#4995200
1!
b10 %
1+
b10 /
b101 0
b110111000 2
b10 3
b110111001 7

#4998400
0!
0+

#5001600
1!
b1 %
1+
b1 /
b110 0
b110111001 2
b1 3
b110111010 7

#5004800
0!
0+

#5008000
1!
b10 %
1+
b10 /
b111 0
b110111010 2
b10 3
b110111011 7

#5011200
0!
0+

#5014400
1!
b1 %
1+
b1 /
b1000 0
b110111011 2
b1 3
b110111100 7

#5017600
0!
0+

#5020800
1!
b10 %
1+
b10 /
b1001 0
b110111100 2
b10 3
b110111101 7

#5024000
0!
0+

#5027200
1!
b1 %
1+
b1 /
b1010 0
b110111101 2
b1 3
b110111110 7

#5030400
0!
0+

#5033600
1!
b10 %
1+
b10 /
b1011 0
b110111110 2
b10 3
b110111111 7

#5036800
0!
0+

#5040000
1!
b1 %
1+
b1 /
b1100 0
b110111111 2
b1 3
b111000000 7

#5043200
0!
0+

#5046400
1!
b10 %
1+
b10 /
b1101 0
b111000000 2
b10 3
b111000001 7

#5049600
0!
0+

#5052800
1!
b1 %
1+
b1 /
b1110 0
b111000001 2
b1 3
b111000010 7

#5056000
0!
0+

#5059200
1!
b11 %
1+
b11 /
b1111 0
b111000010 2
b11 3
b11111 6
b111000010 7

#5062400
0!
0+

#5065600
1!
b1 %
1+
b1 /
b0 0
b11111 1
b1 3
b11111 6
b111000011 7

#5068800
0!
0+

#5072000
1!
b10 %
1+
b10 /
b1 0
b111000011 2
b10 3
b111000100 7

#5075200
0!
0+

#5078400
1!
b1 %
1+
b1 /
b10 0
b111000100 2
b1 3
b111000101 7

#5081600
0!
0+

#5084800
1!
b10 %
1+
b10 /
b11 0
b111000101 2
b10 3
b111000110 7

#5088000
0!
0+

#5091200
1!
b1 %
1+
b1 /
b100 0
b111000110 2
b1 3
b111000111 7

#5094400
0!
0+

#5097600
1!
b10 %
1+
b10 /
b101 0
b111000111 2
b10 3
b111001000 7

#5100800
0!
0+

#5104000
1!
b1 %
1+
b1 /
b110 0
b111001000 2
b1 3
b111001001 7

#5107200
0!
0+

#5110400
1!
b10 %
1+
b10 /
b111 0
b111001001 2
b10 3
b111001010 7

#5113600
0!
0+

#5116800
1!
b1 %
1+
b1 /
b1000 0
b111001010 2
b1 3
b111001011 7

#5120000
0!
0+

#5123200
1!
b10 %
1+
b10 /
b1001 0
b111001011 2
b10 3
b111001100 7

#5126400
0!
0+

#5129600
1!
b1 %
1+
b1 /
b1010 0
b111001100 2
b1 3
b111001101 7

#5132800
0!
0+

#5136000
1!
b10 %
1+
b10 /
b1011 0
b111001101 2
b10 3
b111001110 7

#5139200
0!
0+

#5142400
1!
b1 %
1+
b1 /
b1100 0
b111001110 2
b1 3
b111001111 7

#5145600
0!
0+

#5148800
1!
b10 %
1+
b10 /
b1101 0
b111001111 2
b10 3
b111010000 7

#5152000
0!
0+

#5155200
1!
b1 %
1+
b1 /
b1110 0
b111010000 2
b1 3
b111010001 7

#5158400
0!
0+

#5161600
1!
b11 %
1+
b11 /
b1111 0
b111010001 2
b11 3
b100000 6
b111010001 7

#5164800
0!
0+

#5168000
1!
b1 %
1+
b1 /
b0 0
b100000 1
b1 3
b100000 6
b111010010 7

#5171200
0!
0+

#5174400
1!
b10 %
1+
b10 /
b1 0
b111010010 2
b10 3
b111010011 7

#5177600
0!
0+

#5180800
1!
b1 %
1+
b1 /
b10 0
b111010011 2
b1 3
b111010100 7

#5184000
0!
0+

#5187200
1!
b10 %
1+
b10 /
b11 0
b111010100 2
b10 3
b111010101 7

#5190400
0!
0+

#5193600
1!
b1 %
1+
b1 /
b100 0
b111010101 2
b1 3
b111010110 7

#5196800
0!
0+

#5200000
1!
b10 %
1+
b10 /
b101 0
b111010110 2
b10 3
b111010111 7

#5203200
0!
0+

#5206400
1!
b1 %
1+
b1 /
b110 0
b111010111 2
b1 3
b111011000 7

#5209600
0!
0+

#5212800
1!
b10 %
1+
b10 /
b111 0
b111011000 2
b10 3
b111011001 7

#5216000
0!
0+

#5219200
1!
b1 %
1+
b1 /
b1000 0
b111011001 2
b1 3
b111011010 7

#5222400
0!
0+

#5225600
1!
b10 %
1+
b10 /
b1001 0
b111011010 2
b10 3
b111011011 7

#5228800
0!
0+

#5232000
1!
b1 %
1+
b1 /
b1010 0
b111011011 2
b1 3
b111011100 7

#5235200
0!
0+

#5238400
1!
b10 %
1+
b10 /
b1011 0
b111011100 2
b10 3
b111011101 7

#5241600
0!
0+

#5244800
1!
b1 %
1+
b1 /
b1100 0
b111011101 2
b1 3
b111011110 7

#5248000
0!
0+

#5251200
1!
b10 %
1+
b10 /
b1101 0
b111011110 2
b10 3
b111011111 7

#5254400
0!
0+

#5257600
1!
b1 %
1+
b1 /
b1110 0
b111011111 2
b1 3
b111100000 7

#5260800
0!
0+

#5264000
1!
b11 %
1+
b11 /
b1111 0
b111100000 2
b11 3
b100001 6
b111100000 7

#5267200
0!
0+

#5270400
1!
b1 %
1+
b1 /
b0 0
b100001 1
b1 3
b100001 6
b111100001 7

#5273600
0!
0+

#5276800
1!
b10 %
1+
b10 /
b1 0
b111100001 2
b10 3
b111100010 7

#5280000
0!
0+

#5283200
1!
b1 %
1+
b1 /
b10 0
b111100010 2
b1 3
b111100011 7

#5286400
0!
0+

#5289600
1!
b10 %
1+
b10 /
b11 0
b111100011 2
b10 3
b111100100 7

#5292800
0!
0+

#5296000
1!
b1 %
1+
b1 /
b100 0
b111100100 2
b1 3
b111100101 7

#5299200
0!
0+

#5302400
1!
b10 %
1+
b10 /
b101 0
b111100101 2
b10 3
b111100110 7

#5305600
0!
0+

#5308800
1!
b1 %
1+
b1 /
b110 0
b111100110 2
b1 3
b111100111 7

#5312000
0!
0+

#5315200
1!
b10 %
1+
b10 /
b111 0
b111100111 2
b10 3
b111101000 7

#5318400
0!
0+

#5321600
1!
b1 %
1+
b1 /
b1000 0
b111101000 2
b1 3
b111101001 7

#5324800
0!
0+

#5328000
1!
b10 %
1+
b10 /
b1001 0
b111101001 2
b10 3
b111101010 7

#5331200
0!
0+

#5334400
1!
b1 %
1+
b1 /
b1010 0
b111101010 2
b1 3
b111101011 7

#5337600
0!
0+

#5340800
1!
b10 %
1+
b10 /
b1011 0
b111101011 2
b10 3
b111101100 7

#5344000
0!
0+

#5347200
1!
b1 %
1+
b1 /
b1100 0
b111101100 2
b1 3
b111101101 7

#5350400
0!
0+

#5353600
1!
b10 %
1+
b10 /
b1101 0
b111101101 2
b10 3
b111101110 7

#5356800
0!
0+

#5360000
1!
b1 %
1+
b1 /
b1110 0
b111101110 2
b1 3
b111101111 7

#5363200
0!
0+

#5366400
1!
b11 %
1+
b11 /
b1111 0
b111101111 2
b11 3
b100010 6
b111101111 7

#5369600
0!
0+

#5372800
1!
b1 %
1+
b1 /
b0 0
b100010 1
b1 3
b100010 6
b111110000 7

#5376000
0!
0+

#5379200
1!
b10 %
1+
b10 /
b1 0
b111110000 2
b10 3
b111110001 7

#5382400
0!
0+

#5385600
1!
b1 %
1+
b1 /
b10 0
b111110001 2
b1 3
b111110010 7

#5388800
0!
0+

#5392000
1!
b10 %
1+
b10 /
b11 0
b111110010 2
b10 3
b111110011 7

#5395200
0!
0+

#5398400
1!
b1 %
1+
b1 /
b100 0
b111110011 2
b1 3
b111110100 7

#5401600
0!
0+

#5404800
1!
b10 %
1+
b10 /
b101 0
b111110100 2
b10 3
b111110101 7

#5408000
0!
0+

#5411200
1!
b1 %
1+
b1 /
b110 0
b111110101 2
b1 3
b111110110 7

#5414400
0!
0+

#5417600
1!
b10 %
1+
b10 /
b111 0
b111110110 2
b10 3
b111110111 7

#5420800
0!
0+

#5424000
1!
b1 %
1+
b1 /
b1000 0
b111110111 2
b1 3
b111111000 7

#5427200
0!
0+

#5430400
1!
b10 %
1+
b10 /
b1001 0
b111111000 2
b10 3
b111111001 7

#5433600
0!
0+

#5436800
1!
b1 %
1+
b1 /
b1010 0
b111111001 2
b1 3
b111111010 7

#5440000
0!
0+

#5443200
1!
b10 %
1+
b10 /
b1011 0
b111111010 2
b10 3
b111111011 7

#5446400
0!
0+

#5449600
1!
b1 %
1+
b1 /
b1100 0
b111111011 2
b1 3
b111111100 7

#5452800
0!
0+

#5456000
1!
b10 %
1+
b10 /
b1101 0
b111111100 2
b10 3
b111111101 7

#5459200
0!
0+

#5462400
1!
b1 %
1+
b1 /
b1110 0
b111111101 2
b1 3
b111111110 7

#5465600
0!
0+

#5468800
1!
b11 %
1+
b11 /
b1111 0
b111111110 2
b11 3
b100011 6
b111111110 7

#5472000
0!
0+

#5475200
1!
b1 %
1+
b1 /
b0 0
b100011 1
b1 3
b100011 6
b111111111 7

#5478400
0!
0+

#5481600
1!
b10 %
1+
b10 /
b1 0
b111111111 2
b10 3
b1000000000 7

#5484800
0!
0+

#5488000
1!
b1 %
1+
b1 /
b10 0
b1000000000 2
b1 3
b1000000001 7

#5491200
0!
0+

#5494400
1!
b10 %
1+
b10 /
b11 0
b1000000001 2
b10 3
b1000000010 7

#5497600
0!
0+

#5500800
1!
b1 %
1+
b1 /
b100 0
b1000000010 2
b1 3
b1000000011 7

#5504000
0!
0+

#5507200
1!
b10 %
1+
b10 /
b101 0
b1000000011 2
b10 3
b1000000100 7

#5510400
0!
0+

#5513600
1!
b1 %
1+
b1 /
b110 0
b1000000100 2
b1 3
b1000000101 7

#5516800
0!
0+

#5520000
1!
b10 %
1+
b10 /
b111 0
b1000000101 2
b10 3
b1000000110 7

#5523200
0!
0+

#5526400
1!
b1 %
1+
b1 /
b1000 0
b1000000110 2
b1 3
b1000000111 7

#5529600
0!
0+

#5532800
1!
b10 %
1+
b10 /
b1001 0
b1000000111 2
b10 3
b1000001000 7

#5536000
0!
0+

#5539200
1!
b1 %
1+
b1 /
b1010 0
b1000001000 2
b1 3
b1000001001 7

#5542400
0!
0+

#5545600
1!
b10 %
1+
b10 /
b1011 0
b1000001001 2
b10 3
b1000001010 7

#5548800
0!
0+

#5552000
1!
b1 %
1+
b1 /
b1100 0
b1000001010 2
b1 3
b1000001011 7

#5555200
0!
0+

#5558400
1!
b10 %
1+
b10 /
b1101 0
b1000001011 2
b10 3
b1000001100 7

#5561600
0!
0+

#5564800
1!
b1 %
1+
b1 /
b1110 0
b1000001100 2
b1 3
b1000001101 7

#5568000
0!
0+

#5571200
1!
b11 %
1+
b11 /
b1111 0
b1000001101 2
b11 3
b100100 6
b1000001101 7

#5574400
0!
0+

#5577600
1!
b1 %
1+
b1 /
b0 0
b100100 1
b1 3
b100100 6
b1000001110 7

#5580800
0!
0+

#5584000
1!
b10 %
1+
b10 /
b1 0
b1000001110 2
b10 3
b1000001111 7

#5587200
0!
0+

#5590400
1!
b1 %
1+
b1 /
b10 0
b1000001111 2
b1 3
b1000010000 7

#5593600
0!
0+

#5596800
1!
b10 %
1+
b10 /
b11 0
b1000010000 2
b10 3
b1000010001 7

#5600000
0!
0+

#5603200
1!
b1 %
1+
b1 /
b100 0
b1000010001 2
b1 3
b1000010010 7

#5606400
0!
0+

#5609600
1!
b10 %
1+
b10 /
b101 0
b1000010010 2
b10 3
b1000010011 7

#5612800
0!
0+

#5616000
1!
b1 %
1+
b1 /
b110 0
b1000010011 2
b1 3
b1000010100 7

#5619200
0!
0+

#5622400
1!
b10 %
1+
b10 /
b111 0
b1000010100 2
b10 3
b1000010101 7

#5625600
0!
0+

#5628800
1!
b1 %
1+
b1 /
b1000 0
b1000010101 2
b1 3
b1000010110 7

#5632000
0!
0+

#5635200
1!
b10 %
1+
b10 /
b1001 0
b1000010110 2
b10 3
b1000010111 7

#5638400
0!
0+

#5641600
1!
b1 %
1+
b1 /
b1010 0
b1000010111 2
b1 3
b1000011000 7

#5644800
0!
0+

#5648000
1!
b10 %
1+
b10 /
b1011 0
b1000011000 2
b10 3
b1000011001 7

#5651200
0!
0+

#5654400
1!
b1 %
1+
b1 /
b1100 0
b1000011001 2
b1 3
b1000011010 7

#5657600
0!
0+

#5660800
1!
b10 %
1+
b10 /
b1101 0
b1000011010 2
b10 3
b1000011011 7

#5664000
0!
0+

#5667200
1!
b1 %
1+
b1 /
b1110 0
b1000011011 2
b1 3
b1000011100 7

#5670400
0!
0+

#5673600
1!
b11 %
1+
b11 /
b1111 0
b1000011100 2
b11 3
b100101 6
b1000011100 7

#5676800
0!
0+

#5680000
1!
b1 %
1+
b1 /
b0 0
b100101 1
b1 3
b100101 6
b1000011101 7

#5683200
0!
0+

#5686400
1!
b10 %
1+
b10 /
b1 0
b1000011101 2
b10 3
b1000011110 7

#5689600
0!
0+

#5692800
1!
b1 %
1+
b1 /
b10 0
b1000011110 2
b1 3
b1000011111 7

#5696000
0!
0+

#5699200
1!
b10 %
1+
b10 /
b11 0
b1000011111 2
b10 3
b1000100000 7

#5702400
0!
0+

#5705600
1!
b1 %
1+
b1 /
b100 0
b1000100000 2
b1 3
b1000100001 7

#5708800
0!
0+

#5712000
1!
b10 %
1+
b10 /
b101 0
b1000100001 2
b10 3
b1000100010 7

#5715200
0!
0+

#5718400
1!
b1 %
1+
b1 /
b110 0
b1000100010 2
b1 3
b1000100011 7

#5721600
0!
0+

#5724800
1!
b10 %
1+
b10 /
b111 0
b1000100011 2
b10 3
b1000100100 7

#5728000
0!
0+

#5731200
1!
b1 %
1+
b1 /
b1000 0
b1000100100 2
b1 3
b1000100101 7

#5734400
0!
0+

#5737600
1!
b10 %
1+
b10 /
b1001 0
b1000100101 2
b10 3
b1000100110 7

#5740800
0!
0+

#5744000
1!
b1 %
1+
b1 /
b1010 0
b1000100110 2
b1 3
b1000100111 7

#5747200
0!
0+

#5750400
1!
b10 %
1+
b10 /
b1011 0
b1000100111 2
b10 3
b1000101000 7

#5753600
0!
0+

#5756800
1!
b1 %
1+
b1 /
b1100 0
b1000101000 2
b1 3
b1000101001 7

#5760000
0!
0+

#5763200
1!
b10 %
1+
b10 /
b1101 0
b1000101001 2
b10 3
b1000101010 7

#5766400
0!
0+

#5769600
1!
b1 %
1+
b1 /
b1110 0
b1000101010 2
b1 3
b1000101011 7

#5772800
0!
0+

#5776000
1!
b11 %
1+
b11 /
b1111 0
b1000101011 2
b11 3
b100110 6
b1000101011 7

#5779200
0!
0+

#5782400
1!
b1 %
1+
b1 /
b0 0
b100110 1
b1 3
b100110 6
b1000101100 7

#5785600
0!
0+

#5788800
1!
b10 %
1+
b10 /
b1 0
b1000101100 2
b10 3
b1000101101 7

#5792000
0!
0+

#5795200
1!
b1 %
1+
b1 /
b10 0
b1000101101 2
b1 3
b1000101110 7

#5798400
0!
0+

#5801600
1!
b10 %
1+
b10 /
b11 0
b1000101110 2
b10 3
b1000101111 7

#5804800
0!
0+

#5808000
1!
b1 %
1+
b1 /
b100 0
b1000101111 2
b1 3
b1000110000 7

#5811200
0!
0+

#5814400
1!
b10 %
1+
b10 /
b101 0
b1000110000 2
b10 3
b1000110001 7

#5817600
0!
0+

#5820800
1!
b1 %
1+
b1 /
b110 0
b1000110001 2
b1 3
b1000110010 7

#5824000
0!
0+

#5827200
1!
b10 %
1+
b10 /
b111 0
b1000110010 2
b10 3
b1000110011 7

#5830400
0!
0+

#5833600
1!
b1 %
1+
b1 /
b1000 0
b1000110011 2
b1 3
b1000110100 7

#5836800
0!
0+

#5840000
1!
b10 %
1+
b10 /
b1001 0
b1000110100 2
b10 3
b1000110101 7

#5843200
0!
0+

#5846400
1!
b1 %
1+
b1 /
b1010 0
b1000110101 2
b1 3
b1000110110 7

#5849600
0!
0+

#5852800
1!
b10 %
1+
b10 /
b1011 0
b1000110110 2
b10 3
b1000110111 7

#5856000
0!
0+

#5859200
1!
b1 %
1+
b1 /
b1100 0
b1000110111 2
b1 3
b1000111000 7

#5862400
0!
0+

#5865600
1!
b10 %
1+
b10 /
b1101 0
b1000111000 2
b10 3
b1000111001 7

#5868800
0!
0+

#5872000
1!
b1 %
1+
b1 /
b1110 0
b1000111001 2
b1 3
b1000111010 7

#5875200
0!
0+

#5878400
1!
b11 %
1+
b11 /
b1111 0
b1000111010 2
b11 3
b100111 6
b1000111010 7

#5881600
0!
0+

#5884800
1!
b1 %
1+
b1 /
b0 0
b100111 1
b1 3
b100111 6
b1000111011 7

#5888000
0!
0+

#5891200
1!
b10 %
1+
b10 /
b1 0
b1000111011 2
b10 3
b1000111100 7

#5894400
0!
0+

#5897600
1!
b1 %
1+
b1 /
b10 0
b1000111100 2
b1 3
b1000111101 7

#5900800
0!
0+

#5904000
1!
b10 %
1+
b10 /
b11 0
b1000111101 2
b10 3
b1000111110 7

#5907200
0!
0+

#5910400
1!
b1 %
1+
b1 /
b100 0
b1000111110 2
b1 3
b1000111111 7

#5913600
0!
0+

#5916800
1!
b10 %
1+
b10 /
b101 0
b1000111111 2
b10 3
b1001000000 7

#5920000
0!
0+

#5923200
1!
b1 %
1+
b1 /
b110 0
b1001000000 2
b1 3
b1001000001 7

#5926400
0!
0+

#5929600
1!
b10 %
1+
b10 /
b111 0
b1001000001 2
b10 3
b1001000010 7

#5932800
0!
0+

#5936000
1!
b1 %
1+
b1 /
b1000 0
b1001000010 2
b1 3
b1001000011 7

#5939200
0!
0+

#5942400
1!
b10 %
1+
b10 /
b1001 0
b1001000011 2
b10 3
b1001000100 7

#5945600
0!
0+

#5948800
1!
b1 %
1+
b1 /
b1010 0
b1001000100 2
b1 3
b1001000101 7

#5952000
0!
0+

#5955200
1!
b10 %
1+
b10 /
b1011 0
b1001000101 2
b10 3
b1001000110 7

#5958400
0!
0+

#5961600
1!
b1 %
1+
b1 /
b1100 0
b1001000110 2
b1 3
b1001000111 7

#5964800
0!
0+

#5968000
1!
b10 %
1+
b10 /
b1101 0
b1001000111 2
b10 3
b1001001000 7

#5971200
0!
0+

#5974400
1!
b1 %
1+
b1 /
b1110 0
b1001001000 2
b1 3
b1001001001 7

#5977600
0!
0+

#5980800
1!
b11 %
1+
b11 /
b1111 0
b1001001001 2
b11 3
b101000 6
b1001001001 7

#5984000
0!
0+

#5987200
1!
b1 %
1+
b1 /
b0 0
b101000 1
b1 3
b101000 6
b1001001010 7

#5990400
0!
0+

#5993600
1!
b10 %
1+
b10 /
b1 0
b1001001010 2
b10 3
b1001001011 7

#5996800
0!
0+

#6000000
1!
b1 %
1+
b1 /
b10 0
b1001001011 2
b1 3
b1001001100 7

#6003200
0!
0+

#6006400
1!
b10 %
1+
b10 /
b11 0
b1001001100 2
b10 3
b1001001101 7

#6009600
0!
0+

#6012800
1!
b1 %
1+
b1 /
b100 0
b1001001101 2
b1 3
b1001001110 7

#6016000
0!
0+

#6019200
1!
b10 %
1+
b10 /
b101 0
b1001001110 2
b10 3
b1001001111 7

#6022400
0!
0+

#6025600
1!
b1 %
1+
b1 /
b110 0
b1001001111 2
b1 3
b1001010000 7

#6028800
0!
0+

#6032000
1!
b10 %
1+
b10 /
b111 0
b1001010000 2
b10 3
b1001010001 7

#6035200
0!
0+

#6038400
1!
b1 %
1+
b1 /
b1000 0
b1001010001 2
b1 3
b1001010010 7

#6041600
0!
0+

#6044800
1!
b10 %
1+
b10 /
b1001 0
b1001010010 2
b10 3
b1001010011 7

#6048000
0!
0+

#6051200
1!
b1 %
1+
b1 /
b1010 0
b1001010011 2
b1 3
b1001010100 7

#6054400
0!
0+

#6057600
1!
b10 %
1+
b10 /
b1011 0
b1001010100 2
b10 3
b1001010101 7

#6060800
0!
0+

#6064000
1!
b1 %
1+
b1 /
b1100 0
b1001010101 2
b1 3
b1001010110 7

#6067200
0!
0+

#6070400
1!
b10 %
1+
b10 /
b1101 0
b1001010110 2
b10 3
b1001010111 7

#6073600
0!
0+

#6076800
1!
b1 %
1+
b1 /
b1110 0
b1001010111 2
b1 3
b1001011000 7

#6080000
0!
0+

#6083200
1!
b11 %
1+
b11 /
b1111 0
b1001011000 2
b11 3
b101001 6
b1001011000 7

#6086400
0!
0+

#6089600
1!
b1 %
1+
b1 /
b0 0
b101001 1
b1 3
b101001 6
b1001011001 7

#6092800
0!
0+

#6096000
1!
b10 %
1+
b10 /
b1 0
b1001011001 2
b10 3
b1001011010 7

#6099200
0!
0+

#6102400
1!
b1 %
1+
b1 /
b10 0
b1001011010 2
b1 3
b1001011011 7

#6105600
0!
0+

#6108800
1!
b10 %
1+
b10 /
b11 0
b1001011011 2
b10 3
b1001011100 7

#6112000
0!
0+

#6115200
1!
b1 %
1+
b1 /
b100 0
b1001011100 2
b1 3
b1001011101 7

#6118400
0!
0+

#6121600
1!
b10 %
1+
b10 /
b101 0
b1001011101 2
b10 3
b1001011110 7

#6124800
0!
0+

#6128000
1!
b1 %
1+
b1 /
b110 0
b1001011110 2
b1 3
b1001011111 7

#6131200
0!
0+

#6134400
1!
b10 %
1+
b10 /
b111 0
b1001011111 2
b10 3
b1001100000 7

#6137600
0!
0+

#6140800
1!
b1 %
1+
b1 /
b1000 0
b1001100000 2
b1 3
b1001100001 7

#6144000
0!
0+

#6147200
1!
b10 %
1+
b10 /
b1001 0
b1001100001 2
b10 3
b1001100010 7

#6150400
0!
0+

#6153600
1!
b1 %
1+
b1 /
b1010 0
b1001100010 2
b1 3
b1001100011 7

#6156800
0!
0+

#6160000
1!
b10 %
1+
b10 /
b1011 0
b1001100011 2
b10 3
b1001100100 7

#6163200
0!
0+

#6166400
1!
b1 %
1+
b1 /
b1100 0
b1001100100 2
b1 3
b1001100101 7

#6169600
0!
0+

#6172800
1!
b10 %
1+
b10 /
b1101 0
b1001100101 2
b10 3
b1001100110 7

#6176000
0!
0+

#6179200
1!
b1 %
1+
b1 /
b1110 0
b1001100110 2
b1 3
b1001100111 7

#6182400
0!
0+

#6185600
1!
b11 %
1+
b11 /
b1111 0
b1001100111 2
b11 3
b101010 6
b1001100111 7

#6188800
0!
0+

#6192000
1!
b1 %
1+
b1 /
b0 0
b101010 1
b1 3
b101010 6
b1001101000 7

#6195200
0!
0+

#6198400
1!
b10 %
1+
b10 /
b1 0
b1001101000 2
b10 3
b1001101001 7

#6201600
0!
0+

#6204800
1!
b1 %
1+
b1 /
b10 0
b1001101001 2
b1 3
b1001101010 7

#6208000
0!
0+

#6211200
1!
b10 %
1+
b10 /
b11 0
b1001101010 2
b10 3
b1001101011 7

#6214400
0!
0+

#6217600
1!
b1 %
1+
b1 /
b100 0
b1001101011 2
b1 3
b1001101100 7

#6220800
0!
0+

#6224000
1!
b10 %
1+
b10 /
b101 0
b1001101100 2
b10 3
b1001101101 7

#6227200
0!
0+

#6230400
1!
b1 %
1+
b1 /
b110 0
b1001101101 2
b1 3
b1001101110 7

#6233600
0!
0+

#6236800
1!
b10 %
1+
b10 /
b111 0
b1001101110 2
b10 3
b1001101111 7

#6240000
0!
0+

#6243200
1!
b1 %
1+
b1 /
b1000 0
b1001101111 2
b1 3
b1001110000 7

#6246400
0!
0+

#6249600
1!
b10 %
1+
b10 /
b1001 0
b1001110000 2
b10 3
b1001110001 7

#6252800
0!
0+

#6256000
1!
b1 %
1+
b1 /
b1010 0
b1001110001 2
b1 3
b1001110010 7

#6259200
0!
0+

#6262400
1!
b10 %
1+
b10 /
b1011 0
b1001110010 2
b10 3
b1001110011 7

#6265600
0!
0+

#6268800
1!
b1 %
1+
b1 /
b1100 0
b1001110011 2
b1 3
b1001110100 7

#6272000
0!
0+

#6275200
1!
b10 %
1+
b10 /
b1101 0
b1001110100 2
b10 3
b1001110101 7

#6278400
0!
0+

#6281600
1!
b1 %
1+
b1 /
b1110 0
b1001110101 2
b1 3
b1001110110 7

#6284800
0!
0+

#6288000
1!
b11 %
1+
b11 /
b1111 0
b1001110110 2
b11 3
b101011 6
b1001110110 7

#6291200
0!
0+

#6294400
1!
b1 %
1+
b1 /
b0 0
b101011 1
b1 3
b101011 6
b1001110111 7

#6297600
0!
0+

#6300800
1!
b10 %
1+
b10 /
b1 0
b1001110111 2
b10 3
b1001111000 7

#6304000
0!
0+

#6307200
1!
b1 %
1+
b1 /
b10 0
b1001111000 2
b1 3
b1001111001 7

#6310400
0!
0+

#6313600
1!
b10 %
1+
b10 /
b11 0
b1001111001 2
b10 3
b1001111010 7

#6316800
0!
0+

#6320000
1!
b1 %
1+
b1 /
b100 0
b1001111010 2
b1 3
b1001111011 7

#6323200
0!
0+

#6326400
1!
b10 %
1+
b10 /
b101 0
b1001111011 2
b10 3
b1001111100 7

#6329600
0!
0+

#6332800
1!
b1 %
1+
b1 /
b110 0
b1001111100 2
b1 3
b1001111101 7

#6336000
0!
0+

#6339200
1!
b10 %
1+
b10 /
b111 0
b1001111101 2
b10 3
b1001111110 7

#6342400
0!
0+

#6345600
1!
b1 %
1+
b1 /
b1000 0
b1001111110 2
b1 3
b1001111111 7

#6348800
0!
0+

#6352000
1!
b10 %
1+
b10 /
b1001 0
b1001111111 2
b10 3
b1010000000 7

#6355200
0!
0+

#6358400
1!
b1 %
1+
b1 /
b1010 0
b1010000000 2
b1 3
b1010000001 7

#6361600
0!
0+

#6364800
1!
b10 %
1+
b10 /
b1011 0
b1010000001 2
b10 3
b1010000010 7

#6368000
0!
0+

#6371200
1!
b1 %
1+
b1 /
b1100 0
b1010000010 2
b1 3
b1010000011 7

#6374400
0!
0+

#6377600
1!
b10 %
1+
b10 /
b1101 0
b1010000011 2
b10 3
b1010000100 7

#6380800
0!
0+

#6384000
1!
b1 %
1+
b1 /
b1110 0
b1010000100 2
b1 3
b1010000101 7

#6387200
0!
0+

#6390400
1!
b11 %
1+
b11 /
b1111 0
b1010000101 2
b11 3
b101100 6
b1010000101 7

#6393600
0!
0+

#6396800
1!
b1 %
1+
b1 /
b0 0
b101100 1
b1 3
b101100 6
b1010000110 7

#6400000
0!
0+

#6403200
1!
b10 %
1+
b10 /
b1 0
b1010000110 2
b10 3
b1010000111 7

#6406400
0!
0+

#6409600
1!
b1 %
1+
b1 /
b10 0
b1010000111 2
b1 3
b1010001000 7

#6412800
0!
0+

#6416000
1!
b10 %
1+
b10 /
b11 0
b1010001000 2
b10 3
b1010001001 7

#6419200
0!
0+

#6422400
1!
b1 %
1+
b1 /
b100 0
b1010001001 2
b1 3
b1010001010 7

#6425600
0!
0+

#6428800
1!
b10 %
1+
b10 /
b101 0
b1010001010 2
b10 3
b1010001011 7

#6432000
0!
0+

#6435200
1!
b1 %
1+
b1 /
b110 0
b1010001011 2
b1 3
b1010001100 7

#6438400
0!
0+

#6441600
1!
b10 %
1+
b10 /
b111 0
b1010001100 2
b10 3
b1010001101 7

#6444800
0!
0+

#6448000
1!
b1 %
1+
b1 /
b1000 0
b1010001101 2
b1 3
b1010001110 7

#6451200
0!
0+

#6454400
1!
b10 %
1+
b10 /
b1001 0
b1010001110 2
b10 3
b1010001111 7

#6457600
0!
0+

#6460800
1!
b1 %
1+
b1 /
b1010 0
b1010001111 2
b1 3
b1010010000 7

#6464000
0!
0+

#6467200
1!
b10 %
1+
b10 /
b1011 0
b1010010000 2
b10 3
b1010010001 7

#6470400
0!
0+

#6473600
1!
b1 %
1+
b1 /
b1100 0
b1010010001 2
b1 3
b1010010010 7

#6476800
0!
0+

#6480000
1!
b10 %
1+
b10 /
b1101 0
b1010010010 2
b10 3
b1010010011 7

#6483200
0!
0+

#6486400
1!
b1 %
1+
b1 /
b1110 0
b1010010011 2
b1 3
b1010010100 7

#6489600
0!
0+

#6492800
1!
b11 %
1+
b11 /
b1111 0
b1010010100 2
b11 3
b101101 6
b1010010100 7

#6496000
0!
0+

#6499200
1!
b1 %
1+
b1 /
b0 0
b101101 1
b1 3
b101101 6
b1010010101 7

#6502400
0!
0+

#6505600
1!
b10 %
1+
b10 /
b1 0
b1010010101 2
b10 3
b1010010110 7

#6508800
0!
0+

#6512000
1!
b1 %
1+
b1 /
b10 0
b1010010110 2
b1 3
b1010010111 7

#6515200
0!
0+

#6518400
1!
b10 %
1+
b10 /
b11 0
b1010010111 2
b10 3
b1010011000 7

#6521600
0!
0+

#6524800
1!
b1 %
1+
b1 /
b100 0
b1010011000 2
b1 3
b1010011001 7

#6528000
0!
0+

#6531200
1!
b10 %
1+
b10 /
b101 0
b1010011001 2
b10 3
b1010011010 7

#6534400
0!
0+

#6537600
1!
b1 %
1+
b1 /
b110 0
b1010011010 2
b1 3
b1010011011 7

#6540800
0!
0+

#6544000
1!
b10 %
1+
b10 /
b111 0
b1010011011 2
b10 3
b1010011100 7

#6547200
0!
0+

#6550400
1!
b1 %
1+
b1 /
b1000 0
b1010011100 2
b1 3
b1010011101 7

#6553600
0!
0+

#6556800
1!
b10 %
1+
b10 /
b1001 0
b1010011101 2
b10 3
b1010011110 7

#6560000
0!
0+

#6563200
1!
b1 %
1+
b1 /
b1010 0
b1010011110 2
b1 3
b1010011111 7

#6566400
0!
0+

#6569600
1!
b10 %
1+
b10 /
b1011 0
b1010011111 2
b10 3
b1010100000 7

#6572800
0!
0+

#6576000
1!
b1 %
1+
b1 /
b1100 0
b1010100000 2
b1 3
b1010100001 7

#6579200
0!
0+

#6582400
1!
b10 %
1+
b10 /
b1101 0
b1010100001 2
b10 3
b1010100010 7

#6585600
0!
0+

#6588800
1!
b1 %
1+
b1 /
b1110 0
b1010100010 2
b1 3
b1010100011 7

#6592000
0!
0+

#6595200
1!
b11 %
1+
b11 /
b1111 0
b1010100011 2
b11 3
b101110 6
b1010100011 7

#6598400
0!
0+

#6601600
1!
b1 %
1+
b1 /
b0 0
b101110 1
b1 3
b101110 6
b1010100100 7

#6604800
0!
0+

#6608000
1!
b10 %
1+
b10 /
b1 0
b1010100100 2
b10 3
b1010100101 7

#6611200
0!
0+

#6614400
1!
b1 %
1+
b1 /
b10 0
b1010100101 2
b1 3
b1010100110 7

#6617600
0!
0+

#6620800
1!
b10 %
1+
b10 /
b11 0
b1010100110 2
b10 3
b1010100111 7

#6624000
0!
0+

#6627200
1!
b1 %
1+
b1 /
b100 0
b1010100111 2
b1 3
b1010101000 7

#6630400
0!
0+

#6633600
1!
b10 %
1+
b10 /
b101 0
b1010101000 2
b10 3
b1010101001 7

#6636800
0!
0+

#6640000
1!
b1 %
1+
b1 /
b110 0
b1010101001 2
b1 3
b1010101010 7

#6643200
0!
0+

#6646400
1!
b10 %
1+
b10 /
b111 0
b1010101010 2
b10 3
b1010101011 7

#6649600
0!
0+

#6652800
1!
b1 %
1+
b1 /
b1000 0
b1010101011 2
b1 3
b1010101100 7

#6656000
0!
0+

#6659200
1!
b10 %
1+
b10 /
b1001 0
b1010101100 2
b10 3
b1010101101 7

#6662400
0!
0+

#6665600
1!
b1 %
1+
b1 /
b1010 0
b1010101101 2
b1 3
b1010101110 7

#6668800
0!
0+

#6672000
1!
b10 %
1+
b10 /
b1011 0
b1010101110 2
b10 3
b1010101111 7

#6675200
0!
0+

#6678400
1!
b1 %
1+
b1 /
b1100 0
b1010101111 2
b1 3
b1010110000 7

#6681600
0!
0+

#6684800
1!
b10 %
1+
b10 /
b1101 0
b1010110000 2
b10 3
b1010110001 7

#6688000
0!
0+

#6691200
1!
b1 %
1+
b1 /
b1110 0
b1010110001 2
b1 3
b1010110010 7

#6694400
0!
0+

#6697600
1!
b11 %
1+
b11 /
b1111 0
b1010110010 2
b11 3
b101111 6
b1010110010 7

#6700800
0!
0+

#6704000
1!
b1 %
1+
b1 /
b0 0
b101111 1
b1 3
b101111 6
b1010110011 7

#6707200
0!
0+

#6710400
1!
b10 %
1+
b10 /
b1 0
b1010110011 2
b10 3
b1010110100 7

#6713600
0!
0+

#6716800
1!
b1 %
1+
b1 /
b10 0
b1010110100 2
b1 3
b1010110101 7

#6720000
0!
0+

#6723200
1!
b10 %
1+
b10 /
b11 0
b1010110101 2
b10 3
b1010110110 7

#6726400
0!
0+

#6729600
1!
b1 %
1+
b1 /
b100 0
b1010110110 2
b1 3
b1010110111 7

#6732800
0!
0+

#6736000
1!
b10 %
1+
b10 /
b101 0
b1010110111 2
b10 3
b1010111000 7

#6739200
0!
0+

#6742400
1!
b1 %
1+
b1 /
b110 0
b1010111000 2
b1 3
b1010111001 7

#6745600
0!
0+

#6748800
1!
b10 %
1+
b10 /
b111 0
b1010111001 2
b10 3
b1010111010 7

#6752000
0!
0+

#6755200
1!
b1 %
1+
b1 /
b1000 0
b1010111010 2
b1 3
b1010111011 7

#6758400
0!
0+

#6761600
1!
b10 %
1+
b10 /
b1001 0
b1010111011 2
b10 3
b1010111100 7

#6764800
0!
0+

#6768000
1!
b1 %
1+
b1 /
b1010 0
b1010111100 2
b1 3
b1010111101 7

#6771200
0!
0+

#6774400
1!
b10 %
1+
b10 /
b1011 0
b1010111101 2
b10 3
b1010111110 7

#6777600
0!
0+

#6780800
1!
b1 %
1+
b1 /
b1100 0
b1010111110 2
b1 3
b1010111111 7

#6784000
0!
0+

#6787200
1!
b10 %
1+
b10 /
b1101 0
b1010111111 2
b10 3
b1011000000 7

#6790400
0!
0+

#6793600
1!
b1 %
1+
b1 /
b1110 0
b1011000000 2
b1 3
b1011000001 7

#6796800
0!
0+

#6800000
1!
b11 %
1+
b11 /
b1111 0
b1011000001 2
b11 3
b110000 6
b1011000001 7

#6803200
0!
0+

#6806400
1!
b1 %
1+
b1 /
b0 0
b110000 1
b1 3
b110000 6
b1011000010 7

#6809600
0!
0+

#6812800
1!
b10 %
1+
b10 /
b1 0
b1011000010 2
b10 3
b1011000011 7

#6816000
0!
0+

#6819200
1!
b1 %
1+
b1 /
b10 0
b1011000011 2
b1 3
b1011000100 7

#6822400
0!
0+

#6825600
1!
b10 %
1+
b10 /
b11 0
b1011000100 2
b10 3
b1011000101 7

#6828800
0!
0+

#6832000
1!
b1 %
1+
b1 /
b100 0
b1011000101 2
b1 3
b1011000110 7

#6835200
0!
0+

#6838400
1!
b10 %
1+
b10 /
b101 0
b1011000110 2
b10 3
b1011000111 7

#6841600
0!
0+

#6844800
1!
b1 %
1+
b1 /
b110 0
b1011000111 2
b1 3
b1011001000 7

#6848000
0!
0+

#6851200
1!
b10 %
1+
b10 /
b111 0
b1011001000 2
b10 3
b1011001001 7

#6854400
0!
0+

#6857600
1!
b1 %
1+
b1 /
b1000 0
b1011001001 2
b1 3
b1011001010 7

#6860800
0!
0+

#6864000
1!
b10 %
1+
b10 /
b1001 0
b1011001010 2
b10 3
b1011001011 7

#6867200
0!
0+

#6870400
1!
b1 %
1+
b1 /
b1010 0
b1011001011 2
b1 3
b1011001100 7

#6873600
0!
0+

#6876800
1!
b10 %
1+
b10 /
b1011 0
b1011001100 2
b10 3
b1011001101 7

#6880000
0!
0+

#6883200
1!
b1 %
1+
b1 /
b1100 0
b1011001101 2
b1 3
b1011001110 7

#6886400
0!
0+

#6889600
1!
b10 %
1+
b10 /
b1101 0
b1011001110 2
b10 3
b1011001111 7

#6892800
0!
0+

#6896000
1!
b1 %
1+
b1 /
b1110 0
b1011001111 2
b1 3
b1011010000 7

#6899200
0!
0+

#6902400
1!
b11 %
1+
b11 /
b1111 0
b1011010000 2
b11 3
b110001 6
b1011010000 7

#6905600
0!
0+

#6908800
1!
b1 %
1+
b1 /
b0 0
b110001 1
b1 3
b110001 6
b1011010001 7

#6912000
0!
0+

#6915200
1!
b10 %
1+
b10 /
b1 0
b1011010001 2
b10 3
b1011010010 7

#6918400
0!
0+

#6921600
1!
b1 %
1+
b1 /
b10 0
b1011010010 2
b1 3
b1011010011 7

#6924800
0!
0+

#6928000
1!
b10 %
1+
b10 /
b11 0
b1011010011 2
b10 3
b1011010100 7

#6931200
0!
0+

#6934400
1!
b1 %
1+
b1 /
b100 0
b1011010100 2
b1 3
b1011010101 7

#6937600
0!
0+

#6940800
1!
b10 %
1+
b10 /
b101 0
b1011010101 2
b10 3
b1011010110 7

#6944000
0!
0+

#6947200
1!
b1 %
1+
b1 /
b110 0
b1011010110 2
b1 3
b1011010111 7

#6950400
0!
0+

#6953600
1!
b10 %
1+
b10 /
b111 0
b1011010111 2
b10 3
b1011011000 7

#6956800
0!
0+

#6960000
1!
b1 %
1+
b1 /
b1000 0
b1011011000 2
b1 3
b1011011001 7

#6963200
0!
0+

#6966400
1!
b10 %
1+
b10 /
b1001 0
b1011011001 2
b10 3
b1011011010 7

#6969600
0!
0+

#6972800
1!
b1 %
1+
b1 /
b1010 0
b1011011010 2
b1 3
b1011011011 7

#6976000
0!
0+

#6979200
1!
b10 %
1+
b10 /
b1011 0
b1011011011 2
b10 3
b1011011100 7

#6982400
0!
0+

#6985600
1!
b1 %
1+
b1 /
b1100 0
b1011011100 2
b1 3
b1011011101 7

#6988800
0!
0+

#6992000
1!
b10 %
1+
b10 /
b1101 0
b1011011101 2
b10 3
b1011011110 7

#6995200
0!
0+

#6998400
1!
b1 %
1+
b1 /
b1110 0
b1011011110 2
b1 3
b1011011111 7

#7001600
0!
0+

#7004800
1!
b11 %
1+
b11 /
b1111 0
b1011011111 2
b11 3
b110010 6
b1011011111 7

#7008000
0!
0+

#7011200
1!
b1 %
1+
b1 /
b0 0
b110010 1
b1 3
b110010 6
b1011100000 7

#7014400
0!
0+

#7017600
1!
b10 %
1+
b10 /
b1 0
b1011100000 2
b10 3
b1011100001 7

#7020800
0!
0+

#7024000
1!
b1 %
1+
b1 /
b10 0
b1011100001 2
b1 3
b1011100010 7

#7027200
0!
0+

#7030400
1!
b10 %
1+
b10 /
b11 0
b1011100010 2
b10 3
b1011100011 7

#7033600
0!
0+

#7036800
1!
b1 %
1+
b1 /
b100 0
b1011100011 2
b1 3
b1011100100 7

#7040000
0!
0+

#7043200
1!
b10 %
1+
b10 /
b101 0
b1011100100 2
b10 3
b1011100101 7

#7046400
0!
0+

#7049600
1!
b1 %
1+
b1 /
b110 0
b1011100101 2
b1 3
b1011100110 7

#7052800
0!
0+

#7056000
1!
b10 %
1+
b10 /
b111 0
b1011100110 2
b10 3
b1011100111 7

#7059200
0!
0+

#7062400
1!
b1 %
1+
b1 /
b1000 0
b1011100111 2
b1 3
b1011101000 7

#7065600
0!
0+

#7068800
1!
b10 %
1+
b10 /
b1001 0
b1011101000 2
b10 3
b1011101001 7

#7072000
0!
0+

#7075200
1!
b1 %
1+
b1 /
b1010 0
b1011101001 2
b1 3
b1011101010 7

#7078400
0!
0+

#7081600
1!
b10 %
1+
b10 /
b1011 0
b1011101010 2
b10 3
b1011101011 7

#7084800
0!
0+

#7088000
1!
b1 %
1+
b1 /
b1100 0
b1011101011 2
b1 3
b1011101100 7

#7091200
0!
0+

#7094400
1!
b10 %
1+
b10 /
b1101 0
b1011101100 2
b10 3
b1011101101 7

#7097600
0!
0+

#7100800
1!
b1 %
1+
b1 /
b1110 0
b1011101101 2
b1 3
b1011101110 7

#7104000
0!
0+

#7107200
1!
b11 %
1+
b11 /
b1111 0
b1011101110 2
b11 3
b110011 6
b1011101110 7

#7110400
0!
0+

#7113600
1!
b1 %
1+
b1 /
b0 0
b110011 1
b1 3
b110011 6
b1011101111 7

#7116800
0!
0+

#7120000
1!
b10 %
1+
b10 /
b1 0
b1011101111 2
b10 3
b1011110000 7

#7123200
0!
0+

#7126400
1!
b1 %
1+
b1 /
b10 0
b1011110000 2
b1 3
b1011110001 7

#7129600
0!
0+

#7132800
1!
b10 %
1+
b10 /
b11 0
b1011110001 2
b10 3
b1011110010 7

#7136000
0!
0+

#7139200
1!
b1 %
1+
b1 /
b100 0
b1011110010 2
b1 3
b1011110011 7

#7142400
0!
0+

#7145600
1!
b10 %
1+
b10 /
b101 0
b1011110011 2
b10 3
b1011110100 7

#7148800
0!
0+

#7152000
1!
b1 %
1+
b1 /
b110 0
b1011110100 2
b1 3
b1011110101 7

#7155200
0!
0+

#7158400
1!
b10 %
1+
b10 /
b111 0
b1011110101 2
b10 3
b1011110110 7

#7161600
0!
0+

#7164800
1!
b1 %
1+
b1 /
b1000 0
b1011110110 2
b1 3
b1011110111 7

#7168000
0!
0+

#7171200
1!
b10 %
1+
b10 /
b1001 0
b1011110111 2
b10 3
b1011111000 7

#7174400
0!
0+

#7177600
1!
b1 %
1+
b1 /
b1010 0
b1011111000 2
b1 3
b1011111001 7

#7180800
0!
0+

#7184000
1!
b10 %
1+
b10 /
b1011 0
b1011111001 2
b10 3
b1011111010 7

#7187200
0!
0+

#7190400
1!
b1 %
1+
b1 /
b1100 0
b1011111010 2
b1 3
b1011111011 7

#7193600
0!
0+

#7196800
1!
b10 %
1+
b10 /
b1101 0
b1011111011 2
b10 3
b1011111100 7

#7200000
0!
0+

#7203200
1!
b1 %
1+
b1 /
b1110 0
b1011111100 2
b1 3
b1011111101 7

#7206400
0!
0+

#7209600
1!
b11 %
1+
b11 /
b1111 0
b1011111101 2
b11 3
b110100 6
b1011111101 7

#7212800
0!
0+

#7216000
1!
b1 %
1+
b1 /
b0 0
b110100 1
b1 3
b110100 6
b1011111110 7

#7219200
0!
0+

#7222400
1!
b10 %
1+
b10 /
b1 0
b1011111110 2
b10 3
b1011111111 7

#7225600
0!
0+

#7228800
1!
b1 %
1+
b1 /
b10 0
b1011111111 2
b1 3
b1100000000 7

#7232000
0!
0+

#7235200
1!
b10 %
1+
b10 /
b11 0
b1100000000 2
b10 3
b1100000001 7

#7238400
0!
0+

#7241600
1!
b1 %
1+
b1 /
b100 0
b1100000001 2
b1 3
b1100000010 7

#7244800
0!
0+

#7248000
1!
b10 %
1+
b10 /
b101 0
b1100000010 2
b10 3
b1100000011 7

#7251200
0!
0+

#7254400
1!
b1 %
1+
b1 /
b110 0
b1100000011 2
b1 3
b1100000100 7

#7257600
0!
0+

#7260800
1!
b10 %
1+
b10 /
b111 0
b1100000100 2
b10 3
b1100000101 7

#7264000
0!
0+

#7267200
1!
b1 %
1+
b1 /
b1000 0
b1100000101 2
b1 3
b1100000110 7

#7270400
0!
0+

#7273600
1!
b10 %
1+
b10 /
b1001 0
b1100000110 2
b10 3
b1100000111 7

#7276800
0!
0+

#7280000
1!
b1 %
1+
b1 /
b1010 0
b1100000111 2
b1 3
b1100001000 7

#7283200
0!
0+

#7286400
1!
b10 %
1+
b10 /
b1011 0
b1100001000 2
b10 3
b1100001001 7

#7289600
0!
0+

#7292800
1!
b1 %
1+
b1 /
b1100 0
b1100001001 2
b1 3
b1100001010 7

#7296000
0!
0+

#7299200
1!
b10 %
1+
b10 /
b1101 0
b1100001010 2
b10 3
b1100001011 7

#7302400
0!
0+

#7305600
1!
b1 %
1+
b1 /
b1110 0
b1100001011 2
b1 3
b1100001100 7

#7308800
0!
0+

#7312000
1!
b11 %
1+
b11 /
b1111 0
b1100001100 2
b11 3
b110101 6
b1100001100 7

#7315200
0!
0+

#7318400
1!
b1 %
1+
b1 /
b0 0
b110101 1
b1 3
b110101 6
b1100001101 7

#7321600
0!
0+

#7324800
1!
b10 %
1+
b10 /
b1 0
b1100001101 2
b10 3
b1100001110 7

#7328000
0!
0+

#7331200
1!
b1 %
1+
b1 /
b10 0
b1100001110 2
b1 3
b1100001111 7

#7334400
0!
0+

#7337600
1!
b10 %
1+
b10 /
b11 0
b1100001111 2
b10 3
b1100010000 7

#7340800
0!
0+

#7344000
1!
b1 %
1+
b1 /
b100 0
b1100010000 2
b1 3
b1100010001 7

#7347200
0!
0+

#7350400
1!
b10 %
1+
b10 /
b101 0
b1100010001 2
b10 3
b1100010010 7

#7353600
0!
0+

#7356800
1!
b1 %
1+
b1 /
b110 0
b1100010010 2
b1 3
b1100010011 7

#7360000
0!
0+

#7363200
1!
b10 %
1+
b10 /
b111 0
b1100010011 2
b10 3
b1100010100 7

#7366400
0!
0+

#7369600
1!
b1 %
1+
b1 /
b1000 0
b1100010100 2
b1 3
b1100010101 7

#7372800
0!
0+

#7376000
1!
b10 %
1+
b10 /
b1001 0
b1100010101 2
b10 3
b1100010110 7

#7379200
0!
0+

#7382400
1!
b1 %
1+
b1 /
b1010 0
b1100010110 2
b1 3
b1100010111 7

#7385600
0!
0+

#7388800
1!
b10 %
1+
b10 /
b1011 0
b1100010111 2
b10 3
b1100011000 7

#7392000
0!
0+

#7395200
1!
b1 %
1+
b1 /
b1100 0
b1100011000 2
b1 3
b1100011001 7

#7398400
0!
0+

#7401600
1!
b10 %
1+
b10 /
b1101 0
b1100011001 2
b10 3
b1100011010 7

#7404800
0!
0+

#7408000
1!
b1 %
1+
b1 /
b1110 0
b1100011010 2
b1 3
b1100011011 7

#7411200
0!
0+

#7414400
1!
b11 %
1+
b11 /
b1111 0
b1100011011 2
b11 3
b110110 6
b1100011011 7

#7417600
0!
0+

#7420800
1!
b1 %
1+
b1 /
b0 0
b110110 1
b1 3
b110110 6
b1100011100 7

#7424000
0!
0+

#7427200
1!
b10 %
1+
b10 /
b1 0
b1100011100 2
b10 3
b1100011101 7

#7430400
0!
0+

#7433600
1!
b1 %
1+
b1 /
b10 0
b1100011101 2
b1 3
b1100011110 7

#7436800
0!
0+

#7440000
1!
b10 %
1+
b10 /
b11 0
b1100011110 2
b10 3
b1100011111 7

#7443200
0!
0+

#7446400
1!
b1 %
1+
b1 /
b100 0
b1100011111 2
b1 3
b1100100000 7

#7449600
0!
0+

#7452800
1!
b10 %
1+
b10 /
b101 0
b1100100000 2
b10 3
b1100100001 7

#7456000
0!
0+

#7459200
1!
b1 %
1+
b1 /
b110 0
b1100100001 2
b1 3
b1100100010 7

#7462400
0!
0+

#7465600
1!
b10 %
1+
b10 /
b111 0
b1100100010 2
b10 3
b1100100011 7

#7468800
0!
0+

#7472000
1!
b1 %
1+
b1 /
b1000 0
b1100100011 2
b1 3
b1100100100 7

#7475200
0!
0+

#7478400
1!
b10 %
1+
b10 /
b1001 0
b1100100100 2
b10 3
b1100100101 7

#7481600
0!
0+

#7484800
1!
b1 %
1+
b1 /
b1010 0
b1100100101 2
b1 3
b1100100110 7

#7488000
0!
0+

#7491200
1!
b10 %
1+
b10 /
b1011 0
b1100100110 2
b10 3
b1100100111 7

#7494400
0!
0+

#7497600
1!
b1 %
1+
b1 /
b1100 0
b1100100111 2
b1 3
b1100101000 7

#7500800
0!
0+

#7504000
1!
b10 %
1+
b10 /
b1101 0
b1100101000 2
b10 3
b1100101001 7

#7507200
0!
0+

#7510400
1!
b1 %
1+
b1 /
b1110 0
b1100101001 2
b1 3
b1100101010 7

#7513600
0!
0+

#7516800
1!
b11 %
1+
b11 /
b1111 0
b1100101010 2
b11 3
b110111 6
b1100101010 7

#7520000
0!
0+

#7523200
1!
b1 %
1+
b1 /
b0 0
b110111 1
b1 3
b110111 6
b1100101011 7

#7526400
0!
0+

#7529600
1!
b10 %
1+
b10 /
b1 0
b1100101011 2
b10 3
b1100101100 7

#7532800
0!
0+

#7536000
1!
b1 %
1+
b1 /
b10 0
b1100101100 2
b1 3
b1100101101 7

#7539200
0!
0+

#7542400
1!
b10 %
1+
b10 /
b11 0
b1100101101 2
b10 3
b1100101110 7

#7545600
0!
0+

#7548800
1!
b1 %
1+
b1 /
b100 0
b1100101110 2
b1 3
b1100101111 7

#7552000
0!
0+

#7555200
1!
b10 %
1+
b10 /
b101 0
b1100101111 2
b10 3
b1100110000 7

#7558400
0!
0+

#7561600
1!
b1 %
1+
b1 /
b110 0
b1100110000 2
b1 3
b1100110001 7

#7564800
0!
0+

#7568000
1!
b10 %
1+
b10 /
b111 0
b1100110001 2
b10 3
b1100110010 7

#7571200
0!
0+

#7574400
1!
b1 %
1+
b1 /
b1000 0
b1100110010 2
b1 3
b1100110011 7

#7577600
0!
0+

#7580800
1!
b10 %
1+
b10 /
b1001 0
b1100110011 2
b10 3
b1100110100 7

#7584000
0!
0+

#7587200
1!
b1 %
1+
b1 /
b1010 0
b1100110100 2
b1 3
b1100110101 7

#7590400
0!
0+

#7593600
1!
b10 %
1+
b10 /
b1011 0
b1100110101 2
b10 3
b1100110110 7

#7596800
0!
0+

#7600000
1!
b1 %
1+
b1 /
b1100 0
b1100110110 2
b1 3
b1100110111 7

#7603200
0!
0+

#7606400
1!
b10 %
1+
b10 /
b1101 0
b1100110111 2
b10 3
b1100111000 7

#7609600
0!
0+

#7612800
1!
b1 %
1+
b1 /
b1110 0
b1100111000 2
b1 3
b1100111001 7

#7616000
0!
0+

#7619200
1!
b11 %
1+
b11 /
b1111 0
b1100111001 2
b11 3
b111000 6
b1100111001 7

#7622400
0!
0+

#7625600
1!
b1 %
1+
b1 /
b0 0
b111000 1
b1 3
b111000 6
b1100111010 7

#7628800
0!
0+

#7632000
1!
b10 %
1+
b10 /
b1 0
b1100111010 2
b10 3
b1100111011 7

#7635200
0!
0+

#7638400
1!
b1 %
1+
b1 /
b10 0
b1100111011 2
b1 3
b1100111100 7

#7641600
0!
0+

#7644800
1!
b10 %
1+
b10 /
b11 0
b1100111100 2
b10 3
b1100111101 7

#7648000
0!
0+

#7651200
1!
b1 %
1+
b1 /
b100 0
b1100111101 2
b1 3
b1100111110 7

#7654400
0!
0+

#7657600
1!
b10 %
1+
b10 /
b101 0
b1100111110 2
b10 3
b1100111111 7

#7660800
0!
0+

#7664000
1!
b1 %
1+
b1 /
b110 0
b1100111111 2
b1 3
b1101000000 7

#7667200
0!
0+

#7670400
1!
b10 %
1+
b10 /
b111 0
b1101000000 2
b10 3
b1101000001 7

#7673600
0!
0+

#7676800
1!
b1 %
1+
b1 /
b1000 0
b1101000001 2
b1 3
b1101000010 7

#7680000
0!
0+

#7683200
1!
b10 %
1+
b10 /
b1001 0
b1101000010 2
b10 3
b1101000011 7

#7686400
0!
0+

#7689600
1!
b1 %
1+
b1 /
b1010 0
b1101000011 2
b1 3
b1101000100 7

#7692800
0!
0+

#7696000
1!
b10 %
1+
b10 /
b1011 0
b1101000100 2
b10 3
b1101000101 7

#7699200
0!
0+

#7702400
1!
b1 %
1+
b1 /
b1100 0
b1101000101 2
b1 3
b1101000110 7

#7705600
0!
0+

#7708800
1!
b10 %
1+
b10 /
b1101 0
b1101000110 2
b10 3
b1101000111 7

#7712000
0!
0+

#7715200
1!
b1 %
1+
b1 /
b1110 0
b1101000111 2
b1 3
b1101001000 7

#7718400
0!
0+

#7721600
1!
b11 %
1+
b11 /
b1111 0
b1101001000 2
b11 3
b111001 6
b1101001000 7

#7724800
0!
0+

#7728000
1!
b1 %
1+
b1 /
b0 0
b111001 1
b1 3
b111001 6
b1101001001 7

#7731200
0!
0+

#7734400
1!
b10 %
1+
b10 /
b1 0
b1101001001 2
b10 3
b1101001010 7

#7737600
0!
0+

#7740800
1!
b1 %
1+
b1 /
b10 0
b1101001010 2
b1 3
b1101001011 7

#7744000
0!
0+

#7747200
1!
b10 %
1+
b10 /
b11 0
b1101001011 2
b10 3
b1101001100 7

#7750400
0!
0+

#7753600
1!
b1 %
1+
b1 /
b100 0
b1101001100 2
b1 3
b1101001101 7

#7756800
0!
0+

#7760000
1!
b10 %
1+
b10 /
b101 0
b1101001101 2
b10 3
b1101001110 7

#7763200
0!
0+

#7766400
1!
b1 %
1+
b1 /
b110 0
b1101001110 2
b1 3
b1101001111 7

#7769600
0!
0+

#7772800
1!
b10 %
1+
b10 /
b111 0
b1101001111 2
b10 3
b1101010000 7

#7776000
0!
0+

#7779200
1!
b1 %
1+
b1 /
b1000 0
b1101010000 2
b1 3
b1101010001 7

#7782400
0!
0+

#7785600
1!
b10 %
1+
b10 /
b1001 0
b1101010001 2
b10 3
b1101010010 7

#7788800
0!
0+

#7792000
1!
b1 %
1+
b1 /
b1010 0
b1101010010 2
b1 3
b1101010011 7

#7795200
0!
0+

#7798400
1!
b10 %
1+
b10 /
b1011 0
b1101010011 2
b10 3
b1101010100 7

#7801600
0!
0+

#7804800
1!
b1 %
1+
b1 /
b1100 0
b1101010100 2
b1 3
b1101010101 7

#7808000
0!
0+

#7811200
1!
b10 %
1+
b10 /
b1101 0
b1101010101 2
b10 3
b1101010110 7

#7814400
0!
0+

#7817600
1!
b1 %
1+
b1 /
b1110 0
b1101010110 2
b1 3
b1101010111 7

#7820800
0!
0+

#7824000
1!
b11 %
1+
b11 /
b1111 0
b1101010111 2
b11 3
b111010 6
b1101010111 7

#7827200
0!
0+

#7830400
1!
b1 %
1+
b1 /
b0 0
b111010 1
b1 3
b111010 6
b1101011000 7

#7833600
0!
0+

#7836800
1!
b10 %
1+
b10 /
b1 0
b1101011000 2
b10 3
b1101011001 7

#7840000
0!
0+

#7843200
1!
b1 %
1+
b1 /
b10 0
b1101011001 2
b1 3
b1101011010 7

#7846400
0!
0+

#7849600
1!
b10 %
1+
b10 /
b11 0
b1101011010 2
b10 3
b1101011011 7

#7852800
0!
0+

#7856000
1!
b1 %
1+
b1 /
b100 0
b1101011011 2
b1 3
b1101011100 7

#7859200
0!
0+

#7862400
1!
b10 %
1+
b10 /
b101 0
b1101011100 2
b10 3
b1101011101 7

#7865600
0!
0+

#7868800
1!
b1 %
1+
b1 /
b110 0
b1101011101 2
b1 3
b1101011110 7

#7872000
0!
0+

#7875200
1!
b10 %
1+
b10 /
b111 0
b1101011110 2
b10 3
b1101011111 7

#7878400
0!
0+

#7881600
1!
b1 %
1+
b1 /
b1000 0
b1101011111 2
b1 3
b1101100000 7

#7884800
0!
0+

#7888000
1!
b10 %
1+
b10 /
b1001 0
b1101100000 2
b10 3
b1101100001 7

#7891200
0!
0+

#7894400
1!
b1 %
1+
b1 /
b1010 0
b1101100001 2
b1 3
b1101100010 7

#7897600
0!
0+

#7900800
1!
b10 %
1+
b10 /
b1011 0
b1101100010 2
b10 3
b1101100011 7

#7904000
0!
0+

#7907200
1!
b1 %
1+
b1 /
b1100 0
b1101100011 2
b1 3
b1101100100 7

#7910400
0!
0+

#7913600
1!
b10 %
1+
b10 /
b1101 0
b1101100100 2
b10 3
b1101100101 7

#7916800
0!
0+

#7920000
1!
b1 %
1+
b1 /
b1110 0
b1101100101 2
b1 3
b1101100110 7

#7923200
0!
0+

#7926400
1!
b11 %
1+
b11 /
b1111 0
b1101100110 2
b11 3
b111011 6
b1101100110 7

#7929600
0!
0+

#7932800
1!
b1 %
1+
b1 /
b0 0
b111011 1
b1 3
b111011 6
b1101100111 7

#7936000
0!
0+

#7939200
1!
b10 %
1+
b10 /
b1 0
b1101100111 2
b10 3
b1101101000 7

#7942400
0!
0+

#7945600
1!
b1 %
1+
b1 /
b10 0
b1101101000 2
b1 3
b1101101001 7

#7948800
0!
0+

#7952000
1!
b10 %
1+
b10 /
b11 0
b1101101001 2
b10 3
b1101101010 7

#7955200
0!
0+

#7958400
1!
b1 %
1+
b1 /
b100 0
b1101101010 2
b1 3
b1101101011 7

#7961600
0!
0+

#7964800
1!
b10 %
1+
b10 /
b101 0
b1101101011 2
b10 3
b1101101100 7

#7968000
0!
0+

#7971200
1!
b1 %
1+
b1 /
b110 0
b1101101100 2
b1 3
b1101101101 7

#7974400
0!
0+

#7977600
1!
b10 %
1+
b10 /
b111 0
b1101101101 2
b10 3
b1101101110 7

#7980800
0!
0+

#7984000
1!
b1 %
1+
b1 /
b1000 0
b1101101110 2
b1 3
b1101101111 7

#7987200
0!
0+

#7990400
1!
b10 %
1+
b10 /
b1001 0
b1101101111 2
b10 3
b1101110000 7

#7993600
0!
0+

#7996800
1!
b1 %
1+
b1 /
b1010 0
b1101110000 2
b1 3
b1101110001 7

#8000000
0!
0+

#8003200
1!
b10 %
1+
b10 /
b1011 0
b1101110001 2
b10 3
b1101110010 7

#8006400
0!
0+

#8009600
1!
b1 %
1+
b1 /
b1100 0
b1101110010 2
b1 3
b1101110011 7

#8012800
0!
0+

#8016000
1!
b10 %
1+
b10 /
b1101 0
b1101110011 2
b10 3
b1101110100 7

#8019200
0!
0+

#8022400
1!
b1 %
1+
b1 /
b1110 0
b1101110100 2
b1 3
b1101110101 7

#8025600
0!
0+

#8028800
1!
b11 %
1+
b11 /
b1111 0
b1101110101 2
b11 3
b111100 6
b1101110101 7

#8032000
0!
0+

#8035200
1!
b1 %
1+
b1 /
b0 0
b111100 1
b1 3
b111100 6
b1101110110 7

#8038400
0!
0+

#8041600
1!
b10 %
1+
b10 /
b1 0
b1101110110 2
b10 3
b1101110111 7

#8044800
0!
0+

#8048000
1!
b1 %
1+
b1 /
b10 0
b1101110111 2
b1 3
b1101111000 7

#8051200
0!
0+

#8054400
1!
b10 %
1+
b10 /
b11 0
b1101111000 2
b10 3
b1101111001 7

#8057600
0!
0+

#8060800
1!
b1 %
1+
b1 /
b100 0
b1101111001 2
b1 3
b1101111010 7

#8064000
0!
0+

#8067200
1!
b10 %
1+
b10 /
b101 0
b1101111010 2
b10 3
b1101111011 7

#8070400
0!
0+

#8073600
1!
b1 %
1+
b1 /
b110 0
b1101111011 2
b1 3
b1101111100 7

#8076800
0!
0+

#8080000
1!
b10 %
1+
b10 /
b111 0
b1101111100 2
b10 3
b1101111101 7

#8083200
0!
0+

#8086400
1!
b1 %
1+
b1 /
b1000 0
b1101111101 2
b1 3
b1101111110 7

#8089600
0!
0+

#8092800
1!
b10 %
1+
b10 /
b1001 0
b1101111110 2
b10 3
b1101111111 7

#8096000
0!
0+

#8099200
1!
b1 %
1+
b1 /
b1010 0
b1101111111 2
b1 3
b1110000000 7

#8102400
0!
0+

#8105600
1!
b10 %
1+
b10 /
b1011 0
b1110000000 2
b10 3
b1110000001 7

#8108800
0!
0+

#8112000
1!
b1 %
1+
b1 /
b1100 0
b1110000001 2
b1 3
b1110000010 7

#8115200
0!
0+

#8118400
1!
b10 %
1+
b10 /
b1101 0
b1110000010 2
b10 3
b1110000011 7

#8121600
0!
0+

#8124800
1!
b1 %
1+
b1 /
b1110 0
b1110000011 2
b1 3
b1110000100 7

#8128000
0!
0+

#8131200
1!
b11 %
1+
b11 /
b1111 0
b1110000100 2
b11 3
b111101 6
b1110000100 7

#8134400
0!
0+

#8137600
1!
b1 %
1+
b1 /
b0 0
b111101 1
b1 3
b111101 6
b1110000101 7

#8140800
0!
0+

#8144000
1!
b10 %
1+
b10 /
b1 0
b1110000101 2
b10 3
b1110000110 7

#8147200
0!
0+

#8150400
1!
b1 %
1+
b1 /
b10 0
b1110000110 2
b1 3
b1110000111 7

#8153600
0!
0+

#8156800
1!
b10 %
1+
b10 /
b11 0
b1110000111 2
b10 3
b1110001000 7

#8160000
0!
0+

#8163200
1!
b1 %
1+
b1 /
b100 0
b1110001000 2
b1 3
b1110001001 7

#8166400
0!
0+

#8169600
1!
b10 %
1+
b10 /
b101 0
b1110001001 2
b10 3
b1110001010 7

#8172800
0!
0+

#8176000
1!
b1 %
1+
b1 /
b110 0
b1110001010 2
b1 3
b1110001011 7

#8179200
0!
0+

#8182400
1!
b10 %
1+
b10 /
b111 0
b1110001011 2
b10 3
b1110001100 7

#8185600
0!
0+

#8188800
1!
b1 %
1+
b1 /
b1000 0
b1110001100 2
b1 3
b1110001101 7

#8192000
0!
0+

#8195200
1!
b10 %
1+
b10 /
b1001 0
b1110001101 2
b10 3
b1110001110 7

#8198400
0!
0+

#8201600
1!
b1 %
1+
b1 /
b1010 0
b1110001110 2
b1 3
b1110001111 7

#8204800
0!
0+

#8208000
1!
b10 %
1+
b10 /
b1011 0
b1110001111 2
b10 3
b1110010000 7

#8211200
0!
0+

#8214400
1!
b1 %
1+
b1 /
b1100 0
b1110010000 2
b1 3
b1110010001 7

#8217600
0!
0+

#8220800
1!
b10 %
1+
b10 /
b1101 0
b1110010001 2
b10 3
b1110010010 7

#8224000
0!
0+

#8227200
1!
b1 %
1+
b1 /
b1110 0
b1110010010 2
b1 3
b1110010011 7

#8230400
0!
0+

#8233600
1!
b11 %
1+
b11 /
b1111 0
b1110010011 2
b11 3
b111110 6
b1110010011 7

#8236800
0!
0+

#8240000
1!
b1 %
1+
b1 /
b0 0
b111110 1
b1 3
b111110 6
b1110010100 7

#8243200
0!
0+

#8246400
1!
b10 %
1+
b10 /
b1 0
b1110010100 2
b10 3
b1110010101 7

#8249600
0!
0+

#8252800
1!
b1 %
1+
b1 /
b10 0
b1110010101 2
b1 3
b1110010110 7

#8256000
0!
0+

#8259200
1!
b10 %
1+
b10 /
b11 0
b1110010110 2
b10 3
b1110010111 7

#8262400
0!
0+

#8265600
1!
b1 %
1+
b1 /
b100 0
b1110010111 2
b1 3
b1110011000 7

#8268800
0!
0+

#8272000
1!
b10 %
1+
b10 /
b101 0
b1110011000 2
b10 3
b1110011001 7

#8275200
0!
0+

#8278400
1!
b1 %
1+
b1 /
b110 0
b1110011001 2
b1 3
b1110011010 7

#8281600
0!
0+

#8284800
1!
b10 %
1+
b10 /
b111 0
b1110011010 2
b10 3
b1110011011 7

#8288000
0!
0+

#8291200
1!
b1 %
1+
b1 /
b1000 0
b1110011011 2
b1 3
b1110011100 7

#8294400
0!
0+

#8297600
1!
b10 %
1+
b10 /
b1001 0
b1110011100 2
b10 3
b1110011101 7

#8300800
0!
0+

#8304000
1!
b1 %
1+
b1 /
b1010 0
b1110011101 2
b1 3
b1110011110 7

#8307200
0!
0+

#8310400
1!
b10 %
1+
b10 /
b1011 0
b1110011110 2
b10 3
b1110011111 7

#8313600
0!
0+

#8316800
1!
b1 %
1+
b1 /
b1100 0
b1110011111 2
b1 3
b1110100000 7

#8320000
0!
0+

#8323200
1!
b10 %
1+
b10 /
b1101 0
b1110100000 2
b10 3
b1110100001 7

#8326400
0!
0+

#8329600
1!
b1 %
1+
b1 /
b1110 0
b1110100001 2
b1 3
b1110100010 7

#8332800
0!
0+

#8336000
1!
b11 %
1+
b11 /
b1111 0
b1110100010 2
b11 3
b111111 6
b1110100010 7

#8339200
0!
0+

#8342400
1!
b1 %
1+
b1 /
b0 0
b111111 1
b1 3
b111111 6
b1110100011 7

#8345600
0!
0+

#8348800
1!
b10 %
1+
b10 /
b1 0
b1110100011 2
b10 3
b1110100100 7

#8352000
0!
0+

#8355200
1!
b1 %
1+
b1 /
b10 0
b1110100100 2
b1 3
b1110100101 7

#8358400
0!
0+

#8361600
1!
b10 %
1+
b10 /
b11 0
b1110100101 2
b10 3
b1110100110 7

#8364800
0!
0+

#8368000
1!
b1 %
1+
b1 /
b100 0
b1110100110 2
b1 3
b1110100111 7

#8371200
0!
0+

#8374400
1!
b10 %
1+
b10 /
b101 0
b1110100111 2
b10 3
b1110101000 7

#8377600
0!
0+

#8380800
1!
b1 %
1+
b1 /
b110 0
b1110101000 2
b1 3
b1110101001 7

#8384000
0!
0+

#8387200
1!
b10 %
1+
b10 /
b111 0
b1110101001 2
b10 3
b1110101010 7

#8390400
0!
0+

#8393600
1!
b1 %
1+
b1 /
b1000 0
b1110101010 2
b1 3
b1110101011 7

#8396800
0!
0+

#8400000
1!
b10 %
1+
b10 /
b1001 0
b1110101011 2
b10 3
b1110101100 7

#8403200
0!
0+

#8406400
1!
b1 %
1+
b1 /
b1010 0
b1110101100 2
b1 3
b1110101101 7

#8409600
0!
0+

#8412800
1!
b10 %
1+
b10 /
b1011 0
b1110101101 2
b10 3
b1110101110 7

#8416000
0!
0+

#8419200
1!
b1 %
1+
b1 /
b1100 0
b1110101110 2
b1 3
b1110101111 7

#8422400
0!
0+

#8425600
1!
b10 %
1+
b10 /
b1101 0
b1110101111 2
b10 3
b1110110000 7

#8428800
0!
0+

#8432000
1!
b1 %
1+
b1 /
b1110 0
b1110110000 2
b1 3
b1110110001 7

#8435200
0!
0+

#8438400
1!
b11 %
1+
b11 /
b1111 0
b1110110001 2
b11 3
b1000000 6
b1110110001 7

#8441600
0!
0+

#8444800
1!
b1 %
1+
b1 /
b0 0
b1000000 1
b1 3
b1000000 6
b1110110010 7

#8448000
0!
0+

#8451200
1!
b10 %
1+
b10 /
b1 0
b1110110010 2
b10 3
b1110110011 7

#8454400
0!
0+

#8457600
1!
b1 %
1+
b1 /
b10 0
b1110110011 2
b1 3
b1110110100 7

#8460800
0!
0+

#8464000
1!
b10 %
1+
b10 /
b11 0
b1110110100 2
b10 3
b1110110101 7

#8467200
0!
0+

#8470400
1!
b1 %
1+
b1 /
b100 0
b1110110101 2
b1 3
b1110110110 7

#8473600
0!
0+

#8476800
1!
b10 %
1+
b10 /
b101 0
b1110110110 2
b10 3
b1110110111 7

#8480000
0!
0+

#8483200
1!
b1 %
1+
b1 /
b110 0
b1110110111 2
b1 3
b1110111000 7

#8486400
0!
0+

#8489600
1!
b10 %
1+
b10 /
b111 0
b1110111000 2
b10 3
b1110111001 7

#8492800
0!
0+

#8496000
1!
b1 %
1+
b1 /
b1000 0
b1110111001 2
b1 3
b1110111010 7

#8499200
0!
0+

#8502400
1!
b10 %
1+
b10 /
b1001 0
b1110111010 2
b10 3
b1110111011 7

#8505600
0!
0+

#8508800
1!
b1 %
1+
b1 /
b1010 0
b1110111011 2
b1 3
b1110111100 7

#8512000
0!
0+

#8515200
1!
b10 %
1+
b10 /
b1011 0
b1110111100 2
b10 3
b1110111101 7

#8518400
0!
0+

#8521600
1!
b1 %
1+
b1 /
b1100 0
b1110111101 2
b1 3
b1110111110 7

#8524800
0!
0+

#8528000
1!
b10 %
1+
b10 /
b1101 0
b1110111110 2
b10 3
b1110111111 7

#8531200
0!
0+

#8534400
1!
b1 %
1+
b1 /
b1110 0
b1110111111 2
b1 3
b1111000000 7

#8537600
0!
0+

#8540800
1!
0"
0#
0$
b0 %
0'
b1101 )
1+
0,
0-
0.
b0 /
b0 0
b0 1
b0 2
b0 3
b0 4
b0 5
b1 6
b0 7

#8544000
0!
0+

#8547200
1!
1+

#8550400
0!
0+

#8553600
1!
1"
1#
1$
b10 %
1+
1,
1-
1.
b10 /
b10 3
b0 6
b1 7

#8556800
0!
0+

#8560000
1!
b1 %
1+
b1 /
b1 0
b1 3

#8563200
0!
0+

#8566400
1!
b10 %
1+
b10 /
b10 0
b10 3

#8569600
0!
0+

#8572800
1!
b1 %
1+
b1 /
b11 0
b1 3

#8576000
0!
0+

#8579200
1!
b10 %
1+
b10 /
b100 0
b10 3

#8582400
0!
0+

#8585600
1!
b1 %
1+
b1 /
b101 0
b1 3

#8588800
0!
0+

#8592000
1!
b10 %
1+
b10 /
b110 0
b10 3

#8595200
0!
0+

#8598400
1!
b1 %
1+
b1 /
b111 0
b1 3

#8601600
0!
0+

#8604800
1!
b10 %
1+
b10 /
b1000 0
b10 3

#8608000
0!
0+

#8611200
1!
b1 %
1+
b1 /
b1001 0
b1 3

#8614400
0!
0+

#8617600
1!
b10 %
1+
b10 /
b1010 0
b10 3

#8620800
0!
0+

#8624000
1!
b1 %
1+
b1 /
b1011 0
b1 3

#8627200
0!
0+

#8630400
1!
b10 %
1+
b10 /
b1100 0
b10 3

#8633600
0!
0+

#8636800
1!
b1 %
1+
b1 /
b1101 0
b1 3

#8640000
0!
0+

#8643200
1!
b10 %
1+
b10 /
b1110 0
b10 3

#8646400
0!
0+

#8649600
1!
b1 %
1+
b1 /
b1111 0
b1 3

#8652800
0!
0+

#8656000
1!
b10 %
1+
b10 /
b10000 0
b10 3

#8659200
0!
0+

#8662400
1!
b1 %
1+
b1 /
b10001 0
b1 3

#8665600
0!
0+

#8668800
1!
b10 %
1+
b10 /
b10010 0
b10 3

#8672000
0!
0+

#8675200
1!
b1 %
1+
b1 /
b10011 0
b1 3

#8678400
0!
0+

#8681600
1!
b10 %
1+
b10 /
b10100 0
b10 3

#8684800
0!
0+

#8688000
1!
b1 %
1+
b1 /
b10101 0
b1 3

#8691200
0!
0+

#8694400
1!
b10 %
1+
b10 /
b10110 0
b10 3

#8697600
0!
0+

#8700800
1!
b1 %
1+
b1 /
b10111 0
b1 3

#8704000
0!
0+

#8707200
1!
b10 %
1+
b10 /
b11000 0
b10 3

#8710400
0!
0+

#8713600
1!
b1 %
1+
b1 /
b11001 0
b1 3

#8716800
0!
0+

#8720000
1!
b10 %
1+
b10 /
b11010 0
b10 3

#8723200
0!
0+

#8726400
1!
b1 %
1+
b1 /
b11011 0
b1 3

#8729600
0!
0+

#8732800
1!
b10 %
1+
b10 /
b11100 0
b10 3

#8736000
0!
0+

#8739200
1!
b1 %
1+
b1 /
b11101 0
b1 3

#8742400
0!
0+

#8745600
1!
b10 %
1+
b10 /
b11110 0
b10 3

#8748800
0!
0+

#8752000
1!
b1 %
1+
b1 /
b11111 0
b1 3

#8755200
0!
0+

#8758400
1!
b10 %
1+
b10 /
b100000 0
b10 3

#8761600
0!
0+

#8764800
1!
b1 %
1+
b1 /
b100001 0
b1 3

#8768000
0!
0+

#8771200
1!
b10 %
1+
b10 /
b100010 0
b10 3

#8774400
0!
0+

#8777600
1!
b1 %
1+
b1 /
b100011 0
b1 3

#8780800
0!
0+

#8784000
1!
b10 %
1+
b10 /
b100100 0
b10 3

#8787200
0!
0+

#8790400
1!
b1 %
1+
b1 /
b100101 0
b1 3

#8793600
0!
0+

#8796800
1!
b10 %
1+
b10 /
b100110 0
b10 3

#8800000
0!
0+

#8803200
1!
b1 %
1+
b1 /
b100111 0
b1 3

#8806400
0!
0+

#8809600
1!
b10 %
1+
b10 /
b101000 0
b10 3

#8812800
0!
0+

#8816000
1!
b1 %
1+
b1 /
b101001 0
b1 3

#8819200
0!
0+

#8822400
1!
b10 %
1+
b10 /
b101010 0
b10 3

#8825600
0!
0+

#8828800
1!
b1 %
1+
b1 /
b101011 0
b1 3

#8832000
0!
0+

#8835200
1!
b10 %
1+
b10 /
b101100 0
b10 3

#8838400
0!
0+

#8841600
1!
b1 %
1+
b1 /
b101101 0
b1 3

#8844800
0!
0+

#8848000
1!
b10 %
1+
b10 /
b101110 0
b10 3

#8851200
0!
0+

#8854400
1!
b1 %
1+
b1 /
b101111 0
b1 3

#8857600
0!
0+

#8860800
1!
b10 %
1+
b10 /
b110000 0
b10 3

#8864000
0!
0+

#8867200
1!
b1 %
1+
b1 /
b110001 0
b1 3

#8870400
0!
0+

#8873600
1!
b10 %
1+
b10 /
b110010 0
b10 3

#8876800
0!
0+

#8880000
1!
b1 %
1+
b1 /
b110011 0
b1 3

#8883200
0!
0+

#8886400
1!
b10 %
1+
b10 /
b110100 0
b10 3

#8889600
0!
0+

#8892800
1!
b1 %
1+
b1 /
b110101 0
b1 3

#8896000
0!
0+

#8899200
1!
b10 %
1+
b10 /
b110110 0
b10 3

#8902400
0!
0+

#8905600
1!
b1 %
1+
b1 /
b110111 0
b1 3

#8908800
0!
0+

#8912000
1!
b10 %
1+
b10 /
b111000 0
b10 3

#8915200
0!
0+

#8918400
1!
b1 %
1+
b1 /
b111001 0
b1 3

#8921600
0!
0+

#8924800
1!
b10 %
1+
b10 /
b111010 0
b10 3

#8928000
0!
0+

#8931200
1!
b1 %
1+
b1 /
b111011 0
b1 3

#8934400
0!
0+

#8937600
1!
b10 %
1+
b10 /
b111100 0
b10 3

#8940800
0!
0+

#8944000
1!
b1 %
1+
b1 /
b111101 0
b1 3

#8947200
0!
0+

#8950400
1!
b10 %
1+
b10 /
b111110 0
b10 3

#8953600
0!
0+

#8956800
1!
b1 %
1+
b1 /
b111111 0
b1 3
b1 5

#8960000
0!
0+

#8963200
1!
b11 %
0&
1'
1(
1+
b11 /
b1000000 0
b11 3
b1 4
b1 5
b1 6
b0 7

#8966400
0!
0+

#8969600
1!
b1 %
1+
b1 /
b0 0
b1 1
b1 3
b1 6
b1 7

#8972800
0!
0+

#8976000
1!
b10 %
1+
b10 /
b1 0
b1 2
b10 3
b10 7

#8979200
0!
0+

#8982400
1!
b1 %
1+
b1 /
b10 0
b10 2
b1 3
b11 7

#8985600
0!
0+

#8988800
1!
b10 %
1+
b10 /
b11 0
b11 2
b10 3
b100 7

#8992000
0!
0+

#8995200
1!
b1 %
1+
b1 /
b100 0
b100 2
b1 3
b101 7

#8998400
0!
0+

#9001600
1!
b10 %
1+
b10 /
b101 0
b101 2
b10 3
b110 7

#9004800
0!
0+

#9008000
1!
b1 %
1+
b1 /
b110 0
b110 2
b1 3
b111 7

#9011200
0!
0+

#9014400
1!
b10 %
1+
b10 /
b111 0
b111 2
b10 3
b1000 7

#9017600
0!
0+

#9020800
1!
b1 %
1+
b1 /
b1000 0
b1000 2
b1 3
b1001 7

#9024000
0!
0+

#9027200
1!
b10 %
1+
b10 /
b1001 0
b1001 2
b10 3
b1010 7

#9030400
0!
0+

#9033600
1!
b1 %
1+
b1 /
b1010 0
b1010 2
b1 3
b1011 7

#9036800
0!
0+

#9040000
1!
b10 %
1+
b10 /
b1011 0
b1011 2
b10 3
b1100 7

#9043200
0!
0+

#9046400
1!
b1 %
1+
b1 /
b1100 0
b1100 2
b1 3
b1101 7

#9049600
0!
0+

#9052800
1!
b10 %
1+
b10 /
b1101 0
b1101 2
b10 3
b1110 7

#9056000
0!
0+

#9059200
1!
b1 %
1+
b1 /
b1110 0
b1110 2
b1 3
b1111 7

#9062400
0!
0+

#9065600
1!
b11 %
1+
b11 /
b1111 0
b1111 2
b11 3
b10 6
b1111 7

#9068800
0!
0+

#9072000
1!
b1 %
1+
b1 /
b0 0
b10 1
b1 3
b10 6
b10000 7

#9075200
0!
0+

#9078400
1!
b10 %
1+
b10 /
b1 0
b10000 2
b10 3
b10001 7

#9081600
0!
0+

#9084800
1!
b1 %
1+
b1 /
b10 0
b10001 2
b1 3
b10010 7

#9088000
0!
0+

#9091200
1!
b10 %
1+
b10 /
b11 0
b10010 2
b10 3
b10011 7

#9094400
0!
0+

#9097600
1!
b1 %
1+
b1 /
b100 0
b10011 2
b1 3
b10100 7

#9100800
0!
0+

#9104000
1!
b10 %
1+
b10 /
b101 0
b10100 2
b10 3
b10101 7

#9107200
0!
0+

#9110400
1!
b1 %
1+
b1 /
b110 0
b10101 2
b1 3
b10110 7

#9113600
0!
0+

#9116800
1!
b10 %
1+
b10 /
b111 0
b10110 2
b10 3
b10111 7

#9120000
0!
0+

#9123200
1!
b1 %
1+
b1 /
b1000 0
b10111 2
b1 3
b11000 7

#9126400
0!
0+

#9129600
1!
b10 %
1+
b10 /
b1001 0
b11000 2
b10 3
b11001 7

#9132800
0!
0+

#9136000
1!
b1 %
1+
b1 /
b1010 0
b11001 2
b1 3
b11010 7

#9139200
0!
0+

#9142400
1!
b10 %
1+
b10 /
b1011 0
b11010 2
b10 3
b11011 7

#9145600
0!
0+

#9148800
1!
b1 %
1+
b1 /
b1100 0
b11011 2
b1 3
b11100 7

#9152000
0!
0+

#9155200
1!
b10 %
1+
b10 /
b1101 0
b11100 2
b10 3
b11101 7

#9158400
0!
0+

#9161600
1!
b1 %
1+
b1 /
b1110 0
b11101 2
b1 3
b11110 7

#9164800
0!
0+

#9168000
1!
b11 %
1+
b11 /
b1111 0
b11110 2
b11 3
b11 6
b11110 7

#9171200
0!
0+

#9174400
1!
b1 %
1+
b1 /
b0 0
b11 1
b1 3
b11 6
b11111 7

#9177600
0!
0+

#9180800
1!
b10 %
1+
b10 /
b1 0
b11111 2
b10 3
b100000 7

#9184000
0!
0+

#9187200
1!
b1 %
1+
b1 /
b10 0
b100000 2
b1 3
b100001 7

#9190400
0!
0+

#9193600
1!
b10 %
1+
b10 /
b11 0
b100001 2
b10 3
b100010 7

#9196800
0!
0+

#9200000
1!
b1 %
1+
b1 /
b100 0
b100010 2
b1 3
b100011 7

#9203200
0!
0+

#9206400
1!
b10 %
1+
b10 /
b101 0
b100011 2
b10 3
b100100 7

#9209600
0!
0+

#9212800
1!
b1 %
1+
b1 /
b110 0
b100100 2
b1 3
b100101 7

#9216000
0!
0+

#9219200
1!
b10 %
1+
b10 /
b111 0
b100101 2
b10 3
b100110 7

#9222400
0!
0+

#9225600
1!
b1 %
1+
b1 /
b1000 0
b100110 2
b1 3
b100111 7

#9228800
0!
0+

#9232000
1!
b10 %
1+
b10 /
b1001 0
b100111 2
b10 3
b101000 7

#9235200
0!
0+

#9238400
1!
b1 %
1+
b1 /
b1010 0
b101000 2
b1 3
b101001 7

#9241600
0!
0+

#9244800
1!
b10 %
1+
b10 /
b1011 0
b101001 2
b10 3
b101010 7

#9248000
0!
0+

#9251200
1!
b1 %
1+
b1 /
b1100 0
b101010 2
b1 3
b101011 7

#9254400
0!
0+

#9257600
1!
b10 %
1+
b10 /
b1101 0
b101011 2
b10 3
b101100 7

#9260800
0!
0+

#9264000
1!
b11 %
1+
b11 /
b1110 0
b101100 2
b11 3
b100 6
b101100 7

#9267200
0!
0+

#9270400
1!
b10 %
1+
b10 /
b0 0
b100 1
b10 3
b100 6
b101101 7

#9273600
0!
0+

#9276800
1!
b1 %
1+
b1 /
b1 0
b101101 2
b1 3
b101110 7

#9280000
0!
0+

#9283200
1!
b10 %
1+
b10 /
b10 0
b101110 2
b10 3
b101111 7

#9286400
0!
0+

#9289600
1!
b1 %
1+
b1 /
b11 0
b101111 2
b1 3
b110000 7

#9292800
0!
0+

#9296000
1!
b10 %
1+
b10 /
b100 0
b110000 2
b10 3
b110001 7

#9299200
0!
0+

#9302400
1!
b1 %
1+
b1 /
b101 0
b110001 2
b1 3
b110010 7

#9305600
0!
0+

#9308800
1!
b10 %
1+
b10 /
b110 0
b110010 2
b10 3
b110011 7

#9312000
0!
0+

#9315200
1!
b1 %
1+
b1 /
b111 0
b110011 2
b1 3
b110100 7

#9318400
0!
0+

#9321600
1!
b10 %
1+
b10 /
b1000 0
b110100 2
b10 3
b110101 7

#9324800
0!
0+

#9328000
1!
b1 %
1+
b1 /
b1001 0
b110101 2
b1 3
b110110 7

#9331200
0!
0+

#9334400
1!
b10 %
1+
b10 /
b1010 0
b110110 2
b10 3
b110111 7

#9337600
0!
0+

#9340800
1!
b1 %
1+
b1 /
b1011 0
b110111 2
b1 3
b111000 7

#9344000
0!
0+

#9347200
1!
b10 %
1+
b10 /
b1100 0
b111000 2
b10 3
b111001 7

#9350400
0!
0+

#9353600
1!
b1 %
1+
b1 /
b1101 0
b111001 2
b1 3
b111010 7

#9356800
0!
0+

#9360000
1!
b10 %
1+
b10 /
b1110 0
b111010 2
b10 3
b111011 7

#9363200
0!
0+

#9366400
1!
b11 %
1+
b11 /
b1111 0
b111011 2
b11 3
b101 6
b111011 7

#9369600
0!
0+

#9372800
1!
b10 %
1+
b10 /
b0 0
b101 1
b10 3
b101 6
b111100 7

#9376000
0!
0+

#9379200
1!
b1 %
1+
b1 /
b1 0
b111100 2
b1 3
b111101 7

#9382400
0!
0+

#9385600
1!
b10 %
1+
b10 /
b10 0
b111101 2
b10 3
b111110 7

#9388800
0!
0+

#9392000
1!
b1 %
1+
b1 /
b11 0
b111110 2
b1 3
b111111 7

#9395200
0!
0+

#9398400
1!
b10 %
1+
b10 /
b100 0
b111111 2
b10 3
b1000000 7

#9401600
0!
0+

#9404800
1!
b1 %
1+
b1 /
b101 0
b1000000 2
b1 3
b1000001 7

#9408000
0!
0+

#9411200
1!
b10 %
1+
b10 /
b110 0
b1000001 2
b10 3
b1000010 7

#9414400
0!
0+

#9417600
1!
b1 %
1+
b1 /
b111 0
b1000010 2
b1 3
b1000011 7

#9420800
0!
0+

#9424000
1!
b10 %
1+
b10 /
b1000 0
b1000011 2
b10 3
b1000100 7

#9427200
0!
0+

#9430400
1!
b1 %
1+
b1 /
b1001 0
b1000100 2
b1 3
b1000101 7

#9433600
0!
0+

#9436800
1!
b10 %
1+
b10 /
b1010 0
b1000101 2
b10 3
b1000110 7

#9440000
0!
0+

#9443200
1!
b1 %
1+
b1 /
b1011 0
b1000110 2
b1 3
b1000111 7

#9446400
0!
0+

#9449600
1!
b10 %
1+
b10 /
b1100 0
b1000111 2
b10 3
b1001000 7

#9452800
0!
0+

#9456000
1!
b1 %
1+
b1 /
b1101 0
b1001000 2
b1 3
b1001001 7

#9459200
0!
0+

#9462400
1!
b10 %
1+
b10 /
b1110 0
b1001001 2
b10 3
b1001010 7

#9465600
0!
0+

#9468800
1!
b11 %
1+
b11 /
b1111 0
b1001010 2
b11 3
b110 6
b1001010 7

#9472000
0!
0+

#9475200
1!
b10 %
1+
b10 /
b0 0
b110 1
b10 3
b110 6
b1001011 7

#9478400
0!
0+

#9481600
1!
b1 %
1+
b1 /
b1 0
b1001011 2
b1 3
b1001100 7

#9484800
0!
0+

#9488000
1!
b10 %
1+
b10 /
b10 0
b1001100 2
b10 3
b1001101 7

#9491200
0!
0+

#9494400
1!
b1 %
1+
b1 /
b11 0
b1001101 2
b1 3
b1001110 7

#9497600
0!
0+

#9500800
1!
b10 %
1+
b10 /
b100 0
b1001110 2
b10 3
b1001111 7

#9504000
0!
0+

#9507200
1!
b1 %
1+
b1 /
b101 0
b1001111 2
b1 3
b1010000 7

#9510400
0!
0+

#9513600
1!
b10 %
1+
b10 /
b110 0
b1010000 2
b10 3
b1010001 7

#9516800
0!
0+

#9520000
1!
b1 %
1+
b1 /
b111 0
b1010001 2
b1 3
b1010010 7

#9523200
0!
0+

#9526400
1!
b10 %
1+
b10 /
b1000 0
b1010010 2
b10 3
b1010011 7

#9529600
0!
0+

#9532800
1!
b1 %
1+
b1 /
b1001 0
b1010011 2
b1 3
b1010100 7

#9536000
0!
0+

#9539200
1!
b10 %
1+
b10 /
b1010 0
b1010100 2
b10 3
b1010101 7

#9542400
0!
0+

#9545600
1!
b1 %
1+
b1 /
b1011 0
b1010101 2
b1 3
b1010110 7

#9548800
0!
0+

#9552000
1!
b10 %
1+
b10 /
b1100 0
b1010110 2
b10 3
b1010111 7

#9555200
0!
0+

#9558400
1!
b1 %
1+
b1 /
b1101 0
b1010111 2
b1 3
b1011000 7

#9561600
0!
0+

#9564800
1!
b10 %
1+
b10 /
b1110 0
b1011000 2
b10 3
b1011001 7

#9568000
0!
0+

#9571200
1!
b11 %
1+
b11 /
b1111 0
b1011001 2
b11 3
b111 6
b1011001 7

#9574400
0!
0+

#9577600
1!
b10 %
1+
b10 /
b0 0
b111 1
b10 3
b111 6
b1011010 7

#9580800
0!
0+

#9584000
1!
b1 %
1+
b1 /
b1 0
b1011010 2
b1 3
b1011011 7

#9587200
0!
0+

#9590400
1!
b10 %
1+
b10 /
b10 0
b1011011 2
b10 3
b1011100 7

#9593600
0!
0+

#9596800
1!
b1 %
1+
b1 /
b11 0
b1011100 2
b1 3
b1011101 7

#9600000
0!
0+

#9603200
1!
b10 %
1+
b10 /
b100 0
b1011101 2
b10 3
b1011110 7

#9606400
0!
0+

#9609600
1!
b1 %
1+
b1 /
b101 0
b1011110 2
b1 3
b1011111 7

#9612800
0!
0+

#9616000
1!
b10 %
1+
b10 /
b110 0
b1011111 2
b10 3
b1100000 7

#9619200
0!
0+

#9622400
1!
b1 %
1+
b1 /
b111 0
b1100000 2
b1 3
b1100001 7

#9625600
0!
0+

#9628800
1!
b10 %
1+
b10 /
b1000 0
b1100001 2
b10 3
b1100010 7

#9632000
0!
0+

#9635200
1!
b1 %
1+
b1 /
b1001 0
b1100010 2
b1 3
b1100011 7

#9638400
0!
0+

#9641600
1!
b10 %
1+
b10 /
b1010 0
b1100011 2
b10 3
b1100100 7

#9644800
0!
0+

#9648000
1!
b1 %
1+
b1 /
b1011 0
b1100100 2
b1 3
b1100101 7

#9651200
0!
0+

#9654400
1!
b10 %
1+
b10 /
b1100 0
b1100101 2
b10 3
b1100110 7

#9657600
0!
0+

#9660800
1!
b1 %
1+
b1 /
b1101 0
b1100110 2
b1 3
b1100111 7

#9664000
0!
0+

#9667200
1!
b11 %
1+
b11 /
b1110 0
b1100111 2
b11 3
b1000 6
b1100111 7

#9670400
0!
0+

#9673600
1!
b1 %
1+
b1 /
b0 0
b1000 1
b1 3
b1000 6
b1101000 7

#9676800
0!
0+

#9680000
1!
b10 %
1+
b10 /
b1 0
b1101000 2
b10 3
b1101001 7

#9683200
0!
0+

#9686400
1!
b1 %
1+
b1 /
b10 0
b1101001 2
b1 3
b1101010 7

#9689600
0!
0+

#9692800
1!
b10 %
1+
b10 /
b11 0
b1101010 2
b10 3
b1101011 7

#9696000
0!
0+

#9699200
1!
b1 %
1+
b1 /
b100 0
b1101011 2
b1 3
b1101100 7

#9702400
0!
0+

#9705600
1!
b10 %
1+
b10 /
b101 0
b1101100 2
b10 3
b1101101 7

#9708800
0!
0+

#9712000
1!
b1 %
1+
b1 /
b110 0
b1101101 2
b1 3
b1101110 7

#9715200
0!
0+

#9718400
1!
b10 %
1+
b10 /
b111 0
b1101110 2
b10 3
b1101111 7

#9721600
0!
0+

#9724800
1!
b1 %
1+
b1 /
b1000 0
b1101111 2
b1 3
b1110000 7

#9728000
0!
0+

#9731200
1!
b10 %
1+
b10 /
b1001 0
b1110000 2
b10 3
b1110001 7

#9734400
0!
0+

#9737600
1!
b1 %
1+
b1 /
b1010 0
b1110001 2
b1 3
b1110010 7

#9740800
0!
0+

#9744000
1!
b10 %
1+
b10 /
b1011 0
b1110010 2
b10 3
b1110011 7

#9747200
0!
0+

#9750400
1!
b1 %
1+
b1 /
b1100 0
b1110011 2
b1 3
b1110100 7

#9753600
0!
0+

#9756800
1!
b10 %
1+
b10 /
b1101 0
b1110100 2
b10 3
b1110101 7

#9760000
0!
0+

#9763200
1!
b1 %
1+
b1 /
b1110 0
b1110101 2
b1 3
b1110110 7

#9766400
0!
0+

#9769600
1!
b11 %
1+
b11 /
b1111 0
b1110110 2
b11 3
b1001 6
b1110110 7

#9772800
0!
0+

#9776000
1!
b1 %
1+
b1 /
b0 0
b1001 1
b1 3
b1001 6
b1110111 7

#9779200
0!
0+

#9782400
1!
b10 %
1+
b10 /
b1 0
b1110111 2
b10 3
b1111000 7

#9785600
0!
0+

#9788800
1!
b1 %
1+
b1 /
b10 0
b1111000 2
b1 3
b1111001 7

#9792000
0!
0+

#9795200
1!
b10 %
1+
b10 /
b11 0
b1111001 2
b10 3
b1111010 7

#9798400
0!
0+

#9801600
1!
b1 %
1+
b1 /
b100 0
b1111010 2
b1 3
b1111011 7

#9804800
0!
0+

#9808000
1!
b10 %
1+
b10 /
b101 0
b1111011 2
b10 3
b1111100 7

#9811200
0!
0+

#9814400
1!
b1 %
1+
b1 /
b110 0
b1111100 2
b1 3
b1111101 7

#9817600
0!
0+

#9820800
1!
b10 %
1+
b10 /
b111 0
b1111101 2
b10 3
b1111110 7

#9824000
0!
0+

#9827200
1!
b1 %
1+
b1 /
b1000 0
b1111110 2
b1 3
b1111111 7

#9830400
0!
0+

#9833600
1!
b10 %
1+
b10 /
b1001 0
b1111111 2
b10 3
b10000000 7

#9836800
0!
0+

#9840000
1!
b1 %
1+
b1 /
b1010 0
b10000000 2
b1 3
b10000001 7

#9843200
0!
0+

#9846400
1!
b10 %
1+
b10 /
b1011 0
b10000001 2
b10 3
b10000010 7

#9849600
0!
0+

#9852800
1!
b1 %
1+
b1 /
b1100 0
b10000010 2
b1 3
b10000011 7

#9856000
0!
0+

#9859200
1!
b10 %
1+
b10 /
b1101 0
b10000011 2
b10 3
b10000100 7

#9862400
0!
0+

#9865600
1!
b1 %
1+
b1 /
b1110 0
b10000100 2
b1 3
b10000101 7

#9868800
0!
0+

#9872000
1!
b11 %
1+
b11 /
b1111 0
b10000101 2
b11 3
b1010 6
b10000101 7

#9875200
0!
0+

#9878400
1!
b1 %
1+
b1 /
b0 0
b1010 1
b1 3
b1010 6
b10000110 7

#9881600
0!
0+

#9884800
1!
b10 %
1+
b10 /
b1 0
b10000110 2
b10 3
b10000111 7

#9888000
0!
0+

#9891200
1!
b1 %
1+
b1 /
b10 0
b10000111 2
b1 3
b10001000 7

#9894400
0!
0+

#9897600
1!
b10 %
1+
b10 /
b11 0
b10001000 2
b10 3
b10001001 7

#9900800
0!
0+

#9904000
1!
b1 %
1+
b1 /
b100 0
b10001001 2
b1 3
b10001010 7

#9907200
0!
0+

#9910400
1!
b10 %
1+
b10 /
b101 0
b10001010 2
b10 3
b10001011 7

#9913600
0!
0+

#9916800
1!
b1 %
1+
b1 /
b110 0
b10001011 2
b1 3
b10001100 7

#9920000
0!
0+

#9923200
1!
b10 %
1+
b10 /
b111 0
b10001100 2
b10 3
b10001101 7

#9926400
0!
0+

#9929600
1!
b1 %
1+
b1 /
b1000 0
b10001101 2
b1 3
b10001110 7

#9932800
0!
0+

#9936000
1!
b10 %
1+
b10 /
b1001 0
b10001110 2
b10 3
b10001111 7

#9939200
0!
0+

#9942400
1!
b1 %
1+
b1 /
b1010 0
b10001111 2
b1 3
b10010000 7

#9945600
0!
0+

#9948800
1!
b10 %
1+
b10 /
b1011 0
b10010000 2
b10 3
b10010001 7

#9952000
0!
0+

#9955200
1!
b1 %
1+
b1 /
b1100 0
b10010001 2
b1 3
b10010010 7

#9958400
0!
0+

#9961600
1!
b10 %
1+
b10 /
b1101 0
b10010010 2
b10 3
b10010011 7

#9964800
0!
0+

#9968000
1!
b1 %
1+
b1 /
b1110 0
b10010011 2
b1 3
b10010100 7

#9971200
0!
0+

#9974400
1!
b11 %
1+
b11 /
b1111 0
b10010100 2
b11 3
b1011 6
b10010100 7

#9977600
0!
0+

#9980800
1!
b1 %
1+
b1 /
b0 0
b1011 1
b1 3
b1011 6
b10010101 7

#9984000
0!
0+

#9987200
1!
b10 %
1+
b10 /
b1 0
b10010101 2
b10 3
b10010110 7

#9990400
0!
0+

#9993600
1!
b1 %
1+
b1 /
b10 0
b10010110 2
b1 3
b10010111 7

#9996800
0!
0+

#10000000
1!
b10 %
1+
b10 /
b11 0
b10010111 2
b10 3
b10011000 7

#10003200
0!
0+

#10006400
1!
b1 %
1+
b1 /
b100 0
b10011000 2
b1 3
b10011001 7

#10009600
0!
0+

#10012800
1!
b10 %
1+
b10 /
b101 0
b10011001 2
b10 3
b10011010 7

#10016000
0!
0+

#10019200
1!
b1 %
1+
b1 /
b110 0
b10011010 2
b1 3
b10011011 7

#10022400
0!
0+

#10025600
1!
b10 %
1+
b10 /
b111 0
b10011011 2
b10 3
b10011100 7

#10028800
0!
0+

#10032000
1!
b1 %
1+
b1 /
b1000 0
b10011100 2
b1 3
b10011101 7

#10035200
0!
0+

#10038400
1!
b10 %
1+
b10 /
b1001 0
b10011101 2
b10 3
b10011110 7

#10041600
0!
0+

#10044800
1!
b1 %
1+
b1 /
b1010 0
b10011110 2
b1 3
b10011111 7

#10048000
0!
0+

#10051200
1!
b10 %
1+
b10 /
b1011 0
b10011111 2
b10 3
b10100000 7

#10054400
0!
0+

#10057600
1!
b1 %
1+
b1 /
b1100 0
b10100000 2
b1 3
b10100001 7

#10060800
0!
0+

#10064000
1!
b10 %
1+
b10 /
b1101 0
b10100001 2
b10 3
b10100010 7

#10067200
0!
0+

#10070400
1!
b11 %
1+
b11 /
b1110 0
b10100010 2
b11 3
b1100 6
b10100010 7

#10073600
0!
0+

#10076800
1!
b10 %
1+
b10 /
b0 0
b1100 1
b10 3
b1100 6
b10100011 7

#10080000
0!
0+

#10083200
1!
b1 %
1+
b1 /
b1 0
b10100011 2
b1 3
b10100100 7

#10086400
0!
0+

#10089600
1!
b10 %
1+
b10 /
b10 0
b10100100 2
b10 3
b10100101 7

#10092800
0!
0+

#10096000
1!
b1 %
1+
b1 /
b11 0
b10100101 2
b1 3
b10100110 7

#10099200
0!
0+

#10102400
1!
b10 %
1+
b10 /
b100 0
b10100110 2
b10 3
b10100111 7

#10105600
0!
0+

#10108800
1!
b1 %
1+
b1 /
b101 0
b10100111 2
b1 3
b10101000 7

#10112000
0!
0+

#10115200
1!
b10 %
1+
b10 /
b110 0
b10101000 2
b10 3
b10101001 7

#10118400
0!
0+

#10121600
1!
b1 %
1+
b1 /
b111 0
b10101001 2
b1 3
b10101010 7

#10124800
0!
0+

#10128000
1!
b10 %
1+
b10 /
b1000 0
b10101010 2
b10 3
b10101011 7

#10131200
0!
0+

#10134400
1!
b1 %
1+
b1 /
b1001 0
b10101011 2
b1 3
b10101100 7

#10137600
0!
0+

#10140800
1!
b10 %
1+
b10 /
b1010 0
b10101100 2
b10 3
b10101101 7

#10144000
0!
0+

#10147200
1!
b1 %
1+
b1 /
b1011 0
b10101101 2
b1 3
b10101110 7

#10150400
0!
0+

#10153600
1!
b10 %
1+
b10 /
b1100 0
b10101110 2
b10 3
b10101111 7

#10156800
0!
0+

#10160000
1!
b1 %
1+
b1 /
b1101 0
b10101111 2
b1 3
b10110000 7

#10163200
0!
0+

#10166400
1!
b10 %
1+
b10 /
b1110 0
b10110000 2
b10 3
b10110001 7

#10169600
0!
0+

#10172800
1!
b11 %
1+
b11 /
b1111 0
b10110001 2
b11 3
b1101 6
b10110001 7

#10176000
0!
0+

#10179200
1!
b10 %
1+
b10 /
b0 0
b1101 1
b10 3
b1101 6
b10110010 7

#10182400
0!
0+

#10185600
1!
b1 %
1+
b1 /
b1 0
b10110010 2
b1 3
b10110011 7

#10188800
0!
0+

#10192000
1!
b10 %
1+
b10 /
b10 0
b10110011 2
b10 3
b10110100 7

#10195200
0!
0+

#10198400
1!
b1 %
1+
b1 /
b11 0
b10110100 2
b1 3
b10110101 7

#10201600
0!
0+

#10204800
1!
b10 %
1+
b10 /
b100 0
b10110101 2
b10 3
b10110110 7

#10208000
0!
0+

#10211200
1!
b1 %
1+
b1 /
b101 0
b10110110 2
b1 3
b10110111 7

#10214400
0!
0+

#10217600
1!
b10 %
1+
b10 /
b110 0
b10110111 2
b10 3
b10111000 7

#10220800
0!
0+

#10224000
1!
b1 %
1+
b1 /
b111 0
b10111000 2
b1 3
b10111001 7

#10227200
0!
0+

#10230400
1!
b10 %
1+
b10 /
b1000 0
b10111001 2
b10 3
b10111010 7

#10233600
0!
0+

#10236800
1!
b1 %
1+
b1 /
b1001 0
b10111010 2
b1 3
b10111011 7

#10240000
0!
0+

#10243200
1!
b10 %
1+
b10 /
b1010 0
b10111011 2
b10 3
b10111100 7

#10246400
0!
0+

#10249600
1!
b1 %
1+
b1 /
b1011 0
b10111100 2
b1 3
b10111101 7

#10252800
0!
0+

#10256000
1!
b10 %
1+
b10 /
b1100 0
b10111101 2
b10 3
b10111110 7

#10259200
0!
0+

#10262400
1!
b1 %
1+
b1 /
b1101 0
b10111110 2
b1 3
b10111111 7

#10265600
0!
0+

#10268800
1!
b10 %
1+
b10 /
b1110 0
b10111111 2
b10 3
b11000000 7

#10272000
0!
0+

#10275200
1!
b11 %
1+
b11 /
b1111 0
b11000000 2
b11 3
b1110 6
b11000000 7

#10278400
0!
0+

#10281600
1!
b10 %
1+
b10 /
b0 0
b1110 1
b10 3
b1110 6
b11000001 7

#10284800
0!
0+

#10288000
1!
b1 %
1+
b1 /
b1 0
b11000001 2
b1 3
b11000010 7

#10291200
0!
0+

#10294400
1!
b10 %
1+
b10 /
b10 0
b11000010 2
b10 3
b11000011 7

#10297600
0!
0+

#10300800
1!
b1 %
1+
b1 /
b11 0
b11000011 2
b1 3
b11000100 7

#10304000
0!
0+

#10307200
1!
b10 %
1+
b10 /
b100 0
b11000100 2
b10 3
b11000101 7

#10310400
0!
0+

#10313600
1!
b1 %
1+
b1 /
b101 0
b11000101 2
b1 3
b11000110 7

#10316800
0!
0+

#10320000
1!
b10 %
1+
b10 /
b110 0
b11000110 2
b10 3
b11000111 7

#10323200
0!
0+

#10326400
1!
b1 %
1+
b1 /
b111 0
b11000111 2
b1 3
b11001000 7

#10329600
0!
0+

#10332800
1!
b10 %
1+
b10 /
b1000 0
b11001000 2
b10 3
b11001001 7

#10336000
0!
0+

#10339200
1!
b1 %
1+
b1 /
b1001 0
b11001001 2
b1 3
b11001010 7

#10342400
0!
0+

#10345600
1!
b10 %
1+
b10 /
b1010 0
b11001010 2
b10 3
b11001011 7

#10348800
0!
0+

#10352000
1!
b1 %
1+
b1 /
b1011 0
b11001011 2
b1 3
b11001100 7

#10355200
0!
0+

#10358400
1!
b10 %
1+
b10 /
b1100 0
b11001100 2
b10 3
b11001101 7

#10361600
0!
0+

#10364800
1!
b1 %
1+
b1 /
b1101 0
b11001101 2
b1 3
b11001110 7

#10368000
0!
0+

#10371200
1!
b10 %
1+
b10 /
b1110 0
b11001110 2
b10 3
b11001111 7

#10374400
0!
0+

#10377600
1!
b11 %
1+
b11 /
b1111 0
b11001111 2
b11 3
b1111 6
b11001111 7

#10380800
0!
0+

#10384000
1!
b10 %
1+
b10 /
b0 0
b1111 1
b10 3
b1111 6
b11010000 7

#10387200
0!
0+

#10390400
1!
b1 %
1+
b1 /
b1 0
b11010000 2
b1 3
b11010001 7

#10393600
0!
0+

#10396800
1!
b10 %
1+
b10 /
b10 0
b11010001 2
b10 3
b11010010 7

#10400000
0!
0+

#10403200
1!
b1 %
1+
b1 /
b11 0
b11010010 2
b1 3
b11010011 7

#10406400
0!
0+

#10409600
1!
b10 %
1+
b10 /
b100 0
b11010011 2
b10 3
b11010100 7

#10412800
0!
0+

#10416000
1!
b1 %
1+
b1 /
b101 0
b11010100 2
b1 3
b11010101 7

#10419200
0!
0+

#10422400
1!
b10 %
1+
b10 /
b110 0
b11010101 2
b10 3
b11010110 7

#10425600
0!
0+

#10428800
1!
b1 %
1+
b1 /
b111 0
b11010110 2
b1 3
b11010111 7

#10432000
0!
0+

#10435200
1!
b10 %
1+
b10 /
b1000 0
b11010111 2
b10 3
b11011000 7

#10438400
0!
0+

#10441600
1!
b1 %
1+
b1 /
b1001 0
b11011000 2
b1 3
b11011001 7

#10444800
0!
0+

#10448000
1!
b10 %
1+
b10 /
b1010 0
b11011001 2
b10 3
b11011010 7

#10451200
0!
0+

#10454400
1!
b1 %
1+
b1 /
b1011 0
b11011010 2
b1 3
b11011011 7

#10457600
0!
0+

#10460800
1!
b10 %
1+
b10 /
b1100 0
b11011011 2
b10 3
b11011100 7

#10464000
0!
0+

#10467200
1!
b1 %
1+
b1 /
b1101 0
b11011100 2
b1 3
b11011101 7

#10470400
0!
0+

#10473600
1!
b11 %
1+
b11 /
b1110 0
b11011101 2
b11 3
b10000 6
b11011101 7

#10476800
0!
0+

#10480000
1!
b1 %
1+
b1 /
b0 0
b10000 1
b1 3
b10000 6
b11011110 7

#10483200
0!
0+

#10486400
1!
b10 %
1+
b10 /
b1 0
b11011110 2
b10 3
b11011111 7

#10489600
0!
0+

#10492800
1!
b1 %
1+
b1 /
b10 0
b11011111 2
b1 3
b11100000 7

#10496000
0!
0+

#10499200
1!
b10 %
1+
b10 /
b11 0
b11100000 2
b10 3
b11100001 7

#10502400
0!
0+

#10505600
1!
b1 %
1+
b1 /
b100 0
b11100001 2
b1 3
b11100010 7

#10508800
0!
0+

#10512000
1!
b10 %
1+
b10 /
b101 0
b11100010 2
b10 3
b11100011 7

#10515200
0!
0+

#10518400
1!
b1 %
1+
b1 /
b110 0
b11100011 2
b1 3
b11100100 7

#10521600
0!
0+

#10524800
1!
b10 %
1+
b10 /
b111 0
b11100100 2
b10 3
b11100101 7

#10528000
0!
0+

#10531200
1!
b1 %
1+
b1 /
b1000 0
b11100101 2
b1 3
b11100110 7

#10534400
0!
0+

#10537600
1!
b10 %
1+
b10 /
b1001 0
b11100110 2
b10 3
b11100111 7

#10540800
0!
0+

#10544000
1!
b1 %
1+
b1 /
b1010 0
b11100111 2
b1 3
b11101000 7

#10547200
0!
0+

#10550400
1!
b10 %
1+
b10 /
b1011 0
b11101000 2
b10 3
b11101001 7

#10553600
0!
0+

#10556800
1!
b1 %
1+
b1 /
b1100 0
b11101001 2
b1 3
b11101010 7

#10560000
0!
0+

#10563200
1!
b10 %
1+
b10 /
b1101 0
b11101010 2
b10 3
b11101011 7

#10566400
0!
0+

#10569600
1!
b1 %
1+
b1 /
b1110 0
b11101011 2
b1 3
b11101100 7

#10572800
0!
0+

#10576000
1!
b11 %
1+
b11 /
b1111 0
b11101100 2
b11 3
b10001 6
b11101100 7

#10579200
0!
0+

#10582400
1!
b1 %
1+
b1 /
b0 0
b10001 1
b1 3
b10001 6
b11101101 7

#10585600
0!
0+

#10588800
1!
b10 %
1+
b10 /
b1 0
b11101101 2
b10 3
b11101110 7

#10592000
0!
0+

#10595200
1!
b1 %
1+
b1 /
b10 0
b11101110 2
b1 3
b11101111 7

#10598400
0!
0+

#10601600
1!
b10 %
1+
b10 /
b11 0
b11101111 2
b10 3
b11110000 7

#10604800
0!
0+

#10608000
1!
b1 %
1+
b1 /
b100 0
b11110000 2
b1 3
b11110001 7

#10611200
0!
0+

#10614400
1!
b10 %
1+
b10 /
b101 0
b11110001 2
b10 3
b11110010 7

#10617600
0!
0+

#10620800
1!
b1 %
1+
b1 /
b110 0
b11110010 2
b1 3
b11110011 7

#10624000
0!
0+

#10627200
1!
b10 %
1+
b10 /
b111 0
b11110011 2
b10 3
b11110100 7

#10630400
0!
0+

#10633600
1!
b1 %
1+
b1 /
b1000 0
b11110100 2
b1 3
b11110101 7

#10636800
0!
0+

#10640000
1!
b10 %
1+
b10 /
b1001 0
b11110101 2
b10 3
b11110110 7

#10643200
0!
0+

#10646400
1!
b1 %
1+
b1 /
b1010 0
b11110110 2
b1 3
b11110111 7

#10649600
0!
0+

#10652800
1!
b10 %
1+
b10 /
b1011 0
b11110111 2
b10 3
b11111000 7

#10656000
0!
0+

#10659200
1!
b1 %
1+
b1 /
b1100 0
b11111000 2
b1 3
b11111001 7

#10662400
0!
0+

#10665600
1!
b10 %
1+
b10 /
b1101 0
b11111001 2
b10 3
b11111010 7

#10668800
0!
0+

#10672000
1!
b1 %
1+
b1 /
b1110 0
b11111010 2
b1 3
b11111011 7

#10675200
0!
0+

#10678400
1!
b11 %
1+
b11 /
b1111 0
b11111011 2
b11 3
b10010 6
b11111011 7

#10681600
0!
0+

#10684800
1!
b1 %
1+
b1 /
b0 0
b10010 1
b1 3
b10010 6
b11111100 7

#10688000
0!
0+

#10691200
1!
b10 %
1+
b10 /
b1 0
b11111100 2
b10 3
b11111101 7

#10694400
0!
0+

#10697600
1!
b1 %
1+
b1 /
b10 0
b11111101 2
b1 3
b11111110 7

#10700800
0!
0+

#10704000
1!
b10 %
1+
b10 /
b11 0
b11111110 2
b10 3
b11111111 7

#10707200
0!
0+

#10710400
1!
b1 %
1+
b1 /
b100 0
b11111111 2
b1 3
b100000000 7

#10713600
0!
0+

#10716800
1!
b10 %
1+
b10 /
b101 0
b100000000 2
b10 3
b100000001 7

#10720000
0!
0+

#10723200
1!
b1 %
1+
b1 /
b110 0
b100000001 2
b1 3
b100000010 7

#10726400
0!
0+

#10729600
1!
b10 %
1+
b10 /
b111 0
b100000010 2
b10 3
b100000011 7

#10732800
0!
0+

#10736000
1!
b1 %
1+
b1 /
b1000 0
b100000011 2
b1 3
b100000100 7

#10739200
0!
0+

#10742400
1!
b10 %
1+
b10 /
b1001 0
b100000100 2
b10 3
b100000101 7

#10745600
0!
0+

#10748800
1!
b1 %
1+
b1 /
b1010 0
b100000101 2
b1 3
b100000110 7

#10752000
0!
0+

#10755200
1!
b10 %
1+
b10 /
b1011 0
b100000110 2
b10 3
b100000111 7

#10758400
0!
0+

#10761600
1!
b1 %
1+
b1 /
b1100 0
b100000111 2
b1 3
b100001000 7

#10764800
0!
0+

#10768000
1!
b10 %
1+
b10 /
b1101 0
b100001000 2
b10 3
b100001001 7

#10771200
0!
0+

#10774400
1!
b1 %
1+
b1 /
b1110 0
b100001001 2
b1 3
b100001010 7

#10777600
0!
0+

#10780800
1!
b11 %
1+
b11 /
b1111 0
b100001010 2
b11 3
b10011 6
b100001010 7

#10784000
0!
0+

#10787200
1!
b1 %
1+
b1 /
b0 0
b10011 1
b1 3
b10011 6
b100001011 7

#10790400
0!
0+

#10793600
1!
b10 %
1+
b10 /
b1 0
b100001011 2
b10 3
b100001100 7

#10796800
0!
0+

#10800000
1!
b1 %
1+
b1 /
b10 0
b100001100 2
b1 3
b100001101 7

#10803200
0!
0+

#10806400
1!
b10 %
1+
b10 /
b11 0
b100001101 2
b10 3
b100001110 7

#10809600
0!
0+

#10812800
1!
b1 %
1+
b1 /
b100 0
b100001110 2
b1 3
b100001111 7

#10816000
0!
0+

#10819200
1!
b10 %
1+
b10 /
b101 0
b100001111 2
b10 3
b100010000 7

#10822400
0!
0+

#10825600
1!
b1 %
1+
b1 /
b110 0
b100010000 2
b1 3
b100010001 7

#10828800
0!
0+

#10832000
1!
b10 %
1+
b10 /
b111 0
b100010001 2
b10 3
b100010010 7

#10835200
0!
0+

#10838400
1!
b1 %
1+
b1 /
b1000 0
b100010010 2
b1 3
b100010011 7

#10841600
0!
0+

#10844800
1!
b10 %
1+
b10 /
b1001 0
b100010011 2
b10 3
b100010100 7

#10848000
0!
0+

#10851200
1!
b1 %
1+
b1 /
b1010 0
b100010100 2
b1 3
b100010101 7

#10854400
0!
0+

#10857600
1!
b10 %
1+
b10 /
b1011 0
b100010101 2
b10 3
b100010110 7

#10860800
0!
0+

#10864000
1!
b1 %
1+
b1 /
b1100 0
b100010110 2
b1 3
b100010111 7

#10867200
0!
0+

#10870400
1!
b10 %
1+
b10 /
b1101 0
b100010111 2
b10 3
b100011000 7

#10873600
0!
0+

#10876800
1!
b11 %
1+
b11 /
b1110 0
b100011000 2
b11 3
b10100 6
b100011000 7

#10880000
0!
0+

#10883200
1!
b10 %
1+
b10 /
b0 0
b10100 1
b10 3
b10100 6
b100011001 7

#10886400
0!
0+

#10889600
1!
b1 %
1+
b1 /
b1 0
b100011001 2
b1 3
b100011010 7

#10892800
0!
0+

#10896000
1!
b10 %
1+
b10 /
b10 0
b100011010 2
b10 3
b100011011 7

#10899200
0!
0+

#10902400
1!
b1 %
1+
b1 /
b11 0
b100011011 2
b1 3
b100011100 7

#10905600
0!
0+

#10908800
1!
b10 %
1+
b10 /
b100 0
b100011100 2
b10 3
b100011101 7

#10912000
0!
0+

#10915200
1!
b1 %
1+
b1 /
b101 0
b100011101 2
b1 3
b100011110 7

#10918400
0!
0+

#10921600
1!
b10 %
1+
b10 /
b110 0
b100011110 2
b10 3
b100011111 7

#10924800
0!
0+

#10928000
1!
b1 %
1+
b1 /
b111 0
b100011111 2
b1 3
b100100000 7

#10931200
0!
0+

#10934400
1!
b10 %
1+
b10 /
b1000 0
b100100000 2
b10 3
b100100001 7

#10937600
0!
0+

#10940800
1!
b1 %
1+
b1 /
b1001 0
b100100001 2
b1 3
b100100010 7

#10944000
0!
0+

#10947200
1!
b10 %
1+
b10 /
b1010 0
b100100010 2
b10 3
b100100011 7

#10950400
0!
0+

#10953600
1!
b1 %
1+
b1 /
b1011 0
b100100011 2
b1 3
b100100100 7

#10956800
0!
0+

#10960000
1!
b10 %
1+
b10 /
b1100 0
b100100100 2
b10 3
b100100101 7

#10963200
0!
0+

#10966400
1!
b1 %
1+
b1 /
b1101 0
b100100101 2
b1 3
b100100110 7

#10969600
0!
0+

#10972800
1!
b10 %
1+
b10 /
b1110 0
b100100110 2
b10 3
b100100111 7

#10976000
0!
0+

#10979200
1!
b11 %
1+
b11 /
b1111 0
b100100111 2
b11 3
b10101 6
b100100111 7

#10982400
0!
0+

#10985600
1!
b10 %
1+
b10 /
b0 0
b10101 1
b10 3
b10101 6
b100101000 7

#10988800
0!
0+

#10992000
1!
b1 %
1+
b1 /
b1 0
b100101000 2
b1 3
b100101001 7

#10995200
0!
0+

#10998400
1!
b10 %
1+
b10 /
b10 0
b100101001 2
b10 3
b100101010 7

#11001600
0!
0+

#11004800
1!
b1 %
1+
b1 /
b11 0
b100101010 2
b1 3
b100101011 7

#11008000
0!
0+

#11011200
1!
b10 %
1+
b10 /
b100 0
b100101011 2
b10 3
b100101100 7

#11014400
0!
0+

#11017600
1!
b1 %
1+
b1 /
b101 0
b100101100 2
b1 3
b100101101 7

#11020800
0!
0+

#11024000
1!
b10 %
1+
b10 /
b110 0
b100101101 2
b10 3
b100101110 7

#11027200
0!
0+

#11030400
1!
b1 %
1+
b1 /
b111 0
b100101110 2
b1 3
b100101111 7

#11033600
0!
0+

#11036800
1!
b10 %
1+
b10 /
b1000 0
b100101111 2
b10 3
b100110000 7

#11040000
0!
0+

#11043200
1!
b1 %
1+
b1 /
b1001 0
b100110000 2
b1 3
b100110001 7

#11046400
0!
0+

#11049600
1!
b10 %
1+
b10 /
b1010 0
b100110001 2
b10 3
b100110010 7

#11052800
0!
0+

#11056000
1!
b1 %
1+
b1 /
b1011 0
b100110010 2
b1 3
b100110011 7

#11059200
0!
0+

#11062400
1!
b10 %
1+
b10 /
b1100 0
b100110011 2
b10 3
b100110100 7

#11065600
0!
0+

#11068800
1!
b1 %
1+
b1 /
b1101 0
b100110100 2
b1 3
b100110101 7

#11072000
0!
0+

#11075200
1!
b10 %
1+
b10 /
b1110 0
b100110101 2
b10 3
b100110110 7

#11078400
0!
0+

#11081600
1!
b11 %
1+
b11 /
b1111 0
b100110110 2
b11 3
b10110 6
b100110110 7

#11084800
0!
0+

#11088000
1!
b10 %
1+
b10 /
b0 0
b10110 1
b10 3
b10110 6
b100110111 7

#11091200
0!
0+

#11094400
1!
b1 %
1+
b1 /
b1 0
b100110111 2
b1 3
b100111000 7

#11097600
0!
0+

#11100800
1!
b10 %
1+
b10 /
b10 0
b100111000 2
b10 3
b100111001 7

#11104000
0!
0+

#11107200
1!
b1 %
1+
b1 /
b11 0
b100111001 2
b1 3
b100111010 7

#11110400
0!
0+

#11113600
1!
b10 %
1+
b10 /
b100 0
b100111010 2
b10 3
b100111011 7

#11116800
0!
0+

#11120000
1!
b1 %
1+
b1 /
b101 0
b100111011 2
b1 3
b100111100 7

#11123200
0!
0+

#11126400
1!
b10 %
1+
b10 /
b110 0
b100111100 2
b10 3
b100111101 7

#11129600
0!
0+

#11132800
1!
b1 %
1+
b1 /
b111 0
b100111101 2
b1 3
b100111110 7

#11136000
0!
0+

#11139200
1!
b10 %
1+
b10 /
b1000 0
b100111110 2
b10 3
b100111111 7

#11142400
0!
0+

#11145600
1!
b1 %
1+
b1 /
b1001 0
b100111111 2
b1 3
b101000000 7

#11148800
0!
0+

#11152000
1!
b10 %
1+
b10 /
b1010 0
b101000000 2
b10 3
b101000001 7

#11155200
0!
0+

#11158400
1!
b1 %
1+
b1 /
b1011 0
b101000001 2
b1 3
b101000010 7

#11161600
0!
0+

#11164800
1!
b10 %
1+
b10 /
b1100 0
b101000010 2
b10 3
b101000011 7

#11168000
0!
0+

#11171200
1!
b1 %
1+
b1 /
b1101 0
b101000011 2
b1 3
b101000100 7

#11174400
0!
0+

#11177600
1!
b10 %
1+
b10 /
b1110 0
b101000100 2
b10 3
b101000101 7

#11180800
0!
0+

#11184000
1!
b11 %
1+
b11 /
b1111 0
b101000101 2
b11 3
b10111 6
b101000101 7

#11187200
0!
0+

#11190400
1!
b10 %
1+
b10 /
b0 0
b10111 1
b10 3
b10111 6
b101000110 7

#11193600
0!
0+

#11196800
1!
b1 %
1+
b1 /
b1 0
b101000110 2
b1 3
b101000111 7

#11200000
0!
0+

#11203200
1!
b10 %
1+
b10 /
b10 0
b101000111 2
b10 3
b101001000 7

#11206400
0!
0+

#11209600
1!
b1 %
1+
b1 /
b11 0
b101001000 2
b1 3
b101001001 7

#11212800
0!
0+

#11216000
1!
b10 %
1+
b10 /
b100 0
b101001001 2
b10 3
b101001010 7

#11219200
0!
0+

#11222400
1!
b1 %
1+
b1 /
b101 0
b101001010 2
b1 3
b101001011 7

#11225600
0!
0+

#11228800
1!
b10 %
1+
b10 /
b110 0
b101001011 2
b10 3
b101001100 7

#11232000
0!
0+

#11235200
1!
b1 %
1+
b1 /
b111 0
b101001100 2
b1 3
b101001101 7

#11238400
0!
0+

#11241600
1!
b10 %
1+
b10 /
b1000 0
b101001101 2
b10 3
b101001110 7

#11244800
0!
0+

#11248000
1!
b1 %
1+
b1 /
b1001 0
b101001110 2
b1 3
b101001111 7

#11251200
0!
0+

#11254400
1!
b10 %
1+
b10 /
b1010 0
b101001111 2
b10 3
b101010000 7

#11257600
0!
0+

#11260800
1!
b1 %
1+
b1 /
b1011 0
b101010000 2
b1 3
b101010001 7

#11264000
0!
0+

#11267200
1!
b10 %
1+
b10 /
b1100 0
b101010001 2
b10 3
b101010010 7

#11270400
0!
0+

#11273600
1!
b1 %
1+
b1 /
b1101 0
b101010010 2
b1 3
b101010011 7

#11276800
0!
0+

#11280000
1!
b11 %
1+
b11 /
b1110 0
b101010011 2
b11 3
b11000 6
b101010011 7

#11283200
0!
0+

#11286400
1!
b1 %
1+
b1 /
b0 0
b11000 1
b1 3
b11000 6
b101010100 7

#11289600
0!
0+

#11292800
1!
b10 %
1+
b10 /
b1 0
b101010100 2
b10 3
b101010101 7

#11296000
0!
0+

#11299200
1!
b1 %
1+
b1 /
b10 0
b101010101 2
b1 3
b101010110 7

#11302400
0!
0+

#11305600
1!
b10 %
1+
b10 /
b11 0
b101010110 2
b10 3
b101010111 7

#11308800
0!
0+

#11312000
1!
b1 %
1+
b1 /
b100 0
b101010111 2
b1 3
b101011000 7

#11315200
0!
0+

#11318400
1!
b10 %
1+
b10 /
b101 0
b101011000 2
b10 3
b101011001 7

#11321600
0!
0+

#11324800
1!
b1 %
1+
b1 /
b110 0
b101011001 2
b1 3
b101011010 7

#11328000
0!
0+

#11331200
1!
b10 %
1+
b10 /
b111 0
b101011010 2
b10 3
b101011011 7

#11334400
0!
0+

#11337600
1!
b1 %
1+
b1 /
b1000 0
b101011011 2
b1 3
b101011100 7

#11340800
0!
0+

#11344000
1!
b10 %
1+
b10 /
b1001 0
b101011100 2
b10 3
b101011101 7

#11347200
0!
0+

#11350400
1!
b1 %
1+
b1 /
b1010 0
b101011101 2
b1 3
b101011110 7

#11353600
0!
0+

#11356800
1!
b10 %
1+
b10 /
b1011 0
b101011110 2
b10 3
b101011111 7

#11360000
0!
0+

#11363200
1!
b1 %
1+
b1 /
b1100 0
b101011111 2
b1 3
b101100000 7

#11366400
0!
0+

#11369600
1!
b10 %
1+
b10 /
b1101 0
b101100000 2
b10 3
b101100001 7

#11372800
0!
0+

#11376000
1!
b1 %
1+
b1 /
b1110 0
b101100001 2
b1 3
b101100010 7

#11379200
0!
0+

#11382400
1!
b11 %
1+
b11 /
b1111 0
b101100010 2
b11 3
b11001 6
b101100010 7

#11385600
0!
0+

#11388800
1!
b1 %
1+
b1 /
b0 0
b11001 1
b1 3
b11001 6
b101100011 7

#11392000
0!
0+

#11395200
1!
b10 %
1+
b10 /
b1 0
b101100011 2
b10 3
b101100100 7

#11398400
0!
0+

#11401600
1!
b1 %
1+
b1 /
b10 0
b101100100 2
b1 3
b101100101 7

#11404800
0!
0+

#11408000
1!
b10 %
1+
b10 /
b11 0
b101100101 2
b10 3
b101100110 7

#11411200
0!
0+

#11414400
1!
b1 %
1+
b1 /
b100 0
b101100110 2
b1 3
b101100111 7

#11417600
0!
0+

#11420800
1!
b10 %
1+
b10 /
b101 0
b101100111 2
b10 3
b101101000 7

#11424000
0!
0+

#11427200
1!
b1 %
1+
b1 /
b110 0
b101101000 2
b1 3
b101101001 7

#11430400
0!
0+

#11433600
1!
b10 %
1+
b10 /
b111 0
b101101001 2
b10 3
b101101010 7

#11436800
0!
0+

#11440000
1!
b1 %
1+
b1 /
b1000 0
b101101010 2
b1 3
b101101011 7

#11443200
0!
0+

#11446400
1!
b10 %
1+
b10 /
b1001 0
b101101011 2
b10 3
b101101100 7

#11449600
0!
0+

#11452800
1!
b1 %
1+
b1 /
b1010 0
b101101100 2
b1 3
b101101101 7

#11456000
0!
0+

#11459200
1!
b10 %
1+
b10 /
b1011 0
b101101101 2
b10 3
b101101110 7

#11462400
0!
0+

#11465600
1!
b1 %
1+
b1 /
b1100 0
b101101110 2
b1 3
b101101111 7

#11468800
0!
0+

#11472000
1!
b10 %
1+
b10 /
b1101 0
b101101111 2
b10 3
b101110000 7

#11475200
0!
0+

#11478400
1!
b1 %
1+
b1 /
b1110 0
b101110000 2
b1 3
b101110001 7

#11481600
0!
0+

#11484800
1!
b11 %
1+
b11 /
b1111 0
b101110001 2
b11 3
b11010 6
b101110001 7

#11488000
0!
0+

#11491200
1!
b1 %
1+
b1 /
b0 0
b11010 1
b1 3
b11010 6
b101110010 7

#11494400
0!
0+

#11497600
1!
b10 %
1+
b10 /
b1 0
b101110010 2
b10 3
b101110011 7

#11500800
0!
0+

#11504000
1!
b1 %
1+
b1 /
b10 0
b101110011 2
b1 3
b101110100 7

#11507200
0!
0+

#11510400
1!
b10 %
1+
b10 /
b11 0
b101110100 2
b10 3
b101110101 7

#11513600
0!
0+

#11516800
1!
b1 %
1+
b1 /
b100 0
b101110101 2
b1 3
b101110110 7

#11520000
0!
0+

#11523200
1!
b10 %
1+
b10 /
b101 0
b101110110 2
b10 3
b101110111 7

#11526400
0!
0+

#11529600
1!
b1 %
1+
b1 /
b110 0
b101110111 2
b1 3
b101111000 7

#11532800
0!
0+

#11536000
1!
b10 %
1+
b10 /
b111 0
b101111000 2
b10 3
b101111001 7

#11539200
0!
0+

#11542400
1!
b1 %
1+
b1 /
b1000 0
b101111001 2
b1 3
b101111010 7

#11545600
0!
0+

#11548800
1!
b10 %
1+
b10 /
b1001 0
b101111010 2
b10 3
b101111011 7

#11552000
0!
0+

#11555200
1!
b1 %
1+
b1 /
b1010 0
b101111011 2
b1 3
b101111100 7

#11558400
0!
0+

#11561600
1!
b10 %
1+
b10 /
b1011 0
b101111100 2
b10 3
b101111101 7

#11564800
0!
0+

#11568000
1!
b1 %
1+
b1 /
b1100 0
b101111101 2
b1 3
b101111110 7

#11571200
0!
0+

#11574400
1!
b10 %
1+
b10 /
b1101 0
b101111110 2
b10 3
b101111111 7

#11577600
0!
0+

#11580800
1!
b1 %
1+
b1 /
b1110 0
b101111111 2
b1 3
b110000000 7

#11584000
0!
0+

#11587200
1!
b11 %
1+
b11 /
b1111 0
b110000000 2
b11 3
b11011 6
b110000000 7

#11590400
0!
0+

#11593600
1!
b1 %
1+
b1 /
b0 0
b11011 1
b1 3
b11011 6
b110000001 7

#11596800
0!
0+

#11600000
1!
b10 %
1+
b10 /
b1 0
b110000001 2
b10 3
b110000010 7

#11603200
0!
0+

#11606400
1!
b1 %
1+
b1 /
b10 0
b110000010 2
b1 3
b110000011 7

#11609600
0!
0+

#11612800
1!
b10 %
1+
b10 /
b11 0
b110000011 2
b10 3
b110000100 7

#11616000
0!
0+

#11619200
1!
b1 %
1+
b1 /
b100 0
b110000100 2
b1 3
b110000101 7

#11622400
0!
0+

#11625600
1!
b10 %
1+
b10 /
b101 0
b110000101 2
b10 3
b110000110 7

#11628800
0!
0+

#11632000
1!
b1 %
1+
b1 /
b110 0
b110000110 2
b1 3
b110000111 7

#11635200
0!
0+

#11638400
1!
b10 %
1+
b10 /
b111 0
b110000111 2
b10 3
b110001000 7

#11641600
0!
0+

#11644800
1!
b1 %
1+
b1 /
b1000 0
b110001000 2
b1 3
b110001001 7

#11648000
0!
0+

#11651200
1!
b10 %
1+
b10 /
b1001 0
b110001001 2
b10 3
b110001010 7

#11654400
0!
0+

#11657600
1!
b1 %
1+
b1 /
b1010 0
b110001010 2
b1 3
b110001011 7

#11660800
0!
0+

#11664000
1!
b10 %
1+
b10 /
b1011 0
b110001011 2
b10 3
b110001100 7

#11667200
0!
0+

#11670400
1!
b1 %
1+
b1 /
b1100 0
b110001100 2
b1 3
b110001101 7

#11673600
0!
0+

#11676800
1!
b10 %
1+
b10 /
b1101 0
b110001101 2
b10 3
b110001110 7

#11680000
0!
0+

#11683200
1!
b11 %
1+
b11 /
b1110 0
b110001110 2
b11 3
b11100 6
b110001110 7

#11686400
0!
0+

#11689600
1!
b10 %
1+
b10 /
b0 0
b11100 1
b10 3
b11100 6
b110001111 7

#11692800
0!
0+

#11696000
1!
b1 %
1+
b1 /
b1 0
b110001111 2
b1 3
b110010000 7

#11699200
0!
0+

#11702400
1!
b10 %
1+
b10 /
b10 0
b110010000 2
b10 3
b110010001 7

#11705600
0!
0+

#11708800
1!
b1 %
1+
b1 /
b11 0
b110010001 2
b1 3
b110010010 7

#11712000
0!
0+

#11715200
1!
b10 %
1+
b10 /
b100 0
b110010010 2
b10 3
b110010011 7

#11718400
0!
0+

#11721600
1!
b1 %
1+
b1 /
b101 0
b110010011 2
b1 3
b110010100 7

#11724800
0!
0+

#11728000
1!
b10 %
1+
b10 /
b110 0
b110010100 2
b10 3
b110010101 7

#11731200
0!
0+

#11734400
1!
b1 %
1+
b1 /
b111 0
b110010101 2
b1 3
b110010110 7

#11737600
0!
0+

#11740800
1!
b10 %
1+
b10 /
b1000 0
b110010110 2
b10 3
b110010111 7

#11744000
0!
0+

#11747200
1!
b1 %
1+
b1 /
b1001 0
b110010111 2
b1 3
b110011000 7

#11750400
0!
0+

#11753600
1!
b10 %
1+
b10 /
b1010 0
b110011000 2
b10 3
b110011001 7

#11756800
0!
0+

#11760000
1!
b1 %
1+
b1 /
b1011 0
b110011001 2
b1 3
b110011010 7

#11763200
0!
0+

#11766400
1!
b10 %
1+
b10 /
b1100 0
b110011010 2
b10 3
b110011011 7

#11769600
0!
0+

#11772800
1!
b1 %
1+
b1 /
b1101 0
b110011011 2
b1 3
b110011100 7

#11776000
0!
0+

#11779200
1!
b10 %
1+
b10 /
b1110 0
b110011100 2
b10 3
b110011101 7

#11782400
0!
0+

#11785600
1!
b11 %
1+
b11 /
b1111 0
b110011101 2
b11 3
b11101 6
b110011101 7

#11788800
0!
0+

#11792000
1!
b10 %
1+
b10 /
b0 0
b11101 1
b10 3
b11101 6
b110011110 7

#11795200
0!
0+

#11798400
1!
b1 %
1+
b1 /
b1 0
b110011110 2
b1 3
b110011111 7

#11801600
0!
0+

#11804800
1!
b10 %
1+
b10 /
b10 0
b110011111 2
b10 3
b110100000 7

#11808000
0!
0+

#11811200
1!
b1 %
1+
b1 /
b11 0
b110100000 2
b1 3
b110100001 7

#11814400
0!
0+

#11817600
1!
b10 %
1+
b10 /
b100 0
b110100001 2
b10 3
b110100010 7

#11820800
0!
0+

#11824000
1!
b1 %
1+
b1 /
b101 0
b110100010 2
b1 3
b110100011 7

#11827200
0!
0+

#11830400
1!
b10 %
1+
b10 /
b110 0
b110100011 2
b10 3
b110100100 7

#11833600
0!
0+

#11836800
1!
b1 %
1+
b1 /
b111 0
b110100100 2
b1 3
b110100101 7

#11840000
0!
0+

#11843200
1!
b10 %
1+
b10 /
b1000 0
b110100101 2
b10 3
b110100110 7

#11846400
0!
0+

#11849600
1!
b1 %
1+
b1 /
b1001 0
b110100110 2
b1 3
b110100111 7

#11852800
0!
0+

#11856000
1!
b10 %
1+
b10 /
b1010 0
b110100111 2
b10 3
b110101000 7

#11859200
0!
0+

#11862400
1!
b1 %
1+
b1 /
b1011 0
b110101000 2
b1 3
b110101001 7

#11865600
0!
0+

#11868800
1!
b10 %
1+
b10 /
b1100 0
b110101001 2
b10 3
b110101010 7

#11872000
0!
0+

#11875200
1!
b1 %
1+
b1 /
b1101 0
b110101010 2
b1 3
b110101011 7

#11878400
0!
0+

#11881600
1!
b10 %
1+
b10 /
b1110 0
b110101011 2
b10 3
b110101100 7

#11884800
0!
0+

#11888000
1!
b11 %
1+
b11 /
b1111 0
b110101100 2
b11 3
b11110 6
b110101100 7

#11891200
0!
0+

#11894400
1!
b10 %
1+
b10 /
b0 0
b11110 1
b10 3
b11110 6
b110101101 7

#11897600
0!
0+

#11900800
1!
b1 %
1+
b1 /
b1 0
b110101101 2
b1 3
b110101110 7

#11904000
0!
0+

#11907200
1!
b10 %
1+
b10 /
b10 0
b110101110 2
b10 3
b110101111 7

#11910400
0!
0+

#11913600
1!
b1 %
1+
b1 /
b11 0
b110101111 2
b1 3
b110110000 7

#11916800
0!
0+

#11920000
1!
b10 %
1+
b10 /
b100 0
b110110000 2
b10 3
b110110001 7

#11923200
0!
0+

#11926400
1!
b1 %
1+
b1 /
b101 0
b110110001 2
b1 3
b110110010 7

#11929600
0!
0+

#11932800
1!
b10 %
1+
b10 /
b110 0
b110110010 2
b10 3
b110110011 7

#11936000
0!
0+

#11939200
1!
b1 %
1+
b1 /
b111 0
b110110011 2
b1 3
b110110100 7

#11942400
0!
0+

#11945600
1!
b10 %
1+
b10 /
b1000 0
b110110100 2
b10 3
b110110101 7

#11948800
0!
0+

#11952000
1!
b1 %
1+
b1 /
b1001 0
b110110101 2
b1 3
b110110110 7

#11955200
0!
0+

#11958400
1!
b10 %
1+
b10 /
b1010 0
b110110110 2
b10 3
b110110111 7

#11961600
0!
0+

#11964800
1!
b1 %
1+
b1 /
b1011 0
b110110111 2
b1 3
b110111000 7

#11968000
0!
0+

#11971200
1!
b10 %
1+
b10 /
b1100 0
b110111000 2
b10 3
b110111001 7

#11974400
0!
0+

#11977600
1!
b1 %
1+
b1 /
b1101 0
b110111001 2
b1 3
b110111010 7

#11980800
0!
0+

#11984000
1!
b10 %
1+
b10 /
b1110 0
b110111010 2
b10 3
b110111011 7

#11987200
0!
0+

#11990400
1!
b11 %
1+
b11 /
b1111 0
b110111011 2
b11 3
b11111 6
b110111011 7

#11993600
0!
0+

#11996800
1!
b10 %
1+
b10 /
b0 0
b11111 1
b10 3
b11111 6
b110111100 7

#12000000
0!
0+

#12003200
1!
b1 %
1+
b1 /
b1 0
b110111100 2
b1 3
b110111101 7

#12006400
0!
0+

#12009600
1!
b10 %
1+
b10 /
b10 0
b110111101 2
b10 3
b110111110 7

#12012800
0!
0+

#12016000
1!
b1 %
1+
b1 /
b11 0
b110111110 2
b1 3
b110111111 7

#12019200
0!
0+

#12022400
1!
b10 %
1+
b10 /
b100 0
b110111111 2
b10 3
b111000000 7

#12025600
0!
0+

#12028800
1!
b1 %
1+
b1 /
b101 0
b111000000 2
b1 3
b111000001 7

#12032000
0!
0+

#12035200
1!
b10 %
1+
b10 /
b110 0
b111000001 2
b10 3
b111000010 7

#12038400
0!
0+

#12041600
1!
b1 %
1+
b1 /
b111 0
b111000010 2
b1 3
b111000011 7

#12044800
0!
0+

#12048000
1!
b10 %
1+
b10 /
b1000 0
b111000011 2
b10 3
b111000100 7

#12051200
0!
0+

#12054400
1!
b1 %
1+
b1 /
b1001 0
b111000100 2
b1 3
b111000101 7

#12057600
0!
0+

#12060800
1!
b10 %
1+
b10 /
b1010 0
b111000101 2
b10 3
b111000110 7

#12064000
0!
0+

#12067200
1!
b1 %
1+
b1 /
b1011 0
b111000110 2
b1 3
b111000111 7

#12070400
0!
0+

#12073600
1!
b10 %
1+
b10 /
b1100 0
b111000111 2
b10 3
b111001000 7

#12076800
0!
0+

#12080000
1!
b1 %
1+
b1 /
b1101 0
b111001000 2
b1 3
b111001001 7

#12083200
0!
0+

#12086400
1!
b11 %
1+
b11 /
b1110 0
b111001001 2
b11 3
b100000 6
b111001001 7

#12089600
0!
0+

#12092800
1!
b1 %
1+
b1 /
b0 0
b100000 1
b1 3
b100000 6
b111001010 7

#12096000
0!
0+

#12099200
1!
b10 %
1+
b10 /
b1 0
b111001010 2
b10 3
b111001011 7

#12102400
0!
0+

#12105600
1!
b1 %
1+
b1 /
b10 0
b111001011 2
b1 3
b111001100 7

#12108800
0!
0+

#12112000
1!
b10 %
1+
b10 /
b11 0
b111001100 2
b10 3
b111001101 7

#12115200
0!
0+

#12118400
1!
b1 %
1+
b1 /
b100 0
b111001101 2
b1 3
b111001110 7

#12121600
0!
0+

#12124800
1!
b10 %
1+
b10 /
b101 0
b111001110 2
b10 3
b111001111 7

#12128000
0!
0+

#12131200
1!
b1 %
1+
b1 /
b110 0
b111001111 2
b1 3
b111010000 7

#12134400
0!
0+

#12137600
1!
b10 %
1+
b10 /
b111 0
b111010000 2
b10 3
b111010001 7

#12140800
0!
0+

#12144000
1!
b1 %
1+
b1 /
b1000 0
b111010001 2
b1 3
b111010010 7

#12147200
0!
0+

#12150400
1!
b10 %
1+
b10 /
b1001 0
b111010010 2
b10 3
b111010011 7

#12153600
0!
0+

#12156800
1!
b1 %
1+
b1 /
b1010 0
b111010011 2
b1 3
b111010100 7

#12160000
0!
0+

#12163200
1!
b10 %
1+
b10 /
b1011 0
b111010100 2
b10 3
b111010101 7

#12166400
0!
0+

#12169600
1!
b1 %
1+
b1 /
b1100 0
b111010101 2
b1 3
b111010110 7

#12172800
0!
0+

#12176000
1!
b10 %
1+
b10 /
b1101 0
b111010110 2
b10 3
b111010111 7

#12179200
0!
0+

#12182400
1!
b1 %
1+
b1 /
b1110 0
b111010111 2
b1 3
b111011000 7

#12185600
0!
0+

#12188800
1!
b11 %
1+
b11 /
b1111 0
b111011000 2
b11 3
b100001 6
b111011000 7

#12192000
0!
0+

#12195200
1!
b1 %
1+
b1 /
b0 0
b100001 1
b1 3
b100001 6
b111011001 7

#12198400
0!
0+

#12201600
1!
b10 %
1+
b10 /
b1 0
b111011001 2
b10 3
b111011010 7

#12204800
0!
0+

#12208000
1!
b1 %
1+
b1 /
b10 0
b111011010 2
b1 3
b111011011 7

#12211200
0!
0+

#12214400
1!
b10 %
1+
b10 /
b11 0
b111011011 2
b10 3
b111011100 7

#12217600
0!
0+

#12220800
1!
b1 %
1+
b1 /
b100 0
b111011100 2
b1 3
b111011101 7

#12224000
0!
0+

#12227200
1!
b10 %
1+
b10 /
b101 0
b111011101 2
b10 3
b111011110 7

#12230400
0!
0+

#12233600
1!
b1 %
1+
b1 /
b110 0
b111011110 2
b1 3
b111011111 7

#12236800
0!
0+

#12240000
1!
b10 %
1+
b10 /
b111 0
b111011111 2
b10 3
b111100000 7

#12243200
0!
0+

#12246400
1!
b1 %
1+
b1 /
b1000 0
b111100000 2
b1 3
b111100001 7

#12249600
0!
0+

#12252800
1!
b10 %
1+
b10 /
b1001 0
b111100001 2
b10 3
b111100010 7

#12256000
0!
0+

#12259200
1!
b1 %
1+
b1 /
b1010 0
b111100010 2
b1 3
b111100011 7

#12262400
0!
0+

#12265600
1!
b10 %
1+
b10 /
b1011 0
b111100011 2
b10 3
b111100100 7

#12268800
0!
0+

#12272000
1!
b1 %
1+
b1 /
b1100 0
b111100100 2
b1 3
b111100101 7

#12275200
0!
0+

#12278400
1!
b10 %
1+
b10 /
b1101 0
b111100101 2
b10 3
b111100110 7

#12281600
0!
0+

#12284800
1!
b1 %
1+
b1 /
b1110 0
b111100110 2
b1 3
b111100111 7

#12288000
0!
0+

#12291200
1!
b11 %
1+
b11 /
b1111 0
b111100111 2
b11 3
b100010 6
b111100111 7

#12294400
0!
0+

#12297600
1!
b1 %
1+
b1 /
b0 0
b100010 1
b1 3
b100010 6
b111101000 7

#12300800
0!
0+

#12304000
1!
b10 %
1+
b10 /
b1 0
b111101000 2
b10 3
b111101001 7

#12307200
0!
0+

#12310400
1!
b1 %
1+
b1 /
b10 0
b111101001 2
b1 3
b111101010 7

#12313600
0!
0+

#12316800
1!
b10 %
1+
b10 /
b11 0
b111101010 2
b10 3
b111101011 7

#12320000
0!
0+

#12323200
1!
b1 %
1+
b1 /
b100 0
b111101011 2
b1 3
b111101100 7

#12326400
0!
0+

#12329600
1!
b10 %
1+
b10 /
b101 0
b111101100 2
b10 3
b111101101 7

#12332800
0!
0+

#12336000
1!
b1 %
1+
b1 /
b110 0
b111101101 2
b1 3
b111101110 7

#12339200
0!
0+

#12342400
1!
b10 %
1+
b10 /
b111 0
b111101110 2
b10 3
b111101111 7

#12345600
0!
0+

#12348800
1!
b1 %
1+
b1 /
b1000 0
b111101111 2
b1 3
b111110000 7

#12352000
0!
0+

#12355200
1!
b10 %
1+
b10 /
b1001 0
b111110000 2
b10 3
b111110001 7

#12358400
0!
0+

#12361600
1!
b1 %
1+
b1 /
b1010 0
b111110001 2
b1 3
b111110010 7

#12364800
0!
0+

#12368000
1!
b10 %
1+
b10 /
b1011 0
b111110010 2
b10 3
b111110011 7

#12371200
0!
0+

#12374400
1!
b1 %
1+
b1 /
b1100 0
b111110011 2
b1 3
b111110100 7

#12377600
0!
0+

#12380800
1!
b10 %
1+
b10 /
b1101 0
b111110100 2
b10 3
b111110101 7

#12384000
0!
0+

#12387200
1!
b1 %
1+
b1 /
b1110 0
b111110101 2
b1 3
b111110110 7

#12390400
0!
0+

#12393600
1!
b11 %
1+
b11 /
b1111 0
b111110110 2
b11 3
b100011 6
b111110110 7

#12396800
0!
0+

#12400000
1!
b1 %
1+
b1 /
b0 0
b100011 1
b1 3
b100011 6
b111110111 7

#12403200
0!
0+

#12406400
1!
b10 %
1+
b10 /
b1 0
b111110111 2
b10 3
b111111000 7

#12409600
0!
0+

#12412800
1!
b1 %
1+
b1 /
b10 0
b111111000 2
b1 3
b111111001 7

#12416000
0!
0+

#12419200
1!
b10 %
1+
b10 /
b11 0
b111111001 2
b10 3
b111111010 7

#12422400
0!
0+

#12425600
1!
b1 %
1+
b1 /
b100 0
b111111010 2
b1 3
b111111011 7

#12428800
0!
0+

#12432000
1!
b10 %
1+
b10 /
b101 0
b111111011 2
b10 3
b111111100 7

#12435200
0!
0+

#12438400
1!
b1 %
1+
b1 /
b110 0
b111111100 2
b1 3
b111111101 7

#12441600
0!
0+

#12444800
1!
b10 %
1+
b10 /
b111 0
b111111101 2
b10 3
b111111110 7

#12448000
0!
0+

#12451200
1!
b1 %
1+
b1 /
b1000 0
b111111110 2
b1 3
b111111111 7

#12454400
0!
0+

#12457600
1!
b10 %
1+
b10 /
b1001 0
b111111111 2
b10 3
b1000000000 7

#12460800
0!
0+

#12464000
1!
b1 %
1+
b1 /
b1010 0
b1000000000 2
b1 3
b1000000001 7

#12467200
0!
0+

#12470400
1!
b10 %
1+
b10 /
b1011 0
b1000000001 2
b10 3
b1000000010 7

#12473600
0!
0+

#12476800
1!
b1 %
1+
b1 /
b1100 0
b1000000010 2
b1 3
b1000000011 7

#12480000
0!
0+

#12483200
1!
b10 %
1+
b10 /
b1101 0
b1000000011 2
b10 3
b1000000100 7

#12486400
0!
0+

#12489600
1!
b11 %
1+
b11 /
b1110 0
b1000000100 2
b11 3
b100100 6
b1000000100 7

#12492800
0!
0+

#12496000
1!
b10 %
1+
b10 /
b0 0
b100100 1
b10 3
b100100 6
b1000000101 7

#12499200
0!
0+

#12502400
1!
b1 %
1+
b1 /
b1 0
b1000000101 2
b1 3
b1000000110 7

#12505600
0!
0+

#12508800
1!
b10 %
1+
b10 /
b10 0
b1000000110 2
b10 3
b1000000111 7

#12512000
0!
0+

#12515200
1!
b1 %
1+
b1 /
b11 0
b1000000111 2
b1 3
b1000001000 7

#12518400
0!
0+

#12521600
1!
b10 %
1+
b10 /
b100 0
b1000001000 2
b10 3
b1000001001 7

#12524800
0!
0+

#12528000
1!
b1 %
1+
b1 /
b101 0
b1000001001 2
b1 3
b1000001010 7

#12531200
0!
0+

#12534400
1!
b10 %
1+
b10 /
b110 0
b1000001010 2
b10 3
b1000001011 7

#12537600
0!
0+

#12540800
1!
b1 %
1+
b1 /
b111 0
b1000001011 2
b1 3
b1000001100 7

#12544000
0!
0+

#12547200
1!
b10 %
1+
b10 /
b1000 0
b1000001100 2
b10 3
b1000001101 7

#12550400
0!
0+

#12553600
1!
b1 %
1+
b1 /
b1001 0
b1000001101 2
b1 3
b1000001110 7

#12556800
0!
0+

#12560000
1!
b10 %
1+
b10 /
b1010 0
b1000001110 2
b10 3
b1000001111 7

#12563200
0!
0+

#12566400
1!
b1 %
1+
b1 /
b1011 0
b1000001111 2
b1 3
b1000010000 7

#12569600
0!
0+

#12572800
1!
b10 %
1+
b10 /
b1100 0
b1000010000 2
b10 3
b1000010001 7

#12576000
0!
0+

#12579200
1!
b1 %
1+
b1 /
b1101 0
b1000010001 2
b1 3
b1000010010 7

#12582400
0!
0+

#12585600
1!
b10 %
1+
b10 /
b1110 0
b1000010010 2
b10 3
b1000010011 7

#12588800
0!
0+

#12592000
1!
b11 %
1+
b11 /
b1111 0
b1000010011 2
b11 3
b100101 6
b1000010011 7

#12595200
0!
0+

#12598400
1!
b10 %
1+
b10 /
b0 0
b100101 1
b10 3
b100101 6
b1000010100 7

#12601600
0!
0+

#12604800
1!
b1 %
1+
b1 /
b1 0
b1000010100 2
b1 3
b1000010101 7

#12608000
0!
0+

#12611200
1!
b10 %
1+
b10 /
b10 0
b1000010101 2
b10 3
b1000010110 7

#12614400
0!
0+

#12617600
1!
b1 %
1+
b1 /
b11 0
b1000010110 2
b1 3
b1000010111 7

#12620800
0!
0+

#12624000
1!
b10 %
1+
b10 /
b100 0
b1000010111 2
b10 3
b1000011000 7

#12627200
0!
0+

#12630400
1!
b1 %
1+
b1 /
b101 0
b1000011000 2
b1 3
b1000011001 7

#12633600
0!
0+

#12636800
1!
b10 %
1+
b10 /
b110 0
b1000011001 2
b10 3
b1000011010 7

#12640000
0!
0+

#12643200
1!
b1 %
1+
b1 /
b111 0
b1000011010 2
b1 3
b1000011011 7

#12646400
0!
0+

#12649600
1!
b10 %
1+
b10 /
b1000 0
b1000011011 2
b10 3
b1000011100 7

#12652800
0!
0+

#12656000
1!
b1 %
1+
b1 /
b1001 0
b1000011100 2
b1 3
b1000011101 7

#12659200
0!
0+

#12662400
1!
b10 %
1+
b10 /
b1010 0
b1000011101 2
b10 3
b1000011110 7

#12665600
0!
0+

#12668800
1!
b1 %
1+
b1 /
b1011 0
b1000011110 2
b1 3
b1000011111 7

#12672000
0!
0+

#12675200
1!
b10 %
1+
b10 /
b1100 0
b1000011111 2
b10 3
b1000100000 7

#12678400
0!
0+

#12681600
1!
b1 %
1+
b1 /
b1101 0
b1000100000 2
b1 3
b1000100001 7

#12684800
0!
0+

#12688000
1!
b10 %
1+
b10 /
b1110 0
b1000100001 2
b10 3
b1000100010 7

#12691200
0!
0+

#12694400
1!
b11 %
1+
b11 /
b1111 0
b1000100010 2
b11 3
b100110 6
b1000100010 7

#12697600
0!
0+

#12700800
1!
b10 %
1+
b10 /
b0 0
b100110 1
b10 3
b100110 6
b1000100011 7

#12704000
0!
0+

#12707200
1!
b1 %
1+
b1 /
b1 0
b1000100011 2
b1 3
b1000100100 7

#12710400
0!
0+

#12713600
1!
b10 %
1+
b10 /
b10 0
b1000100100 2
b10 3
b1000100101 7

#12716800
0!
0+

#12720000
1!
b1 %
1+
b1 /
b11 0
b1000100101 2
b1 3
b1000100110 7

#12723200
0!
0+

#12726400
1!
b10 %
1+
b10 /
b100 0
b1000100110 2
b10 3
b1000100111 7

#12729600
0!
0+

#12732800
1!
b1 %
1+
b1 /
b101 0
b1000100111 2
b1 3
b1000101000 7

#12736000
0!
0+

#12739200
1!
b10 %
1+
b10 /
b110 0
b1000101000 2
b10 3
b1000101001 7

#12742400
0!
0+

#12745600
1!
b1 %
1+
b1 /
b111 0
b1000101001 2
b1 3
b1000101010 7

#12748800
0!
0+

#12752000
1!
b10 %
1+
b10 /
b1000 0
b1000101010 2
b10 3
b1000101011 7

#12755200
0!
0+

#12758400
1!
b1 %
1+
b1 /
b1001 0
b1000101011 2
b1 3
b1000101100 7

#12761600
0!
0+

#12764800
1!
b10 %
1+
b10 /
b1010 0
b1000101100 2
b10 3
b1000101101 7

#12768000
0!
0+

#12771200
1!
b1 %
1+
b1 /
b1011 0
b1000101101 2
b1 3
b1000101110 7

#12774400
0!
0+

#12777600
1!
b10 %
1+
b10 /
b1100 0
b1000101110 2
b10 3
b1000101111 7

#12780800
0!
0+

#12784000
1!
b1 %
1+
b1 /
b1101 0
b1000101111 2
b1 3
b1000110000 7

#12787200
0!
0+

#12790400
1!
b10 %
1+
b10 /
b1110 0
b1000110000 2
b10 3
b1000110001 7

#12793600
0!
0+

#12796800
1!
b11 %
1+
b11 /
b1111 0
b1000110001 2
b11 3
b100111 6
b1000110001 7

#12800000
0!
0+

#12803200
1!
b10 %
1+
b10 /
b0 0
b100111 1
b10 3
b100111 6
b1000110010 7

#12806400
0!
0+

#12809600
1!
b1 %
1+
b1 /
b1 0
b1000110010 2
b1 3
b1000110011 7

#12812800
0!
0+

#12816000
1!
b10 %
1+
b10 /
b10 0
b1000110011 2
b10 3
b1000110100 7

#12819200
0!
0+

#12822400
1!
b1 %
1+
b1 /
b11 0
b1000110100 2
b1 3
b1000110101 7

#12825600
0!
0+

#12828800
1!
b10 %
1+
b10 /
b100 0
b1000110101 2
b10 3
b1000110110 7

#12832000
0!
0+

#12835200
1!
b1 %
1+
b1 /
b101 0
b1000110110 2
b1 3
b1000110111 7

#12838400
0!
0+

#12841600
1!
b10 %
1+
b10 /
b110 0
b1000110111 2
b10 3
b1000111000 7

#12844800
0!
0+

#12848000
1!
b1 %
1+
b1 /
b111 0
b1000111000 2
b1 3
b1000111001 7

#12851200
0!
0+

#12854400
1!
b10 %
1+
b10 /
b1000 0
b1000111001 2
b10 3
b1000111010 7

#12857600
0!
0+

#12860800
1!
b1 %
1+
b1 /
b1001 0
b1000111010 2
b1 3
b1000111011 7

#12864000
0!
0+

#12867200
1!
b10 %
1+
b10 /
b1010 0
b1000111011 2
b10 3
b1000111100 7

#12870400
0!
0+

#12873600
1!
b1 %
1+
b1 /
b1011 0
b1000111100 2
b1 3
b1000111101 7

#12876800
0!
0+

#12880000
1!
b10 %
1+
b10 /
b1100 0
b1000111101 2
b10 3
b1000111110 7

#12883200
0!
0+

#12886400
1!
b1 %
1+
b1 /
b1101 0
b1000111110 2
b1 3
b1000111111 7

#12889600
0!
0+

#12892800
1!
b11 %
1+
b11 /
b1110 0
b1000111111 2
b11 3
b101000 6
b1000111111 7

#12896000
0!
0+

#12899200
1!
b1 %
1+
b1 /
b0 0
b101000 1
b1 3
b101000 6
b1001000000 7

#12902400
0!
0+

#12905600
1!
b10 %
1+
b10 /
b1 0
b1001000000 2
b10 3
b1001000001 7

#12908800
0!
0+

#12912000
1!
b1 %
1+
b1 /
b10 0
b1001000001 2
b1 3
b1001000010 7

#12915200
0!
0+

#12918400
1!
b10 %
1+
b10 /
b11 0
b1001000010 2
b10 3
b1001000011 7

#12921600
0!
0+

#12924800
1!
b1 %
1+
b1 /
b100 0
b1001000011 2
b1 3
b1001000100 7

#12928000
0!
0+

#12931200
1!
b10 %
1+
b10 /
b101 0
b1001000100 2
b10 3
b1001000101 7

#12934400
0!
0+

#12937600
1!
b1 %
1+
b1 /
b110 0
b1001000101 2
b1 3
b1001000110 7

#12940800
0!
0+

#12944000
1!
b10 %
1+
b10 /
b111 0
b1001000110 2
b10 3
b1001000111 7

#12947200
0!
0+

#12950400
1!
b1 %
1+
b1 /
b1000 0
b1001000111 2
b1 3
b1001001000 7

#12953600
0!
0+

#12956800
1!
b10 %
1+
b10 /
b1001 0
b1001001000 2
b10 3
b1001001001 7

#12960000
0!
0+

#12963200
1!
b1 %
1+
b1 /
b1010 0
b1001001001 2
b1 3
b1001001010 7

#12966400
0!
0+

#12969600
1!
b10 %
1+
b10 /
b1011 0
b1001001010 2
b10 3
b1001001011 7

#12972800
0!
0+

#12976000
1!
b1 %
1+
b1 /
b1100 0
b1001001011 2
b1 3
b1001001100 7

#12979200
0!
0+

#12982400
1!
b10 %
1+
b10 /
b1101 0
b1001001100 2
b10 3
b1001001101 7

#12985600
0!
0+

#12988800
1!
b1 %
1+
b1 /
b1110 0
b1001001101 2
b1 3
b1001001110 7

#12992000
0!
0+

#12995200
1!
b11 %
1+
b11 /
b1111 0
b1001001110 2
b11 3
b101001 6
b1001001110 7

#12998400
0!
0+

#13001600
1!
b1 %
1+
b1 /
b0 0
b101001 1
b1 3
b101001 6
b1001001111 7

#13004800
0!
0+

#13008000
1!
b10 %
1+
b10 /
b1 0
b1001001111 2
b10 3
b1001010000 7

#13011200
0!
0+

#13014400
1!
b1 %
1+
b1 /
b10 0
b1001010000 2
b1 3
b1001010001 7

#13017600
0!
0+

#13020800
1!
b10 %
1+
b10 /
b11 0
b1001010001 2
b10 3
b1001010010 7

#13024000
0!
0+

#13027200
1!
b1 %
1+
b1 /
b100 0
b1001010010 2
b1 3
b1001010011 7

#13030400
0!
0+

#13033600
1!
b10 %
1+
b10 /
b101 0
b1001010011 2
b10 3
b1001010100 7

#13036800
0!
0+

#13040000
1!
b1 %
1+
b1 /
b110 0
b1001010100 2
b1 3
b1001010101 7

#13043200
0!
0+

#13046400
1!
b10 %
1+
b10 /
b111 0
b1001010101 2
b10 3
b1001010110 7

#13049600
0!
0+

#13052800
1!
b1 %
1+
b1 /
b1000 0
b1001010110 2
b1 3
b1001010111 7

#13056000
0!
0+

#13059200
1!
b10 %
1+
b10 /
b1001 0
b1001010111 2
b10 3
b1001011000 7

#13062400
0!
0+

#13065600
1!
b1 %
1+
b1 /
b1010 0
b1001011000 2
b1 3
b1001011001 7

#13068800
0!
0+

#13072000
1!
b10 %
1+
b10 /
b1011 0
b1001011001 2
b10 3
b1001011010 7

#13075200
0!
0+

#13078400
1!
b1 %
1+
b1 /
b1100 0
b1001011010 2
b1 3
b1001011011 7

#13081600
0!
0+

#13084800
1!
b10 %
1+
b10 /
b1101 0
b1001011011 2
b10 3
b1001011100 7

#13088000
0!
0+

#13091200
1!
b1 %
1+
b1 /
b1110 0
b1001011100 2
b1 3
b1001011101 7

#13094400
0!
0+

#13097600
1!
b11 %
1+
b11 /
b1111 0
b1001011101 2
b11 3
b101010 6
b1001011101 7

#13100800
0!
0+

#13104000
1!
b1 %
1+
b1 /
b0 0
b101010 1
b1 3
b101010 6
b1001011110 7

#13107200
0!
0+

#13110400
1!
b10 %
1+
b10 /
b1 0
b1001011110 2
b10 3
b1001011111 7

#13113600
0!
0+

#13116800
1!
b1 %
1+
b1 /
b10 0
b1001011111 2
b1 3
b1001100000 7

#13120000
0!
0+

#13123200
1!
b10 %
1+
b10 /
b11 0
b1001100000 2
b10 3
b1001100001 7

#13126400
0!
0+

#13129600
1!
b1 %
1+
b1 /
b100 0
b1001100001 2
b1 3
b1001100010 7

#13132800
0!
0+

#13136000
1!
b10 %
1+
b10 /
b101 0
b1001100010 2
b10 3
b1001100011 7

#13139200
0!
0+

#13142400
1!
b1 %
1+
b1 /
b110 0
b1001100011 2
b1 3
b1001100100 7

#13145600
0!
0+

#13148800
1!
b10 %
1+
b10 /
b111 0
b1001100100 2
b10 3
b1001100101 7

#13152000
0!
0+

#13155200
1!
b1 %
1+
b1 /
b1000 0
b1001100101 2
b1 3
b1001100110 7

#13158400
0!
0+

#13161600
1!
b10 %
1+
b10 /
b1001 0
b1001100110 2
b10 3
b1001100111 7

#13164800
0!
0+

#13168000
1!
b1 %
1+
b1 /
b1010 0
b1001100111 2
b1 3
b1001101000 7

#13171200
0!
0+

#13174400
1!
b10 %
1+
b10 /
b1011 0
b1001101000 2
b10 3
b1001101001 7

#13177600
0!
0+

#13180800
1!
b1 %
1+
b1 /
b1100 0
b1001101001 2
b1 3
b1001101010 7

#13184000
0!
0+

#13187200
1!
b10 %
1+
b10 /
b1101 0
b1001101010 2
b10 3
b1001101011 7

#13190400
0!
0+

#13193600
1!
b1 %
1+
b1 /
b1110 0
b1001101011 2
b1 3
b1001101100 7

#13196800
0!
0+

#13200000
1!
b11 %
1+
b11 /
b1111 0
b1001101100 2
b11 3
b101011 6
b1001101100 7

#13203200
0!
0+

#13206400
1!
b1 %
1+
b1 /
b0 0
b101011 1
b1 3
b101011 6
b1001101101 7

#13209600
0!
0+

#13212800
1!
b10 %
1+
b10 /
b1 0
b1001101101 2
b10 3
b1001101110 7

#13216000
0!
0+

#13219200
1!
b1 %
1+
b1 /
b10 0
b1001101110 2
b1 3
b1001101111 7

#13222400
0!
0+

#13225600
1!
b10 %
1+
b10 /
b11 0
b1001101111 2
b10 3
b1001110000 7

#13228800
0!
0+

#13232000
1!
b1 %
1+
b1 /
b100 0
b1001110000 2
b1 3
b1001110001 7

#13235200
0!
0+

#13238400
1!
b10 %
1+
b10 /
b101 0
b1001110001 2
b10 3
b1001110010 7

#13241600
0!
0+

#13244800
1!
b1 %
1+
b1 /
b110 0
b1001110010 2
b1 3
b1001110011 7

#13248000
0!
0+

#13251200
1!
b10 %
1+
b10 /
b111 0
b1001110011 2
b10 3
b1001110100 7

#13254400
0!
0+

#13257600
1!
b1 %
1+
b1 /
b1000 0
b1001110100 2
b1 3
b1001110101 7

#13260800
0!
0+

#13264000
1!
b10 %
1+
b10 /
b1001 0
b1001110101 2
b10 3
b1001110110 7

#13267200
0!
0+

#13270400
1!
b1 %
1+
b1 /
b1010 0
b1001110110 2
b1 3
b1001110111 7

#13273600
0!
0+

#13276800
1!
b10 %
1+
b10 /
b1011 0
b1001110111 2
b10 3
b1001111000 7

#13280000
0!
0+

#13283200
1!
b1 %
1+
b1 /
b1100 0
b1001111000 2
b1 3
b1001111001 7

#13286400
0!
0+

#13289600
1!
b10 %
1+
b10 /
b1101 0
b1001111001 2
b10 3
b1001111010 7

#13292800
0!
0+

#13296000
1!
b11 %
1+
b11 /
b1110 0
b1001111010 2
b11 3
b101100 6
b1001111010 7

#13299200
0!
0+

#13302400
1!
b10 %
1+
b10 /
b0 0
b101100 1
b10 3
b101100 6
b1001111011 7

#13305600
0!
0+

#13308800
1!
b1 %
1+
b1 /
b1 0
b1001111011 2
b1 3
b1001111100 7

#13312000
0!
0+

#13315200
1!
b10 %
1+
b10 /
b10 0
b1001111100 2
b10 3
b1001111101 7

#13318400
0!
0+

#13321600
1!
b1 %
1+
b1 /
b11 0
b1001111101 2
b1 3
b1001111110 7

#13324800
0!
0+

#13328000
1!
b10 %
1+
b10 /
b100 0
b1001111110 2
b10 3
b1001111111 7

#13331200
0!
0+

#13334400
1!
b1 %
1+
b1 /
b101 0
b1001111111 2
b1 3
b1010000000 7

#13337600
0!
0+

#13340800
1!
b10 %
1+
b10 /
b110 0
b1010000000 2
b10 3
b1010000001 7

#13344000
0!
0+

#13347200
1!
b1 %
1+
b1 /
b111 0
b1010000001 2
b1 3
b1010000010 7

#13350400
0!
0+

#13353600
1!
b10 %
1+
b10 /
b1000 0
b1010000010 2
b10 3
b1010000011 7

#13356800
0!
0+

#13360000
1!
b1 %
1+
b1 /
b1001 0
b1010000011 2
b1 3
b1010000100 7

#13363200
0!
0+

#13366400
1!
b10 %
1+
b10 /
b1010 0
b1010000100 2
b10 3
b1010000101 7

#13369600
0!
0+

#13372800
1!
b1 %
1+
b1 /
b1011 0
b1010000101 2
b1 3
b1010000110 7

#13376000
0!
0+

#13379200
1!
b10 %
1+
b10 /
b1100 0
b1010000110 2
b10 3
b1010000111 7

#13382400
0!
0+

#13385600
1!
b1 %
1+
b1 /
b1101 0
b1010000111 2
b1 3
b1010001000 7

#13388800
0!
0+

#13392000
1!
b10 %
1+
b10 /
b1110 0
b1010001000 2
b10 3
b1010001001 7

#13395200
0!
0+

#13398400
1!
b11 %
1+
b11 /
b1111 0
b1010001001 2
b11 3
b101101 6
b1010001001 7

#13401600
0!
0+

#13404800
1!
b10 %
1+
b10 /
b0 0
b101101 1
b10 3
b101101 6
b1010001010 7

#13408000
0!
0+

#13411200
1!
b1 %
1+
b1 /
b1 0
b1010001010 2
b1 3
b1010001011 7

#13414400
0!
0+

#13417600
1!
b10 %
1+
b10 /
b10 0
b1010001011 2
b10 3
b1010001100 7

#13420800
0!
0+

#13424000
1!
b1 %
1+
b1 /
b11 0
b1010001100 2
b1 3
b1010001101 7

#13427200
0!
0+

#13430400
1!
b10 %
1+
b10 /
b100 0
b1010001101 2
b10 3
b1010001110 7

#13433600
0!
0+

#13436800
1!
b1 %
1+
b1 /
b101 0
b1010001110 2
b1 3
b1010001111 7

#13440000
0!
0+

#13443200
1!
b10 %
1+
b10 /
b110 0
b1010001111 2
b10 3
b1010010000 7

#13446400
0!
0+

#13449600
1!
b1 %
1+
b1 /
b111 0
b1010010000 2
b1 3
b1010010001 7

#13452800
0!
0+

#13456000
1!
b10 %
1+
b10 /
b1000 0
b1010010001 2
b10 3
b1010010010 7

#13459200
0!
0+

#13462400
1!
b1 %
1+
b1 /
b1001 0
b1010010010 2
b1 3
b1010010011 7

#13465600
0!
0+

#13468800
1!
b10 %
1+
b10 /
b1010 0
b1010010011 2
b10 3
b1010010100 7

#13472000
0!
0+

#13475200
1!
b1 %
1+
b1 /
b1011 0
b1010010100 2
b1 3
b1010010101 7

#13478400
0!
0+

#13481600
1!
b10 %
1+
b10 /
b1100 0
b1010010101 2
b10 3
b1010010110 7

#13484800
0!
0+

#13488000
1!
b1 %
1+
b1 /
b1101 0
b1010010110 2
b1 3
b1010010111 7

#13491200
0!
0+

#13494400
1!
b10 %
1+
b10 /
b1110 0
b1010010111 2
b10 3
b1010011000 7

#13497600
0!
0+

#13500800
1!
b11 %
1+
b11 /
b1111 0
b1010011000 2
b11 3
b101110 6
b1010011000 7

#13504000
0!
0+

#13507200
1!
b10 %
1+
b10 /
b0 0
b101110 1
b10 3
b101110 6
b1010011001 7

#13510400
0!
0+

#13513600
1!
b1 %
1+
b1 /
b1 0
b1010011001 2
b1 3
b1010011010 7

#13516800
0!
0+

#13520000
1!
b10 %
1+
b10 /
b10 0
b1010011010 2
b10 3
b1010011011 7

#13523200
0!
0+

#13526400
1!
b1 %
1+
b1 /
b11 0
b1010011011 2
b1 3
b1010011100 7

#13529600
0!
0+

#13532800
1!
b10 %
1+
b10 /
b100 0
b1010011100 2
b10 3
b1010011101 7

#13536000
0!
0+

#13539200
1!
b1 %
1+
b1 /
b101 0
b1010011101 2
b1 3
b1010011110 7

#13542400
0!
0+

#13545600
1!
b10 %
1+
b10 /
b110 0
b1010011110 2
b10 3
b1010011111 7

#13548800
0!
0+

#13552000
1!
b1 %
1+
b1 /
b111 0
b1010011111 2
b1 3
b1010100000 7

#13555200
0!
0+

#13558400
1!
b10 %
1+
b10 /
b1000 0
b1010100000 2
b10 3
b1010100001 7

#13561600
0!
0+

#13564800
1!
b1 %
1+
b1 /
b1001 0
b1010100001 2
b1 3
b1010100010 7

#13568000
0!
0+

#13571200
1!
b10 %
1+
b10 /
b1010 0
b1010100010 2
b10 3
b1010100011 7

#13574400
0!
0+

#13577600
1!
b1 %
1+
b1 /
b1011 0
b1010100011 2
b1 3
b1010100100 7

#13580800
0!
0+

#13584000
1!
b10 %
1+
b10 /
b1100 0
b1010100100 2
b10 3
b1010100101 7

#13587200
0!
0+

#13590400
1!
b1 %
1+
b1 /
b1101 0
b1010100101 2
b1 3
b1010100110 7

#13593600
0!
0+

#13596800
1!
b10 %
1+
b10 /
b1110 0
b1010100110 2
b10 3
b1010100111 7

#13600000
0!
0+

#13603200
1!
b11 %
1+
b11 /
b1111 0
b1010100111 2
b11 3
b101111 6
b1010100111 7

#13606400
0!
0+

#13609600
1!
b10 %
1+
b10 /
b0 0
b101111 1
b10 3
b101111 6
b1010101000 7

#13612800
0!
0+

#13616000
1!
b1 %
1+
b1 /
b1 0
b1010101000 2
b1 3
b1010101001 7

#13619200
0!
0+

#13622400
1!
b10 %
1+
b10 /
b10 0
b1010101001 2
b10 3
b1010101010 7

#13625600
0!
0+

#13628800
1!
b1 %
1+
b1 /
b11 0
b1010101010 2
b1 3
b1010101011 7

#13632000
0!
0+

#13635200
1!
b10 %
1+
b10 /
b100 0
b1010101011 2
b10 3
b1010101100 7

#13638400
0!
0+

#13641600
1!
b1 %
1+
b1 /
b101 0
b1010101100 2
b1 3
b1010101101 7

#13644800
0!
0+

#13648000
1!
b10 %
1+
b10 /
b110 0
b1010101101 2
b10 3
b1010101110 7

#13651200
0!
0+

#13654400
1!
b1 %
1+
b1 /
b111 0
b1010101110 2
b1 3
b1010101111 7

#13657600
0!
0+

#13660800
1!
b10 %
1+
b10 /
b1000 0
b1010101111 2
b10 3
b1010110000 7

#13664000
0!
0+

#13667200
1!
b1 %
1+
b1 /
b1001 0
b1010110000 2
b1 3
b1010110001 7

#13670400
0!
0+

#13673600
1!
b10 %
1+
b10 /
b1010 0
b1010110001 2
b10 3
b1010110010 7

#13676800
0!
0+

#13680000
1!
b1 %
1+
b1 /
b1011 0
b1010110010 2
b1 3
b1010110011 7

#13683200
0!
0+

#13686400
1!
b10 %
1+
b10 /
b1100 0
b1010110011 2
b10 3
b1010110100 7

#13689600
0!
0+

#13692800
1!
b1 %
1+
b1 /
b1101 0
b1010110100 2
b1 3
b1010110101 7

#13696000
0!
0+

#13699200
1!
b11 %
1+
b11 /
b1110 0
b1010110101 2
b11 3
b110000 6
b1010110101 7

#13702400
0!
0+

#13705600
1!
b1 %
1+
b1 /
b0 0
b110000 1
b1 3
b110000 6
b1010110110 7

#13708800
0!
0+

#13712000
1!
b10 %
1+
b10 /
b1 0
b1010110110 2
b10 3
b1010110111 7

#13715200
0!
0+

#13718400
1!
b1 %
1+
b1 /
b10 0
b1010110111 2
b1 3
b1010111000 7

#13721600
0!
0+

#13724800
1!
b10 %
1+
b10 /
b11 0
b1010111000 2
b10 3
b1010111001 7

#13728000
0!
0+

#13731200
1!
b1 %
1+
b1 /
b100 0
b1010111001 2
b1 3
b1010111010 7

#13734400
0!
0+

#13737600
1!
b10 %
1+
b10 /
b101 0
b1010111010 2
b10 3
b1010111011 7

#13740800
0!
0+

#13744000
1!
b1 %
1+
b1 /
b110 0
b1010111011 2
b1 3
b1010111100 7

#13747200
0!
0+

#13750400
1!
b10 %
1+
b10 /
b111 0
b1010111100 2
b10 3
b1010111101 7

#13753600
0!
0+

#13756800
1!
b1 %
1+
b1 /
b1000 0
b1010111101 2
b1 3
b1010111110 7

#13760000
0!
0+

#13763200
1!
b10 %
1+
b10 /
b1001 0
b1010111110 2
b10 3
b1010111111 7

#13766400
0!
0+

#13769600
1!
b1 %
1+
b1 /
b1010 0
b1010111111 2
b1 3
b1011000000 7

#13772800
0!
0+

#13776000
1!
b10 %
1+
b10 /
b1011 0
b1011000000 2
b10 3
b1011000001 7

#13779200
0!
0+

#13782400
1!
b1 %
1+
b1 /
b1100 0
b1011000001 2
b1 3
b1011000010 7

#13785600
0!
0+

#13788800
1!
b10 %
1+
b10 /
b1101 0
b1011000010 2
b10 3
b1011000011 7

#13792000
0!
0+

#13795200
1!
b1 %
1+
b1 /
b1110 0
b1011000011 2
b1 3
b1011000100 7

#13798400
0!
0+

#13801600
1!
b11 %
1+
b11 /
b1111 0
b1011000100 2
b11 3
b110001 6
b1011000100 7

#13804800
0!
0+

#13808000
1!
b1 %
1+
b1 /
b0 0
b110001 1
b1 3
b110001 6
b1011000101 7

#13811200
0!
0+

#13814400
1!
b10 %
1+
b10 /
b1 0
b1011000101 2
b10 3
b1011000110 7

#13817600
0!
0+

#13820800
1!
b1 %
1+
b1 /
b10 0
b1011000110 2
b1 3
b1011000111 7

#13824000
0!
0+

#13827200
1!
b10 %
1+
b10 /
b11 0
b1011000111 2
b10 3
b1011001000 7

#13830400
0!
0+

#13833600
1!
b1 %
1+
b1 /
b100 0
b1011001000 2
b1 3
b1011001001 7

#13836800
0!
0+

#13840000
1!
b10 %
1+
b10 /
b101 0
b1011001001 2
b10 3
b1011001010 7

#13843200
0!
0+

#13846400
1!
b1 %
1+
b1 /
b110 0
b1011001010 2
b1 3
b1011001011 7

#13849600
0!
0+

#13852800
1!
b10 %
1+
b10 /
b111 0
b1011001011 2
b10 3
b1011001100 7

#13856000
0!
0+

#13859200
1!
b1 %
1+
b1 /
b1000 0
b1011001100 2
b1 3
b1011001101 7

#13862400
0!
0+

#13865600
1!
b10 %
1+
b10 /
b1001 0
b1011001101 2
b10 3
b1011001110 7

#13868800
0!
0+

#13872000
1!
b1 %
1+
b1 /
b1010 0
b1011001110 2
b1 3
b1011001111 7

#13875200
0!
0+

#13878400
1!
b10 %
1+
b10 /
b1011 0
b1011001111 2
b10 3
b1011010000 7

#13881600
0!
0+

#13884800
1!
b1 %
1+
b1 /
b1100 0
b1011010000 2
b1 3
b1011010001 7

#13888000
0!
0+

#13891200
1!
b10 %
1+
b10 /
b1101 0
b1011010001 2
b10 3
b1011010010 7

#13894400
0!
0+

#13897600
1!
b1 %
1+
b1 /
b1110 0
b1011010010 2
b1 3
b1011010011 7

#13900800
0!
0+

#13904000
1!
b11 %
1+
b11 /
b1111 0
b1011010011 2
b11 3
b110010 6
b1011010011 7

#13907200
0!
0+

#13910400
1!
b1 %
1+
b1 /
b0 0
b110010 1
b1 3
b110010 6
b1011010100 7

#13913600
0!
0+

#13916800
1!
b10 %
1+
b10 /
b1 0
b1011010100 2
b10 3
b1011010101 7

#13920000
0!
0+

#13923200
1!
b1 %
1+
b1 /
b10 0
b1011010101 2
b1 3
b1011010110 7

#13926400
0!
0+

#13929600
1!
b10 %
1+
b10 /
b11 0
b1011010110 2
b10 3
b1011010111 7

#13932800
0!
0+

#13936000
1!
b1 %
1+
b1 /
b100 0
b1011010111 2
b1 3
b1011011000 7

#13939200
0!
0+

#13942400
1!
b10 %
1+
b10 /
b101 0
b1011011000 2
b10 3
b1011011001 7

#13945600
0!
0+

#13948800
1!
b1 %
1+
b1 /
b110 0
b1011011001 2
b1 3
b1011011010 7

#13952000
0!
0+

#13955200
1!
b10 %
1+
b10 /
b111 0
b1011011010 2
b10 3
b1011011011 7

#13958400
0!
0+

#13961600
1!
b1 %
1+
b1 /
b1000 0
b1011011011 2
b1 3
b1011011100 7

#13964800
0!
0+

#13968000
1!
b10 %
1+
b10 /
b1001 0
b1011011100 2
b10 3
b1011011101 7

#13971200
0!
0+

#13974400
1!
b1 %
1+
b1 /
b1010 0
b1011011101 2
b1 3
b1011011110 7

#13977600
0!
0+

#13980800
1!
b10 %
1+
b10 /
b1011 0
b1011011110 2
b10 3
b1011011111 7

#13984000
0!
0+

#13987200
1!
b1 %
1+
b1 /
b1100 0
b1011011111 2
b1 3
b1011100000 7

#13990400
0!
0+

#13993600
1!
b10 %
1+
b10 /
b1101 0
b1011100000 2
b10 3
b1011100001 7

#13996800
0!
0+

#14000000
1!
b1 %
1+
b1 /
b1110 0
b1011100001 2
b1 3
b1011100010 7

#14003200
0!
0+

#14006400
1!
b11 %
1+
b11 /
b1111 0
b1011100010 2
b11 3
b110011 6
b1011100010 7

#14009600
0!
0+

#14012800
1!
b1 %
1+
b1 /
b0 0
b110011 1
b1 3
b110011 6
b1011100011 7

#14016000
0!
0+

#14019200
1!
b10 %
1+
b10 /
b1 0
b1011100011 2
b10 3
b1011100100 7

#14022400
0!
0+

#14025600
1!
b1 %
1+
b1 /
b10 0
b1011100100 2
b1 3
b1011100101 7

#14028800
0!
0+

#14032000
1!
b10 %
1+
b10 /
b11 0
b1011100101 2
b10 3
b1011100110 7

#14035200
0!
0+

#14038400
1!
b1 %
1+
b1 /
b100 0
b1011100110 2
b1 3
b1011100111 7

#14041600
0!
0+

#14044800
1!
b10 %
1+
b10 /
b101 0
b1011100111 2
b10 3
b1011101000 7

#14048000
0!
0+

#14051200
1!
b1 %
1+
b1 /
b110 0
b1011101000 2
b1 3
b1011101001 7

#14054400
0!
0+

#14057600
1!
b10 %
1+
b10 /
b111 0
b1011101001 2
b10 3
b1011101010 7

#14060800
0!
0+

#14064000
1!
b1 %
1+
b1 /
b1000 0
b1011101010 2
b1 3
b1011101011 7

#14067200
0!
0+

#14070400
1!
b10 %
1+
b10 /
b1001 0
b1011101011 2
b10 3
b1011101100 7

#14073600
0!
0+

#14076800
1!
b1 %
1+
b1 /
b1010 0
b1011101100 2
b1 3
b1011101101 7

#14080000
0!
0+

#14083200
1!
b10 %
1+
b10 /
b1011 0
b1011101101 2
b10 3
b1011101110 7

#14086400
0!
0+

#14089600
1!
b1 %
1+
b1 /
b1100 0
b1011101110 2
b1 3
b1011101111 7

#14092800
0!
0+

#14096000
1!
b10 %
1+
b10 /
b1101 0
b1011101111 2
b10 3
b1011110000 7

#14099200
0!
0+

#14102400
1!
b11 %
1+
b11 /
b1110 0
b1011110000 2
b11 3
b110100 6
b1011110000 7

#14105600
0!
0+

#14108800
1!
b10 %
1+
b10 /
b0 0
b110100 1
b10 3
b110100 6
b1011110001 7

#14112000
0!
0+

#14115200
1!
b1 %
1+
b1 /
b1 0
b1011110001 2
b1 3
b1011110010 7

#14118400
0!
0+

#14121600
1!
b10 %
1+
b10 /
b10 0
b1011110010 2
b10 3
b1011110011 7

#14124800
0!
0+

#14128000
1!
b1 %
1+
b1 /
b11 0
b1011110011 2
b1 3
b1011110100 7

#14131200
0!
0+

#14134400
1!
b10 %
1+
b10 /
b100 0
b1011110100 2
b10 3
b1011110101 7

#14137600
0!
0+

#14140800
1!
b1 %
1+
b1 /
b101 0
b1011110101 2
b1 3
b1011110110 7

#14144000
0!
0+

#14147200
1!
b10 %
1+
b10 /
b110 0
b1011110110 2
b10 3
b1011110111 7

#14150400
0!
0+

#14153600
1!
b1 %
1+
b1 /
b111 0
b1011110111 2
b1 3
b1011111000 7

#14156800
0!
0+

#14160000
1!
b10 %
1+
b10 /
b1000 0
b1011111000 2
b10 3
b1011111001 7

#14163200
0!
0+

#14166400
1!
b1 %
1+
b1 /
b1001 0
b1011111001 2
b1 3
b1011111010 7

#14169600
0!
0+

#14172800
1!
b10 %
1+
b10 /
b1010 0
b1011111010 2
b10 3
b1011111011 7

#14176000
0!
0+

#14179200
1!
b1 %
1+
b1 /
b1011 0
b1011111011 2
b1 3
b1011111100 7

#14182400
0!
0+

#14185600
1!
b10 %
1+
b10 /
b1100 0
b1011111100 2
b10 3
b1011111101 7

#14188800
0!
0+

#14192000
1!
b1 %
1+
b1 /
b1101 0
b1011111101 2
b1 3
b1011111110 7

#14195200
0!
0+

#14198400
1!
b10 %
1+
b10 /
b1110 0
b1011111110 2
b10 3
b1011111111 7

#14201600
0!
0+

#14204800
1!
b11 %
1+
b11 /
b1111 0
b1011111111 2
b11 3
b110101 6
b1011111111 7

#14208000
0!
0+

#14211200
1!
b10 %
1+
b10 /
b0 0
b110101 1
b10 3
b110101 6
b1100000000 7

#14214400
0!
0+

#14217600
1!
b1 %
1+
b1 /
b1 0
b1100000000 2
b1 3
b1100000001 7

#14220800
0!
0+

#14224000
1!
b10 %
1+
b10 /
b10 0
b1100000001 2
b10 3
b1100000010 7

#14227200
0!
0+

#14230400
1!
b1 %
1+
b1 /
b11 0
b1100000010 2
b1 3
b1100000011 7

#14233600
0!
0+

#14236800
1!
b10 %
1+
b10 /
b100 0
b1100000011 2
b10 3
b1100000100 7

#14240000
0!
0+

#14243200
1!
b1 %
1+
b1 /
b101 0
b1100000100 2
b1 3
b1100000101 7

#14246400
0!
0+

#14249600
1!
b10 %
1+
b10 /
b110 0
b1100000101 2
b10 3
b1100000110 7

#14252800
0!
0+

#14256000
1!
b1 %
1+
b1 /
b111 0
b1100000110 2
b1 3
b1100000111 7

#14259200
0!
0+

#14262400
1!
b10 %
1+
b10 /
b1000 0
b1100000111 2
b10 3
b1100001000 7

#14265600
0!
0+

#14268800
1!
b1 %
1+
b1 /
b1001 0
b1100001000 2
b1 3
b1100001001 7

#14272000
0!
0+

#14275200
1!
b10 %
1+
b10 /
b1010 0
b1100001001 2
b10 3
b1100001010 7

#14278400
0!
0+

#14281600
1!
b1 %
1+
b1 /
b1011 0
b1100001010 2
b1 3
b1100001011 7

#14284800
0!
0+

#14288000
1!
b10 %
1+
b10 /
b1100 0
b1100001011 2
b10 3
b1100001100 7

#14291200
0!
0+

#14294400
1!
b1 %
1+
b1 /
b1101 0
b1100001100 2
b1 3
b1100001101 7

#14297600
0!
0+

#14300800
1!
b10 %
1+
b10 /
b1110 0
b1100001101 2
b10 3
b1100001110 7

#14304000
0!
0+

#14307200
1!
b11 %
1+
b11 /
b1111 0
b1100001110 2
b11 3
b110110 6
b1100001110 7

#14310400
0!
0+

#14313600
1!
b10 %
1+
b10 /
b0 0
b110110 1
b10 3
b110110 6
b1100001111 7

#14316800
0!
0+

#14320000
1!
b1 %
1+
b1 /
b1 0
b1100001111 2
b1 3
b1100010000 7

#14323200
0!
0+

#14326400
1!
b10 %
1+
b10 /
b10 0
b1100010000 2
b10 3
b1100010001 7

#14329600
0!
0+

#14332800
1!
b1 %
1+
b1 /
b11 0
b1100010001 2
b1 3
b1100010010 7

#14336000
0!
0+

#14339200
1!
b10 %
1+
b10 /
b100 0
b1100010010 2
b10 3
b1100010011 7

#14342400
0!
0+

#14345600
1!
b1 %
1+
b1 /
b101 0
b1100010011 2
b1 3
b1100010100 7

#14348800
0!
0+

#14352000
1!
b10 %
1+
b10 /
b110 0
b1100010100 2
b10 3
b1100010101 7

#14355200
0!
0+

#14358400
1!
b1 %
1+
b1 /
b111 0
b1100010101 2
b1 3
b1100010110 7

#14361600
0!
0+

#14364800
1!
b10 %
1+
b10 /
b1000 0
b1100010110 2
b10 3
b1100010111 7

#14368000
0!
0+

#14371200
1!
b1 %
1+
b1 /
b1001 0
b1100010111 2
b1 3
b1100011000 7

#14374400
0!
0+

#14377600
1!
b10 %
1+
b10 /
b1010 0
b1100011000 2
b10 3
b1100011001 7

#14380800
0!
0+

#14384000
1!
b1 %
1+
b1 /
b1011 0
b1100011001 2
b1 3
b1100011010 7

#14387200
0!
0+

#14390400
1!
b10 %
1+
b10 /
b1100 0
b1100011010 2
b10 3
b1100011011 7

#14393600
0!
0+

#14396800
1!
b1 %
1+
b1 /
b1101 0
b1100011011 2
b1 3
b1100011100 7

#14400000
0!
0+

#14403200
1!
b10 %
1+
b10 /
b1110 0
b1100011100 2
b10 3
b1100011101 7

#14406400
0!
0+

#14409600
1!
b11 %
1+
b11 /
b1111 0
b1100011101 2
b11 3
b110111 6
b1100011101 7

#14412800
0!
0+

#14416000
1!
b10 %
1+
b10 /
b0 0
b110111 1
b10 3
b110111 6
b1100011110 7

#14419200
0!
0+

#14422400
1!
b1 %
1+
b1 /
b1 0
b1100011110 2
b1 3
b1100011111 7

#14425600
0!
0+

#14428800
1!
b10 %
1+
b10 /
b10 0
b1100011111 2
b10 3
b1100100000 7

#14432000
0!
0+

#14435200
1!
b1 %
1+
b1 /
b11 0
b1100100000 2
b1 3
b1100100001 7

#14438400
0!
0+

#14441600
1!
b10 %
1+
b10 /
b100 0
b1100100001 2
b10 3
b1100100010 7

#14444800
0!
0+

#14448000
1!
b1 %
1+
b1 /
b101 0
b1100100010 2
b1 3
b1100100011 7

#14451200
0!
0+

#14454400
1!
b10 %
1+
b10 /
b110 0
b1100100011 2
b10 3
b1100100100 7

#14457600
0!
0+

#14460800
1!
b1 %
1+
b1 /
b111 0
b1100100100 2
b1 3
b1100100101 7

#14464000
0!
0+

#14467200
1!
b10 %
1+
b10 /
b1000 0
b1100100101 2
b10 3
b1100100110 7

#14470400
0!
0+

#14473600
1!
b1 %
1+
b1 /
b1001 0
b1100100110 2
b1 3
b1100100111 7

#14476800
0!
0+

#14480000
1!
b10 %
1+
b10 /
b1010 0
b1100100111 2
b10 3
b1100101000 7

#14483200
0!
0+

#14486400
1!
b1 %
1+
b1 /
b1011 0
b1100101000 2
b1 3
b1100101001 7

#14489600
0!
0+

#14492800
1!
b10 %
1+
b10 /
b1100 0
b1100101001 2
b10 3
b1100101010 7

#14496000
0!
0+

#14499200
1!
b1 %
1+
b1 /
b1101 0
b1100101010 2
b1 3
b1100101011 7

#14502400
0!
0+

#14505600
1!
b11 %
1+
b11 /
b1110 0
b1100101011 2
b11 3
b111000 6
b1100101011 7

#14508800
0!
0+

#14512000
1!
b1 %
1+
b1 /
b0 0
b111000 1
b1 3
b111000 6
b1100101100 7

#14515200
0!
0+

#14518400
1!
b10 %
1+
b10 /
b1 0
b1100101100 2
b10 3
b1100101101 7

#14521600
0!
0+

#14524800
1!
b1 %
1+
b1 /
b10 0
b1100101101 2
b1 3
b1100101110 7

#14528000
0!
0+

#14531200
1!
b10 %
1+
b10 /
b11 0
b1100101110 2
b10 3
b1100101111 7

#14534400
0!
0+

#14537600
1!
b1 %
1+
b1 /
b100 0
b1100101111 2
b1 3
b1100110000 7

#14540800
0!
0+

#14544000
1!
b10 %
1+
b10 /
b101 0
b1100110000 2
b10 3
b1100110001 7

#14547200
0!
0+

#14550400
1!
b1 %
1+
b1 /
b110 0
b1100110001 2
b1 3
b1100110010 7

#14553600
0!
0+

#14556800
1!
b10 %
1+
b10 /
b111 0
b1100110010 2
b10 3
b1100110011 7

#14560000
0!
0+

#14563200
1!
b1 %
1+
b1 /
b1000 0
b1100110011 2
b1 3
b1100110100 7

#14566400
0!
0+

#14569600
1!
b10 %
1+
b10 /
b1001 0
b1100110100 2
b10 3
b1100110101 7

#14572800
0!
0+

#14576000
1!
b1 %
1+
b1 /
b1010 0
b1100110101 2
b1 3
b1100110110 7

#14579200
0!
0+

#14582400
1!
b10 %
1+
b10 /
b1011 0
b1100110110 2
b10 3
b1100110111 7

#14585600
0!
0+

#14588800
1!
b1 %
1+
b1 /
b1100 0
b1100110111 2
b1 3
b1100111000 7

#14592000
0!
0+

#14595200
1!
b10 %
1+
b10 /
b1101 0
b1100111000 2
b10 3
b1100111001 7

#14598400
0!
0+

#14601600
1!
b1 %
1+
b1 /
b1110 0
b1100111001 2
b1 3
b1100111010 7

#14604800
0!
0+

#14608000
1!
b11 %
1+
b11 /
b1111 0
b1100111010 2
b11 3
b111001 6
b1100111010 7

#14611200
0!
0+

#14614400
1!
b1 %
1+
b1 /
b0 0
b111001 1
b1 3
b111001 6
b1100111011 7

#14617600
0!
0+

#14620800
1!
b10 %
1+
b10 /
b1 0
b1100111011 2
b10 3
b1100111100 7

#14624000
0!
0+

#14627200
1!
b1 %
1+
b1 /
b10 0
b1100111100 2
b1 3
b1100111101 7

#14630400
0!
0+

#14633600
1!
b10 %
1+
b10 /
b11 0
b1100111101 2
b10 3
b1100111110 7

#14636800
0!
0+

#14640000
1!
b1 %
1+
b1 /
b100 0
b1100111110 2
b1 3
b1100111111 7

#14643200
0!
0+

#14646400
1!
b10 %
1+
b10 /
b101 0
b1100111111 2
b10 3
b1101000000 7

#14649600
0!
0+

#14652800
1!
b1 %
1+
b1 /
b110 0
b1101000000 2
b1 3
b1101000001 7

#14656000
0!
0+

#14659200
1!
b10 %
1+
b10 /
b111 0
b1101000001 2
b10 3
b1101000010 7

#14662400
0!
0+

#14665600
1!
b1 %
1+
b1 /
b1000 0
b1101000010 2
b1 3
b1101000011 7

#14668800
0!
0+

#14672000
1!
b10 %
1+
b10 /
b1001 0
b1101000011 2
b10 3
b1101000100 7

#14675200
0!
0+

#14678400
1!
b1 %
1+
b1 /
b1010 0
b1101000100 2
b1 3
b1101000101 7

#14681600
0!
0+

#14684800
1!
b10 %
1+
b10 /
b1011 0
b1101000101 2
b10 3
b1101000110 7

#14688000
0!
0+

#14691200
1!
b1 %
1+
b1 /
b1100 0
b1101000110 2
b1 3
b1101000111 7

#14694400
0!
0+

#14697600
1!
b10 %
1+
b10 /
b1101 0
b1101000111 2
b10 3
b1101001000 7

#14700800
0!
0+

#14704000
1!
b1 %
1+
b1 /
b1110 0
b1101001000 2
b1 3
b1101001001 7

#14707200
0!
0+

#14710400
1!
b11 %
1+
b11 /
b1111 0
b1101001001 2
b11 3
b111010 6
b1101001001 7

#14713600
0!
0+

#14716800
1!
b1 %
1+
b1 /
b0 0
b111010 1
b1 3
b111010 6
b1101001010 7

#14720000
0!
0+

#14723200
1!
b10 %
1+
b10 /
b1 0
b1101001010 2
b10 3
b1101001011 7

#14726400
0!
0+

#14729600
1!
b1 %
1+
b1 /
b10 0
b1101001011 2
b1 3
b1101001100 7

#14732800
0!
0+

#14736000
1!
b10 %
1+
b10 /
b11 0
b1101001100 2
b10 3
b1101001101 7

#14739200
0!
0+

#14742400
1!
b1 %
1+
b1 /
b100 0
b1101001101 2
b1 3
b1101001110 7

#14745600
0!
0+

#14748800
1!
b10 %
1+
b10 /
b101 0
b1101001110 2
b10 3
b1101001111 7

#14752000
0!
0+

#14755200
1!
b1 %
1+
b1 /
b110 0
b1101001111 2
b1 3
b1101010000 7

#14758400
0!
0+

#14761600
1!
b10 %
1+
b10 /
b111 0
b1101010000 2
b10 3
b1101010001 7

#14764800
0!
0+

#14768000
1!
b1 %
1+
b1 /
b1000 0
b1101010001 2
b1 3
b1101010010 7

#14771200
0!
0+

#14774400
1!
b10 %
1+
b10 /
b1001 0
b1101010010 2
b10 3
b1101010011 7

#14777600
0!
0+

#14780800
1!
b1 %
1+
b1 /
b1010 0
b1101010011 2
b1 3
b1101010100 7

#14784000
0!
0+

#14787200
1!
b10 %
1+
b10 /
b1011 0
b1101010100 2
b10 3
b1101010101 7

#14790400
0!
0+

#14793600
1!
b1 %
1+
b1 /
b1100 0
b1101010101 2
b1 3
b1101010110 7

#14796800
0!
0+

#14800000
1!
b10 %
1+
b10 /
b1101 0
b1101010110 2
b10 3
b1101010111 7

#14803200
0!
0+

#14806400
1!
b1 %
1+
b1 /
b1110 0
b1101010111 2
b1 3
b1101011000 7

#14809600
0!
0+

#14812800
1!
b11 %
1+
b11 /
b1111 0
b1101011000 2
b11 3
b111011 6
b1101011000 7

#14816000
0!
0+

#14819200
1!
b1 %
1+
b1 /
b0 0
b111011 1
b1 3
b111011 6
b1101011001 7

#14822400
0!
0+

#14825600
1!
b10 %
1+
b10 /
b1 0
b1101011001 2
b10 3
b1101011010 7

#14828800
0!
0+

#14832000
1!
b1 %
1+
b1 /
b10 0
b1101011010 2
b1 3
b1101011011 7

#14835200
0!
0+

#14838400
1!
b10 %
1+
b10 /
b11 0
b1101011011 2
b10 3
b1101011100 7

#14841600
0!
0+

#14844800
1!
b1 %
1+
b1 /
b100 0
b1101011100 2
b1 3
b1101011101 7

#14848000
0!
0+

#14851200
1!
b10 %
1+
b10 /
b101 0
b1101011101 2
b10 3
b1101011110 7

#14854400
0!
0+

#14857600
1!
b1 %
1+
b1 /
b110 0
b1101011110 2
b1 3
b1101011111 7

#14860800
0!
0+

#14864000
1!
b10 %
1+
b10 /
b111 0
b1101011111 2
b10 3
b1101100000 7

#14867200
0!
0+

#14870400
1!
b1 %
1+
b1 /
b1000 0
b1101100000 2
b1 3
b1101100001 7

#14873600
0!
0+

#14876800
1!
b10 %
1+
b10 /
b1001 0
b1101100001 2
b10 3
b1101100010 7

#14880000
0!
0+

#14883200
1!
b1 %
1+
b1 /
b1010 0
b1101100010 2
b1 3
b1101100011 7

#14886400
0!
0+

#14889600
1!
b10 %
1+
b10 /
b1011 0
b1101100011 2
b10 3
b1101100100 7

#14892800
0!
0+

#14896000
1!
b1 %
1+
b1 /
b1100 0
b1101100100 2
b1 3
b1101100101 7

#14899200
0!
0+

#14902400
1!
b10 %
1+
b10 /
b1101 0
b1101100101 2
b10 3
b1101100110 7

#14905600
0!
0+

#14908800
1!
b11 %
1+
b11 /
b1110 0
b1101100110 2
b11 3
b111100 6
b1101100110 7

#14912000
0!
0+

#14915200
1!
b10 %
1+
b10 /
b0 0
b111100 1
b10 3
b111100 6
b1101100111 7

#14918400
0!
0+

#14921600
1!
b1 %
1+
b1 /
b1 0
b1101100111 2
b1 3
b1101101000 7

#14924800
0!
0+

#14928000
1!
b10 %
1+
b10 /
b10 0
b1101101000 2
b10 3
b1101101001 7

#14931200
0!
0+

#14934400
1!
b1 %
1+
b1 /
b11 0
b1101101001 2
b1 3
b1101101010 7

#14937600
0!
0+

#14940800
1!
b10 %
1+
b10 /
b100 0
b1101101010 2
b10 3
b1101101011 7

#14944000
0!
0+

#14947200
1!
b1 %
1+
b1 /
b101 0
b1101101011 2
b1 3
b1101101100 7

#14950400
0!
0+

#14953600
1!
b10 %
1+
b10 /
b110 0
b1101101100 2
b10 3
b1101101101 7

#14956800
0!
0+

#14960000
1!
b1 %
1+
b1 /
b111 0
b1101101101 2
b1 3
b1101101110 7

#14963200
0!
0+

#14966400
1!
b10 %
1+
b10 /
b1000 0
b1101101110 2
b10 3
b1101101111 7

#14969600
0!
0+

#14972800
1!
b1 %
1+
b1 /
b1001 0
b1101101111 2
b1 3
b1101110000 7

#14976000
0!
0+

#14979200
1!
b10 %
1+
b10 /
b1010 0
b1101110000 2
b10 3
b1101110001 7

#14982400
0!
0+

#14985600
1!
b1 %
1+
b1 /
b1011 0
b1101110001 2
b1 3
b1101110010 7

#14988800
0!
0+

#14992000
1!
b10 %
1+
b10 /
b1100 0
b1101110010 2
b10 3
b1101110011 7

#14995200
0!
0+

#14998400
1!
b1 %
1+
b1 /
b1101 0
b1101110011 2
b1 3
b1101110100 7

#15001600
0!
0+

#15004800
1!
b10 %
1+
b10 /
b1110 0
b1101110100 2
b10 3
b1101110101 7

#15008000
0!
0+

#15011200
1!
b11 %
1+
b11 /
b1111 0
b1101110101 2
b11 3
b111101 6
b1101110101 7

#15014400
0!
0+

#15017600
1!
b10 %
1+
b10 /
b0 0
b111101 1
b10 3
b111101 6
b1101110110 7

#15020800
0!
0+

#15024000
1!
b1 %
1+
b1 /
b1 0
b1101110110 2
b1 3
b1101110111 7

#15027200
0!
0+

#15030400
1!
b10 %
1+
b10 /
b10 0
b1101110111 2
b10 3
b1101111000 7

#15033600
0!
0+

#15036800
1!
b1 %
1+
b1 /
b11 0
b1101111000 2
b1 3
b1101111001 7

#15040000
0!
0+

#15043200
1!
b10 %
1+
b10 /
b100 0
b1101111001 2
b10 3
b1101111010 7

#15046400
0!
0+

#15049600
1!
b1 %
1+
b1 /
b101 0
b1101111010 2
b1 3
b1101111011 7

#15052800
0!
0+

#15056000
1!
b10 %
1+
b10 /
b110 0
b1101111011 2
b10 3
b1101111100 7

#15059200
0!
0+

#15062400
1!
b1 %
1+
b1 /
b111 0
b1101111100 2
b1 3
b1101111101 7

#15065600
0!
0+

#15068800
1!
b10 %
1+
b10 /
b1000 0
b1101111101 2
b10 3
b1101111110 7

#15072000
0!
0+

#15075200
1!
b1 %
1+
b1 /
b1001 0
b1101111110 2
b1 3
b1101111111 7

#15078400
0!
0+

#15081600
1!
b10 %
1+
b10 /
b1010 0
b1101111111 2
b10 3
b1110000000 7

#15084800
0!
0+

#15088000
1!
b1 %
1+
b1 /
b1011 0
b1110000000 2
b1 3
b1110000001 7

#15091200
0!
0+

#15094400
1!
b10 %
1+
b10 /
b1100 0
b1110000001 2
b10 3
b1110000010 7

#15097600
0!
0+

#15100800
1!
b1 %
1+
b1 /
b1101 0
b1110000010 2
b1 3
b1110000011 7

#15104000
0!
0+

#15107200
1!
b10 %
1+
b10 /
b1110 0
b1110000011 2
b10 3
b1110000100 7

#15110400
0!
0+

#15113600
1!
b11 %
1+
b11 /
b1111 0
b1110000100 2
b11 3
b111110 6
b1110000100 7

#15116800
0!
0+

#15120000
1!
b10 %
1+
b10 /
b0 0
b111110 1
b10 3
b111110 6
b1110000101 7

#15123200
0!
0+

#15126400
1!
b1 %
1+
b1 /
b1 0
b1110000101 2
b1 3
b1110000110 7

#15129600
0!
0+

#15132800
1!
b10 %
1+
b10 /
b10 0
b1110000110 2
b10 3
b1110000111 7

#15136000
0!
0+

#15139200
1!
b1 %
1+
b1 /
b11 0
b1110000111 2
b1 3
b1110001000 7

#15142400
0!
0+

#15145600
1!
b10 %
1+
b10 /
b100 0
b1110001000 2
b10 3
b1110001001 7

#15148800
0!
0+

#15152000
1!
b1 %
1+
b1 /
b101 0
b1110001001 2
b1 3
b1110001010 7

#15155200
0!
0+

#15158400
1!
b10 %
1+
b10 /
b110 0
b1110001010 2
b10 3
b1110001011 7

#15161600
0!
0+

#15164800
1!
b1 %
1+
b1 /
b111 0
b1110001011 2
b1 3
b1110001100 7

#15168000
0!
0+

#15171200
1!
b10 %
1+
b10 /
b1000 0
b1110001100 2
b10 3
b1110001101 7

#15174400
0!
0+

#15177600
1!
b1 %
1+
b1 /
b1001 0
b1110001101 2
b1 3
b1110001110 7

#15180800
0!
0+

#15184000
1!
b10 %
1+
b10 /
b1010 0
b1110001110 2
b10 3
b1110001111 7

#15187200
0!
0+

#15190400
1!
b1 %
1+
b1 /
b1011 0
b1110001111 2
b1 3
b1110010000 7

#15193600
0!
0+

#15196800
1!
b10 %
1+
b10 /
b1100 0
b1110010000 2
b10 3
b1110010001 7

#15200000
0!
0+

#15203200
1!
b1 %
1+
b1 /
b1101 0
b1110010001 2
b1 3
b1110010010 7

#15206400
0!
0+

#15209600
1!
b10 %
1+
b10 /
b1110 0
b1110010010 2
b10 3
b1110010011 7

#15212800
0!
0+

#15216000
1!
b11 %
1+
b11 /
b1111 0
b1110010011 2
b11 3
b111111 6
b1110010011 7

#15219200
0!
0+

#15222400
1!
b10 %
1+
b10 /
b0 0
b111111 1
b10 3
b111111 6
b1110010100 7

#15225600
0!
0+

#15228800
1!
b1 %
1+
b1 /
b1 0
b1110010100 2
b1 3
b1110010101 7

#15232000
0!
0+

#15235200
1!
b10 %
1+
b10 /
b10 0
b1110010101 2
b10 3
b1110010110 7

#15238400
0!
0+

#15241600
1!
b1 %
1+
b1 /
b11 0
b1110010110 2
b1 3
b1110010111 7

#15244800
0!
0+

#15248000
1!
b10 %
1+
b10 /
b100 0
b1110010111 2
b10 3
b1110011000 7

#15251200
0!
0+

#15254400
1!
b1 %
1+
b1 /
b101 0
b1110011000 2
b1 3
b1110011001 7

#15257600
0!
0+

#15260800
1!
b10 %
1+
b10 /
b110 0
b1110011001 2
b10 3
b1110011010 7

#15264000
0!
0+

#15267200
1!
b1 %
1+
b1 /
b111 0
b1110011010 2
b1 3
b1110011011 7

#15270400
0!
0+

#15273600
1!
b10 %
1+
b10 /
b1000 0
b1110011011 2
b10 3
b1110011100 7

#15276800
0!
0+

#15280000
1!
b1 %
1+
b1 /
b1001 0
b1110011100 2
b1 3
b1110011101 7

#15283200
0!
0+

#15286400
1!
b10 %
1+
b10 /
b1010 0
b1110011101 2
b10 3
b1110011110 7

#15289600
0!
0+

#15292800
1!
b1 %
1+
b1 /
b1011 0
b1110011110 2
b1 3
b1110011111 7

#15296000
0!
0+

#15299200
1!
b10 %
1+
b10 /
b1100 0
b1110011111 2
b10 3
b1110100000 7

#15302400
0!
0+

#15305600
1!
b1 %
1+
b1 /
b1101 0
b1110100000 2
b1 3
b1110100001 7

#15308800
0!
0+

#15312000
1!
b11 %
1+
b11 /
b1110 0
b1110100001 2
b11 3
b1000000 6
b1110100001 7

#15315200
0!
0+

#15318400
1!
b1 %
1+
b1 /
b0 0
b1000000 1
b1 3
b1000000 6
b1110100010 7

#15321600
0!
0+

#15324800
1!
b10 %
1+
b10 /
b1 0
b1110100010 2
b10 3
b1110100011 7

#15328000
0!
0+

#15331200
1!
b1 %
1+
b1 /
b10 0
b1110100011 2
b1 3
b1110100100 7

#15334400
0!
0+

#15337600
1!
b10 %
1+
b10 /
b11 0
b1110100100 2
b10 3
b1110100101 7

#15340800
0!
0+

#15344000
1!
b1 %
1+
b1 /
b100 0
b1110100101 2
b1 3
b1110100110 7

#15347200
0!
0+

#15350400
1!
b10 %
1+
b10 /
b101 0
b1110100110 2
b10 3
b1110100111 7

#15353600
0!
0+

#15356800
1!
b1 %
1+
b1 /
b110 0
b1110100111 2
b1 3
b1110101000 7

#15360000
0!
0+

#15363200
1!
b10 %
1+
b10 /
b111 0
b1110101000 2
b10 3
b1110101001 7

#15366400
0!
0+

#15369600
1!
b1 %
1+
b1 /
b1000 0
b1110101001 2
b1 3
b1110101010 7

#15372800
0!
0+

#15376000
1!
b10 %
1+
b10 /
b1001 0
b1110101010 2
b10 3
b1110101011 7

#15379200
0!
0+

#15382400
1!
b1 %
1+
b1 /
b1010 0
b1110101011 2
b1 3
b1110101100 7

#15385600
0!
0+

#15388800
1!
b10 %
1+
b10 /
b1011 0
b1110101100 2
b10 3
b1110101101 7

#15392000
0!
0+

#15395200
1!
b1 %
1+
b1 /
b1100 0
b1110101101 2
b1 3
b1110101110 7

#15398400
0!
0+

#15401600
1!
b10 %
1+
b10 /
b1101 0
b1110101110 2
b10 3
b1110101111 7

#15404800
0!
0+

#15408000
1!
b1 %
1+
b1 /
b1110 0
b1110101111 2
b1 3
b1110110000 7

#15411200
0!
0+

#15414400
1!
b11 %
1&
1+
b11 /
b1111 0
b1110110000 2
b11 3
b0 5
b1000001 6
b1110110000 7

#15417600
0!
0+

#15420800
1!
b1 %
0&
0'
1+
b1 /
b0 0
b0 1
b0 2
b1 3
b0 4
b0 5
b0 6
b1 7

#15424000
0!
0+

#15427200
1!
b10 %
1+
b10 /
b1 0
b10 3

#15430400
0!
0+

#15433600
1!
b1 %
1+
b1 /
b10 0
b1 3

#15436800
0!
0+

#15440000
1!
b10 %
1+
b10 /
b11 0
b10 3

#15443200
0!
0+

#15446400
1!
b1 %
1+
b1 /
b100 0
b1 3

#15449600
0!
0+

#15452800
1!
b10 %
1+
b10 /
b101 0
b10 3

#15456000
0!
0+

#15459200
1!
b1 %
1+
b1 /
b110 0
b1 3

#15462400
0!
0+

#15465600
1!
b10 %
1+
b10 /
b111 0
b10 3

#15468800
0!
0+

#15472000
1!
b1 %
1+
b1 /
b1000 0
b1 3

#15475200
0!
0+

#15478400
1!
b10 %
1+
b10 /
b1001 0
b10 3

#15481600
0!
0+

#15484800
1!
b1 %
1+
b1 /
b1010 0
b1 3

#15488000
0!
0+

#15491200
1!
b10 %
1+
b10 /
b1011 0
b10 3

#15494400
0!
0+

#15497600
1!
b1 %
1+
b1 /
b1100 0
b1 3

#15500800
0!
0+

#15504000
1!
b10 %
1+
b10 /
b1101 0
b10 3

#15507200
0!
0+

#15510400
1!
b1 %
1+
b1 /
b1110 0
b1 3

#15513600
0!
0+

#15516800
1!
0"
0#
0$
b0 %
b10000 )
1+
0,
0-
0.
b0 /
b0 0
b0 3
b1 6
b0 7

#15520000
0!
0+

#15523200
1!
1+

#15526400
0!
0+

#15529600
1!
1"
1#
1$
b10 %
1+
1,
1-
1.
b10 /
b10 3
b0 6
b1 7

#15532800
0!
0+

#15536000
1!
b1 %
1+
b1 /
b1 0
b1 3

#15539200
0!
0+

#15542400
1!
b10 %
1+
b10 /
b10 0
b10 3

#15545600
0!
0+

#15548800
1!
b1 %
1+
b1 /
b11 0
b1 3

#15552000
0!
0+

#15555200
1!
b10 %
1+
b10 /
b100 0
b10 3

#15558400
0!
0+

#15561600
1!
b1 %
1+
b1 /
b101 0
b1 3

#15564800
0!
0+

#15568000
1!
b10 %
1+
b10 /
b110 0
b10 3

#15571200
0!
0+

#15574400
1!
b1 %
1+
b1 /
b111 0
b1 3

#15577600
0!
0+

#15580800
1!
b10 %
1+
b10 /
b1000 0
b10 3

#15584000
0!
0+

#15587200
1!
b1 %
1+
b1 /
b1001 0
b1 3

#15590400
0!
0+

#15593600
1!
b10 %
1+
b10 /
b1010 0
b10 3

#15596800
0!
0+

#15600000
1!
b1 %
1+
b1 /
b1011 0
b1 3

#15603200
0!
0+

#15606400
1!
b10 %
1+
b10 /
b1100 0
b10 3

#15609600
0!
0+

#15612800
1!
b1 %
1+
b1 /
b1101 0
b1 3

#15616000
0!
0+

#15619200
1!
b10 %
1+
b10 /
b1110 0
b10 3

#15622400
0!
0+

#15625600
1!
b1 %
1+
b1 /
b1111 0
b1 3

#15628800
0!
0+

#15632000
1!
b10 %
1+
b10 /
b10000 0
b10 3

#15635200
0!
0+

#15638400
1!
b1 %
1+
b1 /
b10001 0
b1 3

#15641600
0!
0+

#15644800
1!
b10 %
1+
b10 /
b10010 0
b10 3

#15648000
0!
0+

#15651200
1!
b1 %
1+
b1 /
b10011 0
b1 3

#15654400
0!
0+

#15657600
1!
b10 %
1+
b10 /
b10100 0
b10 3

#15660800
0!
0+

#15664000
1!
b1 %
1+
b1 /
b10101 0
b1 3

#15667200
0!
0+

#15670400
1!
b10 %
1+
b10 /
b10110 0
b10 3

#15673600
0!
0+

#15676800
1!
b1 %
1+
b1 /
b10111 0
b1 3

#15680000
0!
0+

#15683200
1!
b10 %
1+
b10 /
b11000 0
b10 3

#15686400
0!
0+

#15689600
1!
b1 %
1+
b1 /
b11001 0
b1 3

#15692800
0!
0+

#15696000
1!
b10 %
1+
b10 /
b11010 0
b10 3

#15699200
0!
0+

#15702400
1!
b1 %
1+
b1 /
b11011 0
b1 3

#15705600
0!
0+

#15708800
1!
b10 %
1+
b10 /
b11100 0
b10 3

#15712000
0!
0+

#15715200
1!
b1 %
1+
b1 /
b11101 0
b1 3

#15718400
0!
0+

#15721600
1!
b10 %
1+
b10 /
b11110 0
b10 3

#15724800
0!
0+

#15728000
1!
b1 %
1+
b1 /
b11111 0
b1 3

#15731200
0!
0+

#15734400
1!
b10 %
1+
b10 /
b100000 0
b10 3

#15737600
0!
0+

#15740800
1!
b1 %
1+
b1 /
b100001 0
b1 3

#15744000
0!
0+

#15747200
1!
b10 %
1+
b10 /
b100010 0
b10 3

#15750400
0!
0+

#15753600
1!
b1 %
1+
b1 /
b100011 0
b1 3

#15756800
0!
0+

#15760000
1!
b10 %
1+
b10 /
b100100 0
b10 3

#15763200
0!
0+

#15766400
1!
b1 %
1+
b1 /
b100101 0
b1 3

#15769600
0!
0+

#15772800
1!
b10 %
1+
b10 /
b100110 0
b10 3

#15776000
0!
0+

#15779200
1!
b1 %
1+
b1 /
b100111 0
b1 3

#15782400
0!
0+

#15785600
1!
b10 %
1+
b10 /
b101000 0
b10 3

#15788800
0!
0+

#15792000
1!
b1 %
1+
b1 /
b101001 0
b1 3

#15795200
0!
0+

#15798400
1!
b10 %
1+
b10 /
b101010 0
b10 3

#15801600
0!
0+

#15804800
1!
b1 %
1+
b1 /
b101011 0
b1 3

#15808000
0!
0+

#15811200
1!
b10 %
1+
b10 /
b101100 0
b10 3

#15814400
0!
0+

#15817600
1!
b1 %
1+
b1 /
b101101 0
b1 3

#15820800
0!
0+

#15824000
1!
b10 %
1+
b10 /
b101110 0
b10 3

#15827200
0!
0+

#15830400
1!
b1 %
1+
b1 /
b101111 0
b1 3

#15833600
0!
0+

#15836800
1!
b10 %
1+
b10 /
b110000 0
b10 3

#15840000
0!
0+

#15843200
1!
b1 %
1+
b1 /
b110001 0
b1 3

#15846400
0!
0+

#15849600
1!
b10 %
1+
b10 /
b110010 0
b10 3

#15852800
0!
0+

#15856000
1!
b1 %
1+
b1 /
b110011 0
b1 3

#15859200
0!
0+

#15862400
1!
b10 %
1+
b10 /
b110100 0
b10 3

#15865600
0!
0+

#15868800
1!
b1 %
1+
b1 /
b110101 0
b1 3

#15872000
0!
0+

#15875200
1!
b10 %
1+
b10 /
b110110 0
b10 3

#15878400
0!
0+

#15881600
1!
b1 %
1+
b1 /
b110111 0
b1 3

#15884800
0!
0+

#15888000
1!
b10 %
1+
b10 /
b111000 0
b10 3

#15891200
0!
0+

#15894400
1!
b1 %
1+
b1 /
b111001 0
b1 3

#15897600
0!
0+

#15900800
1!
b10 %
1+
b10 /
b111010 0
b10 3

#15904000
0!
0+

#15907200
1!
b1 %
1+
b1 /
b111011 0
b1 3

#15910400
0!
0+

#15913600
1!
b10 %
1+
b10 /
b111100 0
b10 3

#15916800
0!
0+

#15920000
1!
b1 %
1+
b1 /
b111101 0
b1 3

#15923200
0!
0+

#15926400
1!
b10 %
1+
b10 /
b111110 0
b10 3

#15929600
0!
0+

#15932800
1!
b1 %
1+
b1 /
b111111 0
b1 3
b1 5

#15936000
0!
0+

#15939200
1!
0#
1+
0-
b0 0
b0 5

#15942400
0!
0+

#15945600
1!
1#
b10 %
b10001 )
1+
1-
b10 /
b1 0
b10 3

#15948800
0!
0+

#15952000
1!
b1 %
1+
b1 /
b10 0
b1 3

#15955200
0!
0+

#15958400
1!
b10 %
1+
b10 /
b11 0
b10 3

#15961600
0!
0+

#15964800
1!
b1 %
1+
b1 /
b100 0
b1 3

#15968000
0!
0+

#15971200
1!
b10 %
1+
b10 /
b101 0
b10 3

#15974400
0!
0+

#15977600
1!
b1 %
1+
b1 /
b110 0
b1 3

#15980800
0!
0+

#15984000
1!
b10 %
1+
b10 /
b111 0
b10 3

#15987200
0!
0+

#15990400
1!
b1 %
1+
b1 /
b1000 0
b1 3

#15993600
0!
0+

#15996800
1!
b10 %
1+
b10 /
b1001 0
b10 3

#16000000
0!
0+

#16003200
1!
b1 %
1+
b1 /
b1010 0
b1 3

#16006400
0!
0+

#16009600
1!
b10 %
1+
b10 /
b1011 0
b10 3

#16012800
0!
0+

#16016000
1!
b1 %
1+
b1 /
b1100 0
b1 3

#16019200
0!
0+

#16022400
1!
b10 %
1+
b10 /
b1101 0
b10 3

#16025600
0!
0+

#16028800
1!
b1 %
1+
b1 /
b1110 0
b1 3

#16032000
0!
0+

#16035200
1!
b10 %
1+
b10 /
b1111 0
b10 3

#16038400
0!
0+

#16041600
1!
b1 %
1+
b1 /
b10000 0
b1 3

#16044800
0!
0+

#16048000
1!
b10 %
1+
b10 /
b10001 0
b10 3

#16051200
0!
0+

#16054400
1!
b1 %
1+
b1 /
b10010 0
b1 3

#16057600
0!
0+

#16060800
1!
b10 %
1+
b10 /
b10011 0
b10 3

#16064000
0!
0+

#16067200
1!
b1 %
1+
b1 /
b10100 0
b1 3

#16070400
0!
0+

#16073600
1!
b10 %
1+
b10 /
b10101 0
b10 3

#16076800
0!
0+

#16080000
1!
b1 %
1+
b1 /
b10110 0
b1 3

#16083200
0!
0+

#16086400
1!
b10 %
1+
b10 /
b10111 0
b10 3

#16089600
0!
0+

#16092800
1!
b1 %
1+
b1 /
b11000 0
b1 3

#16096000
0!
0+

#16099200
1!
b10 %
1+
b10 /
b11001 0
b10 3

#16102400
0!
0+

#16105600
1!
b1 %
1+
b1 /
b11010 0
b1 3

#16108800
0!
0+

#16112000
1!
b10 %
1+
b10 /
b11011 0
b10 3

#16115200
0!
0+

#16118400
1!
b1 %
1+
b1 /
b11100 0
b1 3

#16121600
0!
0+

#16124800
1!
b10 %
1+
b10 /
b11101 0
b10 3

#16128000
0!
0+

#16131200
1!
b1 %
1+
b1 /
b11110 0
b1 3

#16134400
0!
0+

#16137600
1!
b10 %
1+
b10 /
b11111 0
b10 3

#16140800
0!
0+

#16144000
1!
b1 %
1+
b1 /
b100000 0
b1 3

#16147200
0!
0+

#16150400
1!
b10 %
1+
b10 /
b100001 0
b10 3

#16153600
0!
0+

#16156800
1!
b1 %
1+
b1 /
b100010 0
b1 3

#16160000
0!
0+

#16163200
1!
b10 %
1+
b10 /
b100011 0
b10 3

#16166400
0!
0+

#16169600
1!
b1 %
1+
b1 /
b100100 0
b1 3

#16172800
0!
0+

#16176000
1!
b10 %
1+
b10 /
b100101 0
b10 3

#16179200
0!
0+

#16182400
1!
b1 %
1+
b1 /
b100110 0
b1 3

#16185600
0!
0+

#16188800
1!
b10 %
1+
b10 /
b100111 0
b10 3

#16192000
0!
0+

#16195200
1!
b1 %
1+
b1 /
b101000 0
b1 3

#16198400
0!
0+

#16201600
1!
b10 %
1+
b10 /
b101001 0
b10 3

#16204800
0!
0+

#16208000
1!
b1 %
1+
b1 /
b101010 0
b1 3

#16211200
0!
0+

#16214400
1!
b10 %
1+
b10 /
b101011 0
b10 3

#16217600
0!
0+

#16220800
1!
b1 %
1+
b1 /
b101100 0
b1 3

#16224000
0!
0+

#16227200
1!
b10 %
1+
b10 /
b101101 0
b10 3

#16230400
0!
0+

#16233600
1!
b1 %
1+
b1 /
b101110 0
b1 3

#16236800
0!
0+

#16240000
1!
b10 %
1+
b10 /
b101111 0
b10 3

#16243200
0!
0+

#16246400
1!
b1 %
1+
b1 /
b110000 0
b1 3

#16249600
0!
0+

#16252800
1!
b10 %
1+
b10 /
b110001 0
b10 3

#16256000
0!
0+

#16259200
1!
b1 %
1+
b1 /
b110010 0
b1 3

#16262400
0!
0+

#16265600
1!
b10 %
1+
b10 /
b110011 0
b10 3

#16268800
0!
0+

#16272000
1!
b1 %
1+
b1 /
b110100 0
b1 3

#16275200
0!
0+

#16278400
1!
b10 %
1+
b10 /
b110101 0
b10 3

#16281600
0!
0+

#16284800
1!
b1 %
1+
b1 /
b110110 0
b1 3

#16288000
0!
0+

#16291200
1!
b10 %
1+
b10 /
b110111 0
b10 3

#16294400
0!
0+

#16297600
1!
b1 %
1+
b1 /
b111000 0
b1 3

#16300800
0!
0+

#16304000
1!
b10 %
1+
b10 /
b111001 0
b10 3

#16307200
0!
0+

#16310400
1!
b1 %
1+
b1 /
b111010 0
b1 3

#16313600
0!
0+

#16316800
1!
b10 %
1+
b10 /
b111011 0
b10 3

#16320000
0!
0+

#16323200
1!
b1 %
1+
b1 /
b111100 0
b1 3

#16326400
0!
0+

#16329600
1!
b10 %
1+
b10 /
b111101 0
b10 3

#16332800
0!
0+

#16336000
1!
b1 %
1+
b1 /
b111110 0
b1 3

#16339200
0!
0+

#16342400
1!
b10 %
1+
b10 /
b111111 0
b10 3
b1 5

#16345600
0!
0+

#16348800
1!
1'
b10010 )
1+
b1000000 0
b1 4

#16352000
0!
0+

#16355200
1!
0"
0#
0$
b0 %
0'
b10011 )
1+
0,
0-
0.
b0 /
b0 0
b0 3
b0 4
b0 5
b1 6
b0 7

#16358400
0!
0+

#16361600
1!
1+

#16364800
0!
0+

#16368000
1!
1"
1#
1$
b10 %
1+
1,
1-
1.
b10 /
b10 3
b0 6
b1 7

#16371200
0!
0+

#16374400
1!
b1 %
1+
b1 /
b1 0
b1 3

#16377600
0!
0+

#16380800
1!
b10 %
1+
b10 /
b10 0
b10 3

#16384000
0!
0+

#16387200
1!
b1 %
1+
b1 /
b11 0
b1 3

#16390400
0!
0+

#16393600
1!
b10 %
1+
b10 /
b100 0
b10 3

#16396800
0!
0+

#16400000
1!
0$
1+
0.

#16403200
0!
0+

#16406400
1!
1+

#16409600
0!
0+

#16412800
1!
1+

#16416000
0!
0+

#16419200
1!
1+

#16422400
0!
0+

#16425600
1!
1+

#16428800
0!
0+

#16432000
1!
1+

#16435200
0!
0+

#16438400
1!
1+

#16441600
0!
0+

#16444800
1!
1+

#16448000
0!
0+

#16451200
1!
1+

#16454400
0!
0+

#16457600
1!
1+

#16460800
0!
0+

#16464000
1!
0"
0#
b0 %
b10101 )
1+
0,
0-
b0 /
b0 0
b0 3
b1 6
b0 7

#16467200
0!
0+

#16470400
1!
1+

#16473600
0!
0+

#16476800
1!
1"
1#
1$
b10 %
1+
1,
1-
1.
b10 /
b10 3
b0 6
b1 7

#16480000
0!
0+

#16483200
1!
b1 %
1+
b1 /
b1 0
b1 3

#16486400
0!
0+

#16489600
1!
b10 %
1+
b10 /
b10 0
b10 3

#16492800
0!
0+

#16496000
1!
b1 %
1+
b1 /
b11 0
b1 3

#16499200
0!
0+

#16502400
1!
b10 %
1+
b10 /
b100 0
b10 3

#16505600
0!
0+

#16508800
1!
b1 %
1+
b1 /
b101 0
b1 3

#16512000
0!
0+

#16515200
1!
b10 %
1+
b10 /
b110 0
b10 3

#16518400
0!
0+

#16521600
1!
b1 %
1+
b1 /
b111 0
b1 3

#16524800
0!
0+

#16528000
1!
b10 %
1+
b10 /
b1000 0
b10 3

#16531200
0!
0+

#16534400
1!
b1 %
1+
b1 /
b1001 0
b1 3

#16537600
0!
0+

#16540800
1!
b10 %
1+
b10 /
b1010 0
b10 3

#16544000
0!
0+

#16547200
1!
b1 %
1+
b1 /
b1011 0
b1 3

#16550400
0!
0+

#16553600
1!
b10 %
1+
b10 /
b1100 0
b10 3

#16556800
0!
0+

#16560000
1!
b1 %
1+
b1 /
b1101 0
b1 3

#16563200
0!
0+

#16566400
1!
b10 %
1+
b10 /
b1110 0
b10 3

#16569600
0!
0+

#16572800
1!
b1 %
1+
b1 /
b1111 0
b1 3

#16576000
0!
0+

#16579200
1!
b10 %
1+
b10 /
b10000 0
b10 3

#16582400
0!
0+

#16585600
1!
b1 %
1+
b1 /
b10001 0
b1 3

#16588800
0!
0+

#16592000
1!
b10 %
1+
b10 /
b10010 0
b10 3

#16595200
0!
0+

#16598400
1!
b1 %
1+
b1 /
b10011 0
b1 3

#16601600
0!
0+

#16604800
1!
b10 %
1+
b10 /
b10100 0
b10 3

#16608000
0!
0+

#16611200
1!
b1 %
1+
b1 /
b10101 0
b1 3

#16614400
0!
0+

#16617600
1!
b10 %
1+
b10 /
b10110 0
b10 3

#16620800
0!
0+

#16624000
1!
b1 %
1+
b1 /
b10111 0
b1 3

#16627200
0!
0+

#16630400
1!
b10 %
1+
b10 /
b11000 0
b10 3

#16633600
0!
0+

#16636800
1!
b1 %
1+
b1 /
b11001 0
b1 3

#16640000
0!
0+

#16643200
1!
b10 %
1+
b10 /
b11010 0
b10 3

#16646400
0!
0+

#16649600
1!
b1 %
1+
b1 /
b11011 0
b1 3

#16652800
0!
0+

#16656000
1!
b10 %
1+
b10 /
b11100 0
b10 3

#16659200
0!
0+

#16662400
1!
b1 %
1+
b1 /
b11101 0
b1 3

#16665600
0!
0+

#16668800
1!
b10 %
1+
b10 /
b11110 0
b10 3

#16672000
0!
0+

#16675200
1!
b1 %
1+
b1 /
b11111 0
b1 3

#16678400
0!
0+

#16681600
1!
b10 %
1+
b10 /
b100000 0
b10 3

#16684800
0!
0+

#16688000
1!
b1 %
1+
b1 /
b100001 0
b1 3

#16691200
0!
0+

#16694400
1!
b10 %
1+
b10 /
b100010 0
b10 3

#16697600
0!
0+

#16700800
1!
b1 %
1+
b1 /
b100011 0
b1 3

#16704000
0!
0+

#16707200
1!
b10 %
1+
b10 /
b100100 0
b10 3

#16710400
0!
0+

#16713600
1!
b1 %
1+
b1 /
b100101 0
b1 3

#16716800
0!
0+

#16720000
1!
b10 %
1+
b10 /
b100110 0
b10 3

#16723200
0!
0+

#16726400
1!
b1 %
1+
b1 /
b100111 0
b1 3

#16729600
0!
0+

#16732800
1!
b10 %
1+
b10 /
b101000 0
b10 3

#16736000
0!
0+

#16739200
1!
b1 %
1+
b1 /
b101001 0
b1 3

#16742400
0!
0+

#16745600
1!
b10 %
1+
b10 /
b101010 0
b10 3

#16748800
0!
0+

#16752000
1!
b1 %
1+
b1 /
b101011 0
b1 3

#16755200
0!
0+

#16758400
1!
b10 %
1+
b10 /
b101100 0
b10 3

#16761600
0!
0+

#16764800
1!
b1 %
1+
b1 /
b101101 0
b1 3

#16768000
0!
0+

#16771200
1!
b10 %
1+
b10 /
b101110 0
b10 3

#16774400
0!
0+

#16777600
1!
b1 %
1+
b1 /
b101111 0
b1 3

#16780800
0!
0+

#16784000
1!
b10 %
1+
b10 /
b110000 0
b10 3

#16787200
0!
0+

#16790400
1!
b1 %
1+
b1 /
b110001 0
b1 3

#16793600
0!
0+

#16796800
1!
b10 %
1+
b10 /
b110010 0
b10 3

#16800000
0!
0+

#16803200
1!
b1 %
1+
b1 /
b110011 0
b1 3

#16806400
0!
0+

#16809600
1!
b10 %
1+
b10 /
b110100 0
b10 3

#16812800
0!
0+

#16816000
1!
b1 %
1+
b1 /
b110101 0
b1 3

#16819200
0!
0+

#16822400
1!
b10 %
1+
b10 /
b110110 0
b10 3

#16825600
0!
0+

#16828800
1!
b1 %
1+
b1 /
b110111 0
b1 3

#16832000
0!
0+

#16835200
1!
b10 %
1+
b10 /
b111000 0
b10 3

#16838400
0!
0+

#16841600
1!
b1 %
1+
b1 /
b111001 0
b1 3

#16844800
0!
0+

#16848000
1!
b10 %
1+
b10 /
b111010 0
b10 3

#16851200
0!
0+

#16854400
1!
b1 %
1+
b1 /
b111011 0
b1 3

#16857600
0!
0+

#16860800
1!
b10 %
1+
b10 /
b111100 0
b10 3

#16864000
0!
0+

#16867200
1!
b1 %
1+
b1 /
b111101 0
b1 3

#16870400
0!
0+

#16873600
1!
b10 %
1+
b10 /
b111110 0
b10 3

#16876800
0!
0+

#16880000
1!
b1 %
1+
b1 /
b111111 0
b1 3
b1 5

#16883200
0!
0+

#16886400
1!
1'
1+
b1000000 0
b1 4

#16889600
0!
0+

#16892800
1!
b11 %
0(
b10111 )
1+
b11 /
b1000001 0
b1 2
b11 3
b1 6
b1 7

#16896000
0!
0+

#16899200
1!
b1 %
1+
b1 /
b0 0
b1 1
b1 3
b1 6
b10 7

#16902400
0!
0+

#16905600
1!
b10 %
1+
b10 /
b1 0
b10 2
b10 3
b11 7

#16908800
0!
0+

#16912000
1!
b1 %
1+
b1 /
b10 0
b11 2
b1 3
b100 7

#16915200
0!
0+

#16918400
1!
b10 %
1+
b10 /
b11 0
b100 2
b10 3
b101 7

#16921600
0!
0+

#16924800
1!
b1 %
1+
b1 /
b100 0
b101 2
b1 3
b110 7

#16928000
0!
0+

#16931200
1!
b10 %
1+
b10 /
b101 0
b110 2
b10 3
b111 7

#16934400
0!
0+

#16937600
1!
b1 %
1+
b1 /
b110 0
b111 2
b1 3
b1000 7

#16940800
0!
0+

#16944000
1!
b10 %
1+
b10 /
b111 0
b1000 2
b10 3
b1001 7

#16947200
0!
0+

#16950400
1!
b1 %
1+
b1 /
b1000 0
b1001 2
b1 3
b1010 7

#16953600
0!
0+

#16956800
1!
b10 %
1+
b10 /
b1001 0
b1010 2
b10 3
b1011 7

#16960000
0!
0+

#16963200
1!
b1 %
1+
b1 /
b1010 0
b1011 2
b1 3
b1100 7

#16966400
0!
0+

#16969600
1!
b10 %
1+
b10 /
b1011 0
b1100 2
b10 3
b1101 7

#16972800
0!
0+

#16976000
1!
b1 %
1+
b1 /
b1100 0
b1101 2
b1 3
b1110 7

#16979200
0!
0+

#16982400
1!
b10 %
1+
b10 /
b1101 0
b1110 2
b10 3
b1111 7

#16985600
0!
0+

#16988800
1!
b1 %
1+
b1 /
b1110 0
b1111 2
b1 3
b10000 7

#16992000
0!
0+

#16995200
1!
b11 %
1+
b11 /
b1111 0
b10000 2
b11 3
b10 6
b10000 7

#16998400
0!
0+

#17001600
1!
b1 %
1+
b1 /
b0 0
b10 1
b1 3
b10 6
b10001 7

#17004800
0!
0+

#17008000
1!
b10 %
1+
b10 /
b1 0
b10001 2
b10 3
b10010 7

#17011200
0!
0+

#17014400
1!
b1 %
1+
b1 /
b10 0
b10010 2
b1 3
b10011 7

#17017600
0!
0+

#17020800
1!
b10 %
1+
b10 /
b11 0
b10011 2
b10 3
b10100 7

#17024000
0!
0+

#17027200
1!
b1 %
1+
b1 /
b100 0
b10100 2
b1 3
b10101 7

#17030400
0!
0+

#17033600
1!
b10 %
1+
b10 /
b101 0
b10101 2
b10 3
b10110 7

#17036800
0!
0+

#17040000
1!
b1 %
1+
b1 /
b110 0
b10110 2
b1 3
b10111 7

#17043200
0!
0+

#17046400
1!
b10 %
1+
b10 /
b111 0
b10111 2
b10 3
b11000 7

#17049600
0!
0+

#17052800
1!
b1 %
1+
b1 /
b1000 0
b11000 2
b1 3
b11001 7

#17056000
0!
0+

#17059200
1!
b10 %
1+
b10 /
b1001 0
b11001 2
b10 3
b11010 7

#17062400
0!
0+

#17065600
1!
b1 %
1+
b1 /
b1010 0
b11010 2
b1 3
b11011 7

#17068800
0!
0+

#17072000
1!
b10 %
1+
b10 /
b1011 0
b11011 2
b10 3
b11100 7

#17075200
0!
0+

#17078400
1!
b1 %
1+
b1 /
b1100 0
b11100 2
b1 3
b11101 7

#17081600
0!
0+

#17084800
1!
b10 %
1+
b10 /
b1101 0
b11101 2
b10 3
b11110 7

#17088000
0!
0+

#17091200
1!
b1 %
1+
b1 /
b1110 0
b11110 2
b1 3
b11111 7

#17094400
0!
0+

#17097600
1!
b11 %
1+
b11 /
b1111 0
b11111 2
b11 3
b11 6
b11111 7

#17100800
0!
0+

#17104000
1!
b1 %
1+
b1 /
b0 0
b11 1
b1 3
b11 6
b100000 7

#17107200
0!
0+

#17110400
1!
b10 %
1+
b10 /
b1 0
b100000 2
b10 3
b100001 7

#17113600
0!
0+

#17116800
1!
b1 %
1+
b1 /
b10 0
b100001 2
b1 3
b100010 7

#17120000
0!
0+

#17123200
1!
b10 %
1+
b10 /
b11 0
b100010 2
b10 3
b100011 7

#17126400
0!
0+

#17129600
1!
b1 %
1+
b1 /
b100 0
b100011 2
b1 3
b100100 7

#17132800
0!
0+

#17136000
1!
b10 %
1+
b10 /
b101 0
b100100 2
b10 3
b100101 7

#17139200
0!
0+

#17142400
1!
b1 %
1+
b1 /
b110 0
b100101 2
b1 3
b100110 7

#17145600
0!
0+

#17148800
1!
b10 %
1+
b10 /
b111 0
b100110 2
b10 3
b100111 7

#17152000
0!
0+

#17155200
1!
b1 %
1+
b1 /
b1000 0
b100111 2
b1 3
b101000 7

#17158400
0!
0+

#17161600
1!
b10 %
1+
b10 /
b1001 0
b101000 2
b10 3
b101001 7

#17164800
0!
0+

#17168000
1!
b1 %
1+
b1 /
b1010 0
b101001 2
b1 3
b101010 7

#17171200
0!
0+

#17174400
1!
b10 %
1+
b10 /
b1011 0
b101010 2
b10 3
b101011 7

#17177600
0!
0+

#17180800
1!
b1 %
1+
b1 /
b1100 0
b101011 2
b1 3
b101100 7

#17184000
0!
0+

#17187200
1!
b10 %
1+
b10 /
b1101 0
b101100 2
b10 3
b101101 7

#17190400
0!
0+

#17193600
1!
b11 %
1+
b11 /
b1110 0
b101101 2
b11 3
b100 6
b101101 7

#17196800
0!
0+

#17200000
1!
b10 %
1+
b10 /
b0 0
b100 1
b10 3
b100 6
b101110 7

#17203200
0!
0+

#17206400
1!
b1 %
1+
b1 /
b1 0
b101110 2
b1 3
b101111 7

#17209600
0!
0+

#17212800
1!
b10 %
1+
b10 /
b10 0
b101111 2
b10 3
b110000 7

#17216000
0!
0+

#17219200
1!
b1 %
1+
b1 /
b11 0
b110000 2
b1 3
b110001 7

#17222400
0!
0+

#17225600
1!
b10 %
1+
b10 /
b100 0
b110001 2
b10 3
b110010 7

#17228800
0!
0+

#17232000
1!
b1 %
1+
b1 /
b101 0
b110010 2
b1 3
b110011 7

#17235200
0!
0+

#17238400
1!
b10 %
1+
b10 /
b110 0
b110011 2
b10 3
b110100 7

#17241600
0!
0+

#17244800
1!
b1 %
1+
b1 /
b111 0
b110100 2
b1 3
b110101 7

#17248000
0!
0+

#17251200
1!
b10 %
1+
b10 /
b1000 0
b110101 2
b10 3
b110110 7

#17254400
0!
0+

#17257600
1!
b1 %
1+
b1 /
b1001 0
b110110 2
b1 3
b110111 7

#17260800
0!
0+

#17264000
1!
b10 %
1+
b10 /
b1010 0
b110111 2
b10 3
b111000 7

#17267200
0!
0+

#17270400
1!
b1 %
1+
b1 /
b1011 0
b111000 2
b1 3
b111001 7

#17273600
0!
0+

#17276800
1!
b10 %
1+
b10 /
b1100 0
b111001 2
b10 3
b111010 7

#17280000
0!
0+

#17283200
1!
b1 %
1+
b1 /
b1101 0
b111010 2
b1 3
b111011 7

#17286400
0!
0+

#17289600
1!
b10 %
1+
b10 /
b1110 0
b111011 2
b10 3
b111100 7

#17292800
0!
0+

#17296000
1!
b11 %
1+
b11 /
b1111 0
b111100 2
b11 3
b101 6
b111100 7

#17299200
0!
0+

#17302400
1!
b10 %
1+
b10 /
b0 0
b101 1
b10 3
b101 6
b111101 7

#17305600
0!
0+

#17308800
1!
b1 %
1+
b1 /
b1 0
b111101 2
b1 3
b111110 7

#17312000
0!
0+

#17315200
1!
b10 %
1+
b10 /
b10 0
b111110 2
b10 3
b111111 7

#17318400
0!
0+

#17321600
1!
b1 %
1+
b1 /
b11 0
b111111 2
b1 3
b1000000 7

#17324800
0!
0+

#17328000
1!
b10 %
1+
b10 /
b100 0
b1000000 2
b10 3
b1000001 7

#17331200
0!
0+

#17334400
1!
b1 %
1+
b1 /
b101 0
b1000001 2
b1 3
b1000010 7

#17337600
0!
0+

#17340800
1!
b10 %
1+
b10 /
b110 0
b1000010 2
b10 3
b1000011 7

#17344000
0!
0+

#17347200
1!
b1 %
1+
b1 /
b111 0
b1000011 2
b1 3
b1000100 7

#17350400
0!
0+

#17353600
1!
b10 %
1+
b10 /
b1000 0
b1000100 2
b10 3
b1000101 7

#17356800
0!
0+

#17360000
1!
b1 %
1+
b1 /
b1001 0
b1000101 2
b1 3
b1000110 7

#17363200
0!
0+

#17366400
1!
b10 %
1+
b10 /
b1010 0
b1000110 2
b10 3
b1000111 7

#17369600
0!
0+

#17372800
1!
b1 %
1+
b1 /
b1011 0
b1000111 2
b1 3
b1001000 7

#17376000
0!
0+

#17379200
1!
b10 %
1+
b10 /
b1100 0
b1001000 2
b10 3
b1001001 7

#17382400
0!
0+

#17385600
1!
b1 %
1+
b1 /
b1101 0
b1001001 2
b1 3
b1001010 7

#17388800
0!
0+

#17392000
1!
b10 %
1+
b10 /
b1110 0
b1001010 2
b10 3
b1001011 7

#17395200
0!
0+

#17398400
1!
b11 %
1+
b11 /
b1111 0
b1001011 2
b11 3
b110 6
b1001011 7

#17401600
0!
0+

#17404800
1!
b10 %
1+
b10 /
b0 0
b110 1
b10 3
b110 6
b1001100 7

#17408000
0!
0+

#17411200
1!
b1 %
1+
b1 /
b1 0
b1001100 2
b1 3
b1001101 7

#17414400
0!
0+

#17417600
1!
b10 %
1+
b10 /
b10 0
b1001101 2
b10 3
b1001110 7

#17420800
0!
0+

#17424000
1!
b1 %
1+
b1 /
b11 0
b1001110 2
b1 3
b1001111 7

#17427200
0!
0+

#17430400
1!
b10 %
1+
b10 /
b100 0
b1001111 2
b10 3
b1010000 7

#17433600
0!
0+

#17436800
1!
b1 %
1+
b1 /
b101 0
b1010000 2
b1 3
b1010001 7

#17440000
0!
0+

#17443200
1!
b10 %
1+
b10 /
b110 0
b1010001 2
b10 3
b1010010 7

#17446400
0!
0+

#17449600
1!
b1 %
1+
b1 /
b111 0
b1010010 2
b1 3
b1010011 7

#17452800
0!
0+

#17456000
1!
b10 %
1+
b10 /
b1000 0
b1010011 2
b10 3
b1010100 7

#17459200
0!
0+

#17462400
1!
b1 %
1+
b1 /
b1001 0
b1010100 2
b1 3
b1010101 7

#17465600
0!
0+

#17468800
1!
b10 %
1+
b10 /
b1010 0
b1010101 2
b10 3
b1010110 7

#17472000
0!
0+

#17475200
1!
b1 %
1+
b1 /
b1011 0
b1010110 2
b1 3
b1010111 7

#17478400
0!
0+

#17481600
1!
b10 %
1+
b10 /
b1100 0
b1010111 2
b10 3
b1011000 7

#17484800
0!
0+

#17488000
1!
b1 %
1+
b1 /
b1101 0
b1011000 2
b1 3
b1011001 7

#17491200
0!
0+

#17494400
1!
b10 %
1+
b10 /
b1110 0
b1011001 2
b10 3
b1011010 7

#17497600
0!
0+

#17500800
1!
b11 %
1+
b11 /
b1111 0
b1011010 2
b11 3
b111 6
b1011010 7

#17504000
0!
0+

#17507200
1!
b10 %
1+
b10 /
b0 0
b111 1
b10 3
b111 6
b1011011 7

#17510400
0!
0+

#17513600
1!
b1 %
1+
b1 /
b1 0
b1011011 2
b1 3
b1011100 7

#17516800
0!
0+

#17520000
1!
b10 %
1+
b10 /
b10 0
b1011100 2
b10 3
b1011101 7

#17523200
0!
0+

#17526400
1!
b1 %
1+
b1 /
b11 0
b1011101 2
b1 3
b1011110 7

#17529600
0!
0+

#17532800
1!
b10 %
1+
b10 /
b100 0
b1011110 2
b10 3
b1011111 7

#17536000
0!
0+

#17539200
1!
b1 %
1+
b1 /
b101 0
b1011111 2
b1 3
b1100000 7

#17542400
0!
0+

#17545600
1!
b10 %
1+
b10 /
b110 0
b1100000 2
b10 3
b1100001 7

#17548800
0!
0+

#17552000
1!
b1 %
1+
b1 /
b111 0
b1100001 2
b1 3
b1100010 7

#17555200
0!
0+

#17558400
1!
b10 %
1+
b10 /
b1000 0
b1100010 2
b10 3
b1100011 7

#17561600
0!
0+

#17564800
1!
b1 %
1+
b1 /
b1001 0
b1100011 2
b1 3
b1100100 7

#17568000
0!
0+

#17571200
1!
b10 %
1+
b10 /
b1010 0
b1100100 2
b10 3
b1100101 7

#17574400
0!
0+

#17577600
1!
b1 %
1+
b1 /
b1011 0
b1100101 2
b1 3
b1100110 7

#17580800
0!
0+

#17584000
1!
b10 %
1+
b10 /
b1100 0
b1100110 2
b10 3
b1100111 7

#17587200
0!
0+

#17590400
1!
b1 %
1+
b1 /
b1101 0
b1100111 2
b1 3
b1101000 7

#17593600
0!
0+

#17596800
1!
b11 %
1+
b11 /
b1110 0
b1101000 2
b11 3
b1000 6
b1101000 7

#17600000
0!
0+

#17603200
1!
b1 %
1+
b1 /
b0 0
b1000 1
b1 3
b1000 6
b1101001 7

#17606400
0!
0+

#17609600
1!
b10 %
1+
b10 /
b1 0
b1101001 2
b10 3
b1101010 7

#17612800
0!
0+

#17616000
1!
b1 %
1+
b1 /
b10 0
b1101010 2
b1 3
b1101011 7

#17619200
0!
0+

#17622400
1!
b10 %
1+
b10 /
b11 0
b1101011 2
b10 3
b1101100 7

#17625600
0!
0+

#17628800
1!
b1 %
1+
b1 /
b100 0
b1101100 2
b1 3
b1101101 7

#17632000
0!
0+

#17635200
1!
b10 %
1+
b10 /
b101 0
b1101101 2
b10 3
b1101110 7

#17638400
0!
0+

#17641600
1!
b1 %
1+
b1 /
b110 0
b1101110 2
b1 3
b1101111 7

#17644800
0!
0+

#17648000
1!
b10 %
1+
b10 /
b111 0
b1101111 2
b10 3
b1110000 7

#17651200
0!
0+

#17654400
1!
b1 %
1+
b1 /
b1000 0
b1110000 2
b1 3
b1110001 7

#17657600
0!
0+

#17660800
1!
b10 %
1+
b10 /
b1001 0
b1110001 2
b10 3
b1110010 7

#17664000
0!
0+

#17667200
1!
b1 %
1+
b1 /
b1010 0
b1110010 2
b1 3
b1110011 7

#17670400
0!
0+

#17673600
1!
b10 %
1+
b10 /
b1011 0
b1110011 2
b10 3
b1110100 7

#17676800
0!
0+

#17680000
1!
b1 %
1+
b1 /
b1100 0
b1110100 2
b1 3
b1110101 7

#17683200
0!
0+

#17686400
1!
b10 %
1+
b10 /
b1101 0
b1110101 2
b10 3
b1110110 7

#17689600
0!
0+

#17692800
1!
b1 %
1+
b1 /
b1110 0
b1110110 2
b1 3
b1110111 7

#17696000
0!
0+

#17699200
1!
b11 %
1+
b11 /
b1111 0
b1110111 2
b11 3
b1001 6
b1110111 7

#17702400
0!
0+

#17705600
1!
b1 %
1+
b1 /
b0 0
b1001 1
b1 3
b1001 6
b1111000 7

#17708800
0!
0+

#17712000
1!
b10 %
1+
b10 /
b1 0
b1111000 2
b10 3
b1111001 7

#17715200
0!
0+

#17718400
1!
b1 %
1+
b1 /
b10 0
b1111001 2
b1 3
b1111010 7

#17721600
0!
0+

#17724800
1!
b10 %
1+
b10 /
b11 0
b1111010 2
b10 3
b1111011 7

#17728000
0!
0+

#17731200
1!
b1 %
1+
b1 /
b100 0
b1111011 2
b1 3
b1111100 7

#17734400
0!
0+

#17737600
1!
b10 %
1+
b10 /
b101 0
b1111100 2
b10 3
b1111101 7

#17740800
0!
0+

#17744000
1!
b1 %
1+
b1 /
b110 0
b1111101 2
b1 3
b1111110 7

#17747200
0!
0+

#17750400
1!
b10 %
1+
b10 /
b111 0
b1111110 2
b10 3
b1111111 7

#17753600
0!
0+

#17756800
1!
b1 %
1+
b1 /
b1000 0
b1111111 2
b1 3
b10000000 7

#17760000
0!
0+

#17763200
1!
b10 %
1+
b10 /
b1001 0
b10000000 2
b10 3
b10000001 7

#17766400
0!
0+

#17769600
1!
b1 %
1+
b1 /
b1010 0
b10000001 2
b1 3
b10000010 7

#17772800
0!
0+

#17776000
1!
b10 %
1+
b10 /
b1011 0
b10000010 2
b10 3
b10000011 7

#17779200
0!
0+

#17782400
1!
b1 %
1+
b1 /
b1100 0
b10000011 2
b1 3
b10000100 7

#17785600
0!
0+

#17788800
1!
b10 %
1+
b10 /
b1101 0
b10000100 2
b10 3
b10000101 7

#17792000
0!
0+

#17795200
1!
b1 %
1+
b1 /
b1110 0
b10000101 2
b1 3
b10000110 7

#17798400
0!
0+

#17801600
1!
b11 %
1+
b11 /
b1111 0
b10000110 2
b11 3
b1010 6
b10000110 7

#17804800
0!
0+

#17808000
1!
b1 %
1+
b1 /
b0 0
b1010 1
b1 3
b1010 6
b10000111 7

#17811200
0!
0+

#17814400
1!
b10 %
1+
b10 /
b1 0
b10000111 2
b10 3
b10001000 7

#17817600
0!
0+

#17820800
1!
b1 %
1+
b1 /
b10 0
b10001000 2
b1 3
b10001001 7

#17824000
0!
0+

#17827200
1!
b10 %
1+
b10 /
b11 0
b10001001 2
b10 3
b10001010 7

#17830400
0!
0+

#17833600
1!
b1 %
1+
b1 /
b100 0
b10001010 2
b1 3
b10001011 7

#17836800
0!
0+

#17840000
1!
b10 %
1+
b10 /
b101 0
b10001011 2
b10 3
b10001100 7

#17843200
0!
0+

#17846400
1!
b1 %
1+
b1 /
b110 0
b10001100 2
b1 3
b10001101 7

#17849600
0!
0+

#17852800
1!
b10 %
1+
b10 /
b111 0
b10001101 2
b10 3
b10001110 7

#17856000
0!
0+

#17859200
1!
b1 %
1+
b1 /
b1000 0
b10001110 2
b1 3
b10001111 7

#17862400
0!
0+

#17865600
1!
b10 %
1+
b10 /
b1001 0
b10001111 2
b10 3
b10010000 7

#17868800
0!
0+

#17872000
1!
b1 %
1+
b1 /
b1010 0
b10010000 2
b1 3
b10010001 7

#17875200
0!
0+

#17878400
1!
b10 %
1+
b10 /
b1011 0
b10010001 2
b10 3
b10010010 7

#17881600
0!
0+

#17884800
1!
b1 %
1+
b1 /
b1100 0
b10010010 2
b1 3
b10010011 7

#17888000
0!
0+

#17891200
1!
b10 %
1+
b10 /
b1101 0
b10010011 2
b10 3
b10010100 7

#17894400
0!
0+

#17897600
1!
b1 %
1+
b1 /
b1110 0
b10010100 2
b1 3
b10010101 7

#17900800
0!
0+

#17904000
1!
b11 %
1+
b11 /
b1111 0
b10010101 2
b11 3
b1011 6
b10010101 7

#17907200
0!
0+

#17910400
1!
b1 %
1+
b1 /
b0 0
b1011 1
b1 3
b1011 6
b10010110 7

#17913600
0!
0+

#17916800
1!
b10 %
1+
b10 /
b1 0
b10010110 2
b10 3
b10010111 7

#17920000
0!
0+

#17923200
1!
b1 %
1+
b1 /
b10 0
b10010111 2
b1 3
b10011000 7

#17926400
0!
0+

#17929600
1!
b10 %
1+
b10 /
b11 0
b10011000 2
b10 3
b10011001 7

#17932800
0!
0+

#17936000
1!
b1 %
1+
b1 /
b100 0
b10011001 2
b1 3
b10011010 7

#17939200
0!
0+

#17942400
1!
b10 %
1+
b10 /
b101 0
b10011010 2
b10 3
b10011011 7

#17945600
0!
0+

#17948800
1!
b1 %
1+
b1 /
b110 0
b10011011 2
b1 3
b10011100 7

#17952000
0!
0+

#17955200
1!
b10 %
1+
b10 /
b111 0
b10011100 2
b10 3
b10011101 7

#17958400
0!
0+

#17961600
1!
b1 %
1+
b1 /
b1000 0
b10011101 2
b1 3
b10011110 7

#17964800
0!
0+

#17968000
1!
b10 %
1+
b10 /
b1001 0
b10011110 2
b10 3
b10011111 7

#17971200
0!
0+

#17974400
1!
b1 %
1+
b1 /
b1010 0
b10011111 2
b1 3
b10100000 7

#17977600
0!
0+

#17980800
1!
b10 %
1+
b10 /
b1011 0
b10100000 2
b10 3
b10100001 7

#17984000
0!
0+

#17987200
1!
b1 %
1+
b1 /
b1100 0
b10100001 2
b1 3
b10100010 7

#17990400
0!
0+

#17993600
1!
b10 %
1+
b10 /
b1101 0
b10100010 2
b10 3
b10100011 7

#17996800
0!
0+

#18000000
1!
b11 %
1+
b11 /
b1110 0
b10100011 2
b11 3
b1100 6
b10100011 7

#18003200
0!
0+

#18006400
1!
b10 %
1+
b10 /
b0 0
b1100 1
b10 3
b1100 6
b10100100 7

#18009600
0!
0+

#18012800
1!
b1 %
1+
b1 /
b1 0
b10100100 2
b1 3
b10100101 7

#18016000
0!
0+

#18019200
1!
b10 %
1+
b10 /
b10 0
b10100101 2
b10 3
b10100110 7

#18022400
0!
0+

#18025600
1!
b1 %
1+
b1 /
b11 0
b10100110 2
b1 3
b10100111 7

#18028800
0!
0+

#18032000
1!
b10 %
1+
b10 /
b100 0
b10100111 2
b10 3
b10101000 7

#18035200
0!
0+

#18038400
1!
b1 %
1+
b1 /
b101 0
b10101000 2
b1 3
b10101001 7

#18041600
0!
0+

#18044800
1!
b10 %
1+
b10 /
b110 0
b10101001 2
b10 3
b10101010 7

#18048000
0!
0+

#18051200
1!
b1 %
1+
b1 /
b111 0
b10101010 2
b1 3
b10101011 7

#18054400
0!
0+

#18057600
1!
b10 %
1+
b10 /
b1000 0
b10101011 2
b10 3
b10101100 7

#18060800
0!
0+

#18064000
1!
b1 %
1+
b1 /
b1001 0
b10101100 2
b1 3
b10101101 7

#18067200
0!
0+

#18070400
1!
b10 %
1+
b10 /
b1010 0
b10101101 2
b10 3
b10101110 7

#18073600
0!
0+

#18076800
1!
b1 %
1+
b1 /
b1011 0
b10101110 2
b1 3
b10101111 7

#18080000
0!
0+

#18083200
1!
b10 %
1+
b10 /
b1100 0
b10101111 2
b10 3
b10110000 7

#18086400
0!
0+

#18089600
1!
b1 %
1+
b1 /
b1101 0
b10110000 2
b1 3
b10110001 7

#18092800
0!
0+

#18096000
1!
b10 %
1+
b10 /
b1110 0
b10110001 2
b10 3
b10110010 7

#18099200
0!
0+

#18102400
1!
b11 %
1+
b11 /
b1111 0
b10110010 2
b11 3
b1101 6
b10110010 7

#18105600
0!
0+

#18108800
1!
b10 %
1+
b10 /
b0 0
b1101 1
b10 3
b1101 6
b10110011 7

#18112000
0!
0+

#18115200
1!
b1 %
1+
b1 /
b1 0
b10110011 2
b1 3
b10110100 7

#18118400
0!
0+

#18121600
1!
b10 %
1+
b10 /
b10 0
b10110100 2
b10 3
b10110101 7

#18124800
0!
0+

#18128000
1!
b1 %
1+
b1 /
b11 0
b10110101 2
b1 3
b10110110 7

#18131200
0!
0+

#18134400
1!
b10 %
1+
b10 /
b100 0
b10110110 2
b10 3
b10110111 7

#18137600
0!
0+

#18140800
1!
b1 %
1+
b1 /
b101 0
b10110111 2
b1 3
b10111000 7

#18144000
0!
0+

#18147200
1!
b10 %
1+
b10 /
b110 0
b10111000 2
b10 3
b10111001 7

#18150400
0!
0+

#18153600
1!
b1 %
1+
b1 /
b111 0
b10111001 2
b1 3
b10111010 7

#18156800
0!
0+

#18160000
1!
b10 %
1+
b10 /
b1000 0
b10111010 2
b10 3
b10111011 7

#18163200
0!
0+

#18166400
1!
b1 %
1+
b1 /
b1001 0
b10111011 2
b1 3
b10111100 7

#18169600
0!
0+

#18172800
1!
b10 %
1+
b10 /
b1010 0
b10111100 2
b10 3
b10111101 7

#18176000
0!
0+

#18179200
1!
b1 %
1+
b1 /
b1011 0
b10111101 2
b1 3
b10111110 7

#18182400
0!
0+

#18185600
1!
b10 %
1+
b10 /
b1100 0
b10111110 2
b10 3
b10111111 7

#18188800
0!
0+

#18192000
1!
b1 %
1+
b1 /
b1101 0
b10111111 2
b1 3
b11000000 7

#18195200
0!
0+

#18198400
1!
b10 %
1+
b10 /
b1110 0
b11000000 2
b10 3
b11000001 7

#18201600
0!
0+

#18204800
1!
b11 %
1+
b11 /
b1111 0
b11000001 2
b11 3
b1110 6
b11000001 7

#18208000
0!
0+

#18211200
1!
b10 %
1+
b10 /
b0 0
b1110 1
b10 3
b1110 6
b11000010 7

#18214400
0!
0+

#18217600
1!
b1 %
1+
b1 /
b1 0
b11000010 2
b1 3
b11000011 7

#18220800
0!
0+

#18224000
1!
b10 %
1+
b10 /
b10 0
b11000011 2
b10 3
b11000100 7

#18227200
0!
0+

#18230400
1!
b1 %
1+
b1 /
b11 0
b11000100 2
b1 3
b11000101 7

#18233600
0!
0+

#18236800
1!
b10 %
1+
b10 /
b100 0
b11000101 2
b10 3
b11000110 7

#18240000
0!
0+

#18243200
1!
b1 %
1+
b1 /
b101 0
b11000110 2
b1 3
b11000111 7

#18246400
0!
0+

#18249600
1!
b10 %
1+
b10 /
b110 0
b11000111 2
b10 3
b11001000 7

#18252800
0!
0+

#18256000
1!
b1 %
1+
b1 /
b111 0
b11001000 2
b1 3
b11001001 7

#18259200
0!
0+

#18262400
1!
b10 %
1+
b10 /
b1000 0
b11001001 2
b10 3
b11001010 7

#18265600
0!
0+

#18268800
1!
b1 %
1+
b1 /
b1001 0
b11001010 2
b1 3
b11001011 7

#18272000
0!
0+

#18275200
1!
b10 %
1+
b10 /
b1010 0
b11001011 2
b10 3
b11001100 7

#18278400
0!
0+

#18281600
1!
b1 %
1+
b1 /
b1011 0
b11001100 2
b1 3
b11001101 7

#18284800
0!
0+

#18288000
1!
b10 %
1+
b10 /
b1100 0
b11001101 2
b10 3
b11001110 7

#18291200
0!
0+

#18294400
1!
b1 %
1+
b1 /
b1101 0
b11001110 2
b1 3
b11001111 7

#18297600
0!
0+

#18300800
1!
b10 %
1+
b10 /
b1110 0
b11001111 2
b10 3
b11010000 7

#18304000
0!
0+

#18307200
1!
b11 %
1+
b11 /
b1111 0
b11010000 2
b11 3
b1111 6
b11010000 7

#18310400
0!
0+

#18313600
1!
b10 %
1+
b10 /
b0 0
b1111 1
b10 3
b1111 6
b11010001 7

#18316800
0!
0+

#18320000
1!
b1 %
1+
b1 /
b1 0
b11010001 2
b1 3
b11010010 7

#18323200
0!
0+

#18326400
1!
b10 %
1+
b10 /
b10 0
b11010010 2
b10 3
b11010011 7

#18329600
0!
0+

#18332800
1!
b1 %
1+
b1 /
b11 0
b11010011 2
b1 3
b11010100 7

#18336000
0!
0+

#18339200
1!
b10 %
1+
b10 /
b100 0
b11010100 2
b10 3
b11010101 7

#18342400
0!
0+

#18345600
1!
b1 %
1+
b1 /
b101 0
b11010101 2
b1 3
b11010110 7

#18348800
0!
0+

#18352000
1!
b10 %
1+
b10 /
b110 0
b11010110 2
b10 3
b11010111 7

#18355200
0!
0+

#18358400
1!
b1 %
1+
b1 /
b111 0
b11010111 2
b1 3
b11011000 7

#18361600
0!
0+

#18364800
1!
b10 %
1+
b10 /
b1000 0
b11011000 2
b10 3
b11011001 7

#18368000
0!
0+

#18371200
1!
b1 %
1+
b1 /
b1001 0
b11011001 2
b1 3
b11011010 7

#18374400
0!
0+

#18377600
1!
b10 %
1+
b10 /
b1010 0
b11011010 2
b10 3
b11011011 7

#18380800
0!
0+

#18384000
1!
b1 %
1+
b1 /
b1011 0
b11011011 2
b1 3
b11011100 7

#18387200
0!
0+

#18390400
1!
b10 %
1+
b10 /
b1100 0
b11011100 2
b10 3
b11011101 7

#18393600
0!
0+

#18396800
1!
b1 %
1+
b1 /
b1101 0
b11011101 2
b1 3
b11011110 7

#18400000
0!
0+

#18403200
1!
b11 %
1+
b11 /
b1110 0
b11011110 2
b11 3
b10000 6
b11011110 7

#18406400
0!
0+

#18409600
1!
b1 %
1+
b1 /
b0 0
b10000 1
b1 3
b10000 6
b11011111 7

#18412800
0!
0+

#18416000
1!
b10 %
1+
b10 /
b1 0
b11011111 2
b10 3
b11100000 7

#18419200
0!
0+

#18422400
1!
b1 %
1+
b1 /
b10 0
b11100000 2
b1 3
b11100001 7

#18425600
0!
0+

#18428800
1!
b10 %
1+
b10 /
b11 0
b11100001 2
b10 3
b11100010 7

#18432000
0!
0+

#18435200
1!
b1 %
1+
b1 /
b100 0
b11100010 2
b1 3
b11100011 7

#18438400
0!
0+

#18441600
1!
b10 %
1+
b10 /
b101 0
b11100011 2
b10 3
b11100100 7

#18444800
0!
0+

#18448000
1!
b1 %
1+
b1 /
b110 0
b11100100 2
b1 3
b11100101 7

#18451200
0!
0+

#18454400
1!
b10 %
1+
b10 /
b111 0
b11100101 2
b10 3
b11100110 7

#18457600
0!
0+

#18460800
1!
b1 %
1+
b1 /
b1000 0
b11100110 2
b1 3
b11100111 7

#18464000
0!
0+

#18467200
1!
b10 %
1+
b10 /
b1001 0
b11100111 2
b10 3
b11101000 7

#18470400
0!
0+

#18473600
1!
b1 %
1+
b1 /
b1010 0
b11101000 2
b1 3
b11101001 7

#18476800
0!
0+

#18480000
1!
b10 %
1+
b10 /
b1011 0
b11101001 2
b10 3
b11101010 7

#18483200
0!
0+

#18486400
1!
b1 %
1+
b1 /
b1100 0
b11101010 2
b1 3
b11101011 7

#18489600
0!
0+

#18492800
1!
b10 %
1+
b10 /
b1101 0
b11101011 2
b10 3
b11101100 7

#18496000
0!
0+

#18499200
1!
b1 %
1+
b1 /
b1110 0
b11101100 2
b1 3
b11101101 7

#18502400
0!
0+

#18505600
1!
b11 %
1+
b11 /
b1111 0
b11101101 2
b11 3
b10001 6
b11101101 7

#18508800
0!
0+

#18512000
1!
b1 %
1+
b1 /
b0 0
b10001 1
b1 3
b10001 6
b11101110 7

#18515200
0!
0+

#18518400
1!
b10 %
1+
b10 /
b1 0
b11101110 2
b10 3
b11101111 7

#18521600
0!
0+

#18524800
1!
b1 %
1+
b1 /
b10 0
b11101111 2
b1 3
b11110000 7

#18528000
0!
0+

#18531200
1!
b10 %
1+
b10 /
b11 0
b11110000 2
b10 3
b11110001 7

#18534400
0!
0+

#18537600
1!
b1 %
1+
b1 /
b100 0
b11110001 2
b1 3
b11110010 7

#18540800
0!
0+

#18544000
1!
b10 %
1+
b10 /
b101 0
b11110010 2
b10 3
b11110011 7

#18547200
0!
0+

#18550400
1!
b1 %
1+
b1 /
b110 0
b11110011 2
b1 3
b11110100 7

#18553600
0!
0+

#18556800
1!
b10 %
1+
b10 /
b111 0
b11110100 2
b10 3
b11110101 7

#18560000
0!
0+

#18563200
1!
b1 %
1+
b1 /
b1000 0
b11110101 2
b1 3
b11110110 7

#18566400
0!
0+

#18569600
1!
b10 %
1+
b10 /
b1001 0
b11110110 2
b10 3
b11110111 7

#18572800
0!
0+

#18576000
1!
b1 %
1+
b1 /
b1010 0
b11110111 2
b1 3
b11111000 7

#18579200
0!
0+

#18582400
1!
b10 %
1+
b10 /
b1011 0
b11111000 2
b10 3
b11111001 7

#18585600
0!
0+

#18588800
1!
b1 %
1+
b1 /
b1100 0
b11111001 2
b1 3
b11111010 7

#18592000
0!
0+

#18595200
1!
b10 %
1+
b10 /
b1101 0
b11111010 2
b10 3
b11111011 7

#18598400
0!
0+

#18601600
1!
b1 %
1+
b1 /
b1110 0
b11111011 2
b1 3
b11111100 7

#18604800
0!
0+

#18608000
1!
b11 %
1+
b11 /
b1111 0
b11111100 2
b11 3
b10010 6
b11111100 7

#18611200
0!
0+

#18614400
1!
b1 %
1+
b1 /
b0 0
b10010 1
b1 3
b10010 6
b11111101 7

#18617600
0!
0+

#18620800
1!
b10 %
1+
b10 /
b1 0
b11111101 2
b10 3
b11111110 7

#18624000
0!
0+

#18627200
1!
b1 %
1+
b1 /
b10 0
b11111110 2
b1 3
b11111111 7

#18630400
0!
0+

#18633600
1!
b10 %
1+
b10 /
b11 0
b11111111 2
b10 3
b100000000 7

#18636800
0!
0+

#18640000
1!
b1 %
1+
b1 /
b100 0
b100000000 2
b1 3
b100000001 7

#18643200
0!
0+

#18646400
1!
b10 %
1+
b10 /
b101 0
b100000001 2
b10 3
b100000010 7

#18649600
0!
0+

#18652800
1!
b1 %
1+
b1 /
b110 0
b100000010 2
b1 3
b100000011 7

#18656000
0!
0+

#18659200
1!
b10 %
1+
b10 /
b111 0
b100000011 2
b10 3
b100000100 7

#18662400
0!
0+

#18665600
1!
b1 %
1+
b1 /
b1000 0
b100000100 2
b1 3
b100000101 7

#18668800
0!
0+

#18672000
1!
b10 %
1+
b10 /
b1001 0
b100000101 2
b10 3
b100000110 7

#18675200
0!
0+

#18678400
1!
b1 %
1+
b1 /
b1010 0
b100000110 2
b1 3
b100000111 7

#18681600
0!
0+

#18684800
1!
b10 %
1+
b10 /
b1011 0
b100000111 2
b10 3
b100001000 7

#18688000
0!
0+

#18691200
1!
b1 %
1+
b1 /
b1100 0
b100001000 2
b1 3
b100001001 7

#18694400
0!
0+

#18697600
1!
b10 %
1+
b10 /
b1101 0
b100001001 2
b10 3
b100001010 7

#18700800
0!
0+

#18704000
1!
b1 %
1+
b1 /
b1110 0
b100001010 2
b1 3
b100001011 7

#18707200
0!
0+

#18710400
1!
b11 %
1+
b11 /
b1111 0
b100001011 2
b11 3
b10011 6
b100001011 7

#18713600
0!
0+

#18716800
1!
b1 %
1+
b1 /
b0 0
b10011 1
b1 3
b10011 6
b100001100 7

#18720000
0!
0+

#18723200
1!
b10 %
1+
b10 /
b1 0
b100001100 2
b10 3
b100001101 7

#18726400
0!
0+

#18729600
1!
b1 %
1+
b1 /
b10 0
b100001101 2
b1 3
b100001110 7

#18732800
0!
0+

#18736000
1!
b10 %
1+
b10 /
b11 0
b100001110 2
b10 3
b100001111 7

#18739200
0!
0+

#18742400
1!
b1 %
1+
b1 /
b100 0
b100001111 2
b1 3
b100010000 7

#18745600
0!
0+

#18748800
1!
b10 %
1+
b10 /
b101 0
b100010000 2
b10 3
b100010001 7

#18752000
0!
0+

#18755200
1!
b1 %
1+
b1 /
b110 0
b100010001 2
b1 3
b100010010 7

#18758400
0!
0+

#18761600
1!
b10 %
1+
b10 /
b111 0
b100010010 2
b10 3
b100010011 7

#18764800
0!
0+

#18768000
1!
b1 %
1+
b1 /
b1000 0
b100010011 2
b1 3
b100010100 7

#18771200
0!
0+

#18774400
1!
b10 %
1+
b10 /
b1001 0
b100010100 2
b10 3
b100010101 7

#18777600
0!
0+

#18780800
1!
b1 %
1+
b1 /
b1010 0
b100010101 2
b1 3
b100010110 7

#18784000
0!
0+

#18787200
1!
b10 %
1+
b10 /
b1011 0
b100010110 2
b10 3
b100010111 7

#18790400
0!
0+

#18793600
1!
b1 %
1+
b1 /
b1100 0
b100010111 2
b1 3
b100011000 7

#18796800
0!
0+

#18800000
1!
b10 %
1+
b10 /
b1101 0
b100011000 2
b10 3
b100011001 7

#18803200
0!
0+

#18806400
1!
b11 %
1+
b11 /
b1110 0
b100011001 2
b11 3
b10100 6
b100011001 7

#18809600
0!
0+

#18812800
1!
b10 %
1+
b10 /
b0 0
b10100 1
b10 3
b10100 6
b100011010 7

#18816000
0!
0+

#18819200
1!
b1 %
1+
b1 /
b1 0
b100011010 2
b1 3
b100011011 7

#18822400
0!
0+

#18825600
1!
b10 %
1+
b10 /
b10 0
b100011011 2
b10 3
b100011100 7

#18828800
0!
0+

#18832000
1!
b1 %
1+
b1 /
b11 0
b100011100 2
b1 3
b100011101 7

#18835200
0!
0+

#18838400
1!
b10 %
1+
b10 /
b100 0
b100011101 2
b10 3
b100011110 7

#18841600
0!
0+

#18844800
1!
b1 %
1+
b1 /
b101 0
b100011110 2
b1 3
b100011111 7

#18848000
0!
0+

#18851200
1!
b10 %
1+
b10 /
b110 0
b100011111 2
b10 3
b100100000 7

#18854400
0!
0+

#18857600
1!
b1 %
1+
b1 /
b111 0
b100100000 2
b1 3
b100100001 7

#18860800
0!
0+

#18864000
1!
b10 %
1+
b10 /
b1000 0
b100100001 2
b10 3
b100100010 7

#18867200
0!
0+

#18870400
1!
b1 %
1+
b1 /
b1001 0
b100100010 2
b1 3
b100100011 7

#18873600
0!
0+

#18876800
1!
b10 %
1+
b10 /
b1010 0
b100100011 2
b10 3
b100100100 7

#18880000
0!
0+

#18883200
1!
b1 %
1+
b1 /
b1011 0
b100100100 2
b1 3
b100100101 7

#18886400
0!
0+

#18889600
1!
b10 %
1+
b10 /
b1100 0
b100100101 2
b10 3
b100100110 7

#18892800
0!
0+

#18896000
1!
b1 %
1+
b1 /
b1101 0
b100100110 2
b1 3
b100100111 7

#18899200
0!
0+

#18902400
1!
b10 %
1+
b10 /
b1110 0
b100100111 2
b10 3
b100101000 7

#18905600
0!
0+

#18908800
1!
b11 %
1+
b11 /
b1111 0
b100101000 2
b11 3
b10101 6
b100101000 7

#18912000
0!
0+

#18915200
1!
b10 %
1+
b10 /
b0 0
b10101 1
b10 3
b10101 6
b100101001 7

#18918400
0!
0+

#18921600
1!
b1 %
1+
b1 /
b1 0
b100101001 2
b1 3
b100101010 7

#18924800
0!
0+

#18928000
1!
b10 %
1+
b10 /
b10 0
b100101010 2
b10 3
b100101011 7

#18931200
0!
0+

#18934400
1!
b1 %
1+
b1 /
b11 0
b100101011 2
b1 3
b100101100 7

#18937600
0!
0+

#18940800
1!
b10 %
1+
b10 /
b100 0
b100101100 2
b10 3
b100101101 7

#18944000
0!
0+

#18947200
1!
b1 %
1+
b1 /
b101 0
b100101101 2
b1 3
b100101110 7

#18950400
0!
0+

#18953600
1!
b10 %
1+
b10 /
b110 0
b100101110 2
b10 3
b100101111 7

#18956800
0!
0+

#18960000
1!
b1 %
1+
b1 /
b111 0
b100101111 2
b1 3
b100110000 7

#18963200
0!
0+

#18966400
1!
b10 %
1+
b10 /
b1000 0
b100110000 2
b10 3
b100110001 7

#18969600
0!
0+

#18972800
1!
b1 %
1+
b1 /
b1001 0
b100110001 2
b1 3
b100110010 7

#18976000
0!
0+

#18979200
1!
b10 %
1+
b10 /
b1010 0
b100110010 2
b10 3
b100110011 7

#18982400
0!
0+

#18985600
1!
b1 %
1+
b1 /
b1011 0
b100110011 2
b1 3
b100110100 7

#18988800
0!
0+

#18992000
1!
b10 %
1+
b10 /
b1100 0
b100110100 2
b10 3
b100110101 7

#18995200
0!
0+

#18998400
1!
b1 %
1+
b1 /
b1101 0
b100110101 2
b1 3
b100110110 7

#19001600
0!
0+

#19004800
1!
b10 %
1+
b10 /
b1110 0
b100110110 2
b10 3
b100110111 7

#19008000
0!
0+

#19011200
1!
b11 %
1+
b11 /
b1111 0
b100110111 2
b11 3
b10110 6
b100110111 7

#19014400
0!
0+

#19017600
1!
b10 %
1+
b10 /
b0 0
b10110 1
b10 3
b10110 6
b100111000 7

#19020800
0!
0+

#19024000
1!
b1 %
1+
b1 /
b1 0
b100111000 2
b1 3
b100111001 7

#19027200
0!
0+

#19030400
1!
b10 %
1+
b10 /
b10 0
b100111001 2
b10 3
b100111010 7

#19033600
0!
0+

#19036800
1!
b1 %
1+
b1 /
b11 0
b100111010 2
b1 3
b100111011 7

#19040000
0!
0+

#19043200
1!
b10 %
1+
b10 /
b100 0
b100111011 2
b10 3
b100111100 7

#19046400
0!
0+

#19049600
1!
b1 %
1+
b1 /
b101 0
b100111100 2
b1 3
b100111101 7

#19052800
0!
0+

#19056000
1!
b10 %
1+
b10 /
b110 0
b100111101 2
b10 3
b100111110 7

#19059200
0!
0+

#19062400
1!
b1 %
1+
b1 /
b111 0
b100111110 2
b1 3
b100111111 7

#19065600
0!
0+

#19068800
1!
b10 %
1+
b10 /
b1000 0
b100111111 2
b10 3
b101000000 7

#19072000
0!
0+

#19075200
1!
b1 %
1+
b1 /
b1001 0
b101000000 2
b1 3
b101000001 7

#19078400
0!
0+

#19081600
1!
b10 %
1+
b10 /
b1010 0
b101000001 2
b10 3
b101000010 7

#19084800
0!
0+

#19088000
1!
b1 %
1+
b1 /
b1011 0
b101000010 2
b1 3
b101000011 7

#19091200
0!
0+

#19094400
1!
b10 %
1+
b10 /
b1100 0
b101000011 2
b10 3
b101000100 7

#19097600
0!
0+

#19100800
1!
b1 %
1+
b1 /
b1101 0
b101000100 2
b1 3
b101000101 7

#19104000
0!
0+

#19107200
1!
b10 %
1+
b10 /
b1110 0
b101000101 2
b10 3
b101000110 7

#19110400
0!
0+

#19113600
1!
b11 %
1+
b11 /
b1111 0
b101000110 2
b11 3
b10111 6
b101000110 7

#19116800
0!
0+

#19120000
1!
b10 %
1+
b10 /
b0 0
b10111 1
b10 3
b10111 6
b101000111 7

#19123200
0!
0+

#19126400
1!
b1 %
1+
b1 /
b1 0
b101000111 2
b1 3
b101001000 7

#19129600
0!
0+

#19132800
1!
b10 %
1+
b10 /
b10 0
b101001000 2
b10 3
b101001001 7

#19136000
0!
0+

#19139200
1!
b1 %
1+
b1 /
b11 0
b101001001 2
b1 3
b101001010 7

#19142400
0!
0+

#19145600
1!
b10 %
1+
b10 /
b100 0
b101001010 2
b10 3
b101001011 7

#19148800
0!
0+

#19152000
1!
b1 %
1+
b1 /
b101 0
b101001011 2
b1 3
b101001100 7

#19155200
0!
0+

#19158400
1!
b10 %
1+
b10 /
b110 0
b101001100 2
b10 3
b101001101 7

#19161600
0!
0+

#19164800
1!
b1 %
1+
b1 /
b111 0
b101001101 2
b1 3
b101001110 7

#19168000
0!
0+

#19171200
1!
b10 %
1+
b10 /
b1000 0
b101001110 2
b10 3
b101001111 7

#19174400
0!
0+

#19177600
1!
b1 %
1+
b1 /
b1001 0
b101001111 2
b1 3
b101010000 7

#19180800
0!
0+

#19184000
1!
b10 %
1+
b10 /
b1010 0
b101010000 2
b10 3
b101010001 7

#19187200
0!
0+

#19190400
1!
b1 %
1+
b1 /
b1011 0
b101010001 2
b1 3
b101010010 7

#19193600
0!
0+

#19196800
1!
b10 %
1+
b10 /
b1100 0
b101010010 2
b10 3
b101010011 7

#19200000
0!
0+

#19203200
1!
b1 %
1+
b1 /
b1101 0
b101010011 2
b1 3
b101010100 7

#19206400
0!
0+

#19209600
1!
b11 %
1+
b11 /
b1110 0
b101010100 2
b11 3
b11000 6
b101010100 7

#19212800
0!
0+

#19216000
1!
b1 %
1+
b1 /
b0 0
b11000 1
b1 3
b11000 6
b101010101 7

#19219200
0!
0+

#19222400
1!
b10 %
1+
b10 /
b1 0
b101010101 2
b10 3
b101010110 7

#19225600
0!
0+

#19228800
1!
b1 %
1+
b1 /
b10 0
b101010110 2
b1 3
b101010111 7

#19232000
0!
0+

#19235200
1!
b10 %
1+
b10 /
b11 0
b101010111 2
b10 3
b101011000 7

#19238400
0!
0+

#19241600
1!
b1 %
1+
b1 /
b100 0
b101011000 2
b1 3
b101011001 7

#19244800
0!
0+

#19248000
1!
b10 %
1+
b10 /
b101 0
b101011001 2
b10 3
b101011010 7

#19251200
0!
0+

#19254400
1!
b1 %
1+
b1 /
b110 0
b101011010 2
b1 3
b101011011 7

#19257600
0!
0+

#19260800
1!
b10 %
1+
b10 /
b111 0
b101011011 2
b10 3
b101011100 7

#19264000
0!
0+

#19267200
1!
b1 %
1+
b1 /
b1000 0
b101011100 2
b1 3
b101011101 7

#19270400
0!
0+

#19273600
1!
b10 %
1+
b10 /
b1001 0
b101011101 2
b10 3
b101011110 7

#19276800
0!
0+

#19280000
1!
b1 %
1+
b1 /
b1010 0
b101011110 2
b1 3
b101011111 7

#19283200
0!
0+

#19286400
1!
b10 %
1+
b10 /
b1011 0
b101011111 2
b10 3
b101100000 7

#19289600
0!
0+

#19292800
1!
b1 %
1+
b1 /
b1100 0
b101100000 2
b1 3
b101100001 7

#19296000
0!
0+

#19299200
1!
b10 %
1+
b10 /
b1101 0
b101100001 2
b10 3
b101100010 7

#19302400
0!
0+

#19305600
1!
b1 %
1+
b1 /
b1110 0
b101100010 2
b1 3
b101100011 7

#19308800
0!
0+

#19312000
1!
b11 %
1+
b11 /
b1111 0
b101100011 2
b11 3
b11001 6
b101100011 7

#19315200
0!
0+

#19318400
1!
b1 %
1+
b1 /
b0 0
b11001 1
b1 3
b11001 6
b101100100 7

#19321600
0!
0+

#19324800
1!
b10 %
1+
b10 /
b1 0
b101100100 2
b10 3
b101100101 7

#19328000
0!
0+

#19331200
1!
b1 %
1+
b1 /
b10 0
b101100101 2
b1 3
b101100110 7

#19334400
0!
0+

#19337600
1!
b10 %
1+
b10 /
b11 0
b101100110 2
b10 3
b101100111 7

#19340800
0!
0+

#19344000
1!
b1 %
1+
b1 /
b100 0
b101100111 2
b1 3
b101101000 7

#19347200
0!
0+

#19350400
1!
b10 %
1+
b10 /
b101 0
b101101000 2
b10 3
b101101001 7

#19353600
0!
0+

#19356800
1!
b1 %
1+
b1 /
b110 0
b101101001 2
b1 3
b101101010 7

#19360000
0!
0+

#19363200
1!
b10 %
1+
b10 /
b111 0
b101101010 2
b10 3
b101101011 7

#19366400
0!
0+

#19369600
1!
b1 %
1+
b1 /
b1000 0
b101101011 2
b1 3
b101101100 7

#19372800
0!
0+

#19376000
1!
b10 %
1+
b10 /
b1001 0
b101101100 2
b10 3
b101101101 7

#19379200
0!
0+

#19382400
1!
b1 %
1+
b1 /
b1010 0
b101101101 2
b1 3
b101101110 7

#19385600
0!
0+

#19388800
1!
b10 %
1+
b10 /
b1011 0
b101101110 2
b10 3
b101101111 7

#19392000
0!
0+

#19395200
1!
b1 %
1+
b1 /
b1100 0
b101101111 2
b1 3
b101110000 7

#19398400
0!
0+

#19401600
1!
b10 %
1+
b10 /
b1101 0
b101110000 2
b10 3
b101110001 7

#19404800
0!
0+

#19408000
1!
b1 %
1+
b1 /
b1110 0
b101110001 2
b1 3
b101110010 7

#19411200
0!
0+

#19414400
1!
b11 %
1+
b11 /
b1111 0
b101110010 2
b11 3
b11010 6
b101110010 7

#19417600
0!
0+

#19420800
1!
b1 %
1+
b1 /
b0 0
b11010 1
b1 3
b11010 6
b101110011 7

#19424000
0!
0+

#19427200
1!
b10 %
1+
b10 /
b1 0
b101110011 2
b10 3
b101110100 7

#19430400
0!
0+

#19433600
1!
b1 %
1+
b1 /
b10 0
b101110100 2
b1 3
b101110101 7

#19436800
0!
0+

#19440000
1!
b10 %
1+
b10 /
b11 0
b101110101 2
b10 3
b101110110 7

#19443200
0!
0+

#19446400
1!
b1 %
1+
b1 /
b100 0
b101110110 2
b1 3
b101110111 7

#19449600
0!
0+

#19452800
1!
b10 %
1+
b10 /
b101 0
b101110111 2
b10 3
b101111000 7

#19456000
0!
0+

#19459200
1!
b1 %
1+
b1 /
b110 0
b101111000 2
b1 3
b101111001 7

#19462400
0!
0+

#19465600
1!
b10 %
1+
b10 /
b111 0
b101111001 2
b10 3
b101111010 7

#19468800
0!
0+

#19472000
1!
b1 %
1+
b1 /
b1000 0
b101111010 2
b1 3
b101111011 7

#19475200
0!
0+

#19478400
1!
b10 %
1+
b10 /
b1001 0
b101111011 2
b10 3
b101111100 7

#19481600
0!
0+

#19484800
1!
b1 %
1+
b1 /
b1010 0
b101111100 2
b1 3
b101111101 7

#19488000
0!
0+

#19491200
1!
b10 %
1+
b10 /
b1011 0
b101111101 2
b10 3
b101111110 7

#19494400
0!
0+

#19497600
1!
b1 %
1+
b1 /
b1100 0
b101111110 2
b1 3
b101111111 7

#19500800
0!
0+

#19504000
1!
b10 %
1+
b10 /
b1101 0
b101111111 2
b10 3
b110000000 7

#19507200
0!
0+

#19510400
1!
b1 %
1+
b1 /
b1110 0
b110000000 2
b1 3
b110000001 7

#19513600
0!
0+

#19516800
1!
b11 %
1+
b11 /
b1111 0
b110000001 2
b11 3
b11011 6
b110000001 7

#19520000
0!
0+

#19523200
1!
b1 %
1+
b1 /
b0 0
b11011 1
b1 3
b11011 6
b110000010 7

#19526400
0!
0+

#19529600
1!
b10 %
1+
b10 /
b1 0
b110000010 2
b10 3
b110000011 7

#19532800
0!
0+

#19536000
1!
b1 %
1+
b1 /
b10 0
b110000011 2
b1 3
b110000100 7

#19539200
0!
0+

#19542400
1!
b10 %
1+
b10 /
b11 0
b110000100 2
b10 3
b110000101 7

#19545600
0!
0+

#19548800
1!
b1 %
1+
b1 /
b100 0
b110000101 2
b1 3
b110000110 7

#19552000
0!
0+

#19555200
1!
b10 %
1+
b10 /
b101 0
b110000110 2
b10 3
b110000111 7

#19558400
0!
0+

#19561600
1!
b1 %
1+
b1 /
b110 0
b110000111 2
b1 3
b110001000 7

#19564800
0!
0+

#19568000
1!
b10 %
1+
b10 /
b111 0
b110001000 2
b10 3
b110001001 7

#19571200
0!
0+

#19574400
1!
b1 %
1+
b1 /
b1000 0
b110001001 2
b1 3
b110001010 7

#19577600
0!
0+

#19580800
1!
b10 %
1+
b10 /
b1001 0
b110001010 2
b10 3
b110001011 7

#19584000
0!
0+

#19587200
1!
b1 %
1+
b1 /
b1010 0
b110001011 2
b1 3
b110001100 7

#19590400
0!
0+

#19593600
1!
b10 %
1+
b10 /
b1011 0
b110001100 2
b10 3
b110001101 7

#19596800
0!
0+

#19600000
1!
b1 %
1+
b1 /
b1100 0
b110001101 2
b1 3
b110001110 7

#19603200
0!
0+

#19606400
1!
b10 %
1+
b10 /
b1101 0
b110001110 2
b10 3
b110001111 7

#19609600
0!
0+

#19612800
1!
b11 %
1+
b11 /
b1110 0
b110001111 2
b11 3
b11100 6
b110001111 7

#19616000
0!
0+

#19619200
1!
b10 %
1+
b10 /
b0 0
b11100 1
b10 3
b11100 6
b110010000 7

#19622400
0!
0+

#19625600
1!
b1 %
1+
b1 /
b1 0
b110010000 2
b1 3
b110010001 7

#19628800
0!
0+

#19632000
1!
b10 %
1+
b10 /
b10 0
b110010001 2
b10 3
b110010010 7

#19635200
0!
0+

#19638400
1!
b1 %
1+
b1 /
b11 0
b110010010 2
b1 3
b110010011 7

#19641600
0!
0+

#19644800
1!
b10 %
1+
b10 /
b100 0
b110010011 2
b10 3
b110010100 7

#19648000
0!
0+

#19651200
1!
b1 %
1+
b1 /
b101 0
b110010100 2
b1 3
b110010101 7

#19654400
0!
0+

#19657600
1!
b10 %
1+
b10 /
b110 0
b110010101 2
b10 3
b110010110 7

#19660800
0!
0+

#19664000
1!
b1 %
1+
b1 /
b111 0
b110010110 2
b1 3
b110010111 7

#19667200
0!
0+

#19670400
1!
b10 %
1+
b10 /
b1000 0
b110010111 2
b10 3
b110011000 7

#19673600
0!
0+

#19676800
1!
b1 %
1+
b1 /
b1001 0
b110011000 2
b1 3
b110011001 7

#19680000
0!
0+

#19683200
1!
b10 %
1+
b10 /
b1010 0
b110011001 2
b10 3
b110011010 7

#19686400
0!
0+

#19689600
1!
b1 %
1+
b1 /
b1011 0
b110011010 2
b1 3
b110011011 7

#19692800
0!
0+

#19696000
1!
b10 %
1+
b10 /
b1100 0
b110011011 2
b10 3
b110011100 7

#19699200
0!
0+

#19702400
1!
b1 %
1+
b1 /
b1101 0
b110011100 2
b1 3
b110011101 7

#19705600
0!
0+

#19708800
1!
b10 %
1+
b10 /
b1110 0
b110011101 2
b10 3
b110011110 7

#19712000
0!
0+

#19715200
1!
b11 %
1+
b11 /
b1111 0
b110011110 2
b11 3
b11101 6
b110011110 7

#19718400
0!
0+

#19721600
1!
b10 %
1+
b10 /
b0 0
b11101 1
b10 3
b11101 6
b110011111 7

#19724800
0!
0+

#19728000
1!
b1 %
1+
b1 /
b1 0
b110011111 2
b1 3
b110100000 7

#19731200
0!
0+

#19734400
1!
b10 %
1+
b10 /
b10 0
b110100000 2
b10 3
b110100001 7

#19737600
0!
0+

#19740800
1!
b1 %
1+
b1 /
b11 0
b110100001 2
b1 3
b110100010 7

#19744000
0!
0+

#19747200
1!
b10 %
1+
b10 /
b100 0
b110100010 2
b10 3
b110100011 7

#19750400
0!
0+

#19753600
1!
b1 %
1+
b1 /
b101 0
b110100011 2
b1 3
b110100100 7

#19756800
0!
0+

#19760000
1!
b10 %
1+
b10 /
b110 0
b110100100 2
b10 3
b110100101 7

#19763200
0!
0+

#19766400
1!
b1 %
1+
b1 /
b111 0
b110100101 2
b1 3
b110100110 7

#19769600
0!
0+

#19772800
1!
b10 %
1+
b10 /
b1000 0
b110100110 2
b10 3
b110100111 7

#19776000
0!
0+

#19779200
1!
b1 %
1+
b1 /
b1001 0
b110100111 2
b1 3
b110101000 7

#19782400
0!
0+

#19785600
1!
b10 %
1+
b10 /
b1010 0
b110101000 2
b10 3
b110101001 7

#19788800
0!
0+

#19792000
1!
b1 %
1+
b1 /
b1011 0
b110101001 2
b1 3
b110101010 7

#19795200
0!
0+

#19798400
1!
b10 %
1+
b10 /
b1100 0
b110101010 2
b10 3
b110101011 7

#19801600
0!
0+

#19804800
1!
b1 %
1+
b1 /
b1101 0
b110101011 2
b1 3
b110101100 7

#19808000
0!
0+

#19811200
1!
b10 %
1+
b10 /
b1110 0
b110101100 2
b10 3
b110101101 7

#19814400
0!
0+

#19817600
1!
b11 %
1+
b11 /
b1111 0
b110101101 2
b11 3
b11110 6
b110101101 7

#19820800
0!
0+

#19824000
1!
b10 %
1+
b10 /
b0 0
b11110 1
b10 3
b11110 6
b110101110 7

#19827200
0!
0+

#19830400
1!
b1 %
1+
b1 /
b1 0
b110101110 2
b1 3
b110101111 7

#19833600
0!
0+

#19836800
1!
b10 %
1+
b10 /
b10 0
b110101111 2
b10 3
b110110000 7

#19840000
0!
0+

#19843200
1!
b1 %
1+
b1 /
b11 0
b110110000 2
b1 3
b110110001 7

#19846400
0!
0+

#19849600
1!
b10 %
1+
b10 /
b100 0
b110110001 2
b10 3
b110110010 7

#19852800
0!
0+

#19856000
1!
b1 %
1+
b1 /
b101 0
b110110010 2
b1 3
b110110011 7

#19859200
0!
0+

#19862400
1!
b10 %
1+
b10 /
b110 0
b110110011 2
b10 3
b110110100 7

#19865600
0!
0+

#19868800
1!
b1 %
1+
b1 /
b111 0
b110110100 2
b1 3
b110110101 7

#19872000
0!
0+

#19875200
1!
b10 %
1+
b10 /
b1000 0
b110110101 2
b10 3
b110110110 7

#19878400
0!
0+

#19881600
1!
b1 %
1+
b1 /
b1001 0
b110110110 2
b1 3
b110110111 7

#19884800
0!
0+

#19888000
1!
b10 %
1+
b10 /
b1010 0
b110110111 2
b10 3
b110111000 7

#19891200
0!
0+

#19894400
1!
b1 %
1+
b1 /
b1011 0
b110111000 2
b1 3
b110111001 7

#19897600
0!
0+

#19900800
1!
b10 %
1+
b10 /
b1100 0
b110111001 2
b10 3
b110111010 7

#19904000
0!
0+

#19907200
1!
b1 %
1+
b1 /
b1101 0
b110111010 2
b1 3
b110111011 7

#19910400
0!
0+

#19913600
1!
b10 %
1+
b10 /
b1110 0
b110111011 2
b10 3
b110111100 7

#19916800
0!
0+

#19920000
1!
b11 %
1+
b11 /
b1111 0
b110111100 2
b11 3
b11111 6
b110111100 7

#19923200
0!
0+

#19926400
1!
b10 %
1+
b10 /
b0 0
b11111 1
b10 3
b11111 6
b110111101 7

#19929600
0!
0+

#19932800
1!
b1 %
1+
b1 /
b1 0
b110111101 2
b1 3
b110111110 7

#19936000
0!
0+

#19939200
1!
b10 %
1+
b10 /
b10 0
b110111110 2
b10 3
b110111111 7

#19942400
0!
0+

#19945600
1!
b1 %
1+
b1 /
b11 0
b110111111 2
b1 3
b111000000 7

#19948800
0!
0+

#19952000
1!
b10 %
1+
b10 /
b100 0
b111000000 2
b10 3
b111000001 7

#19955200
0!
0+

#19958400
1!
b1 %
1+
b1 /
b101 0
b111000001 2
b1 3
b111000010 7

#19961600
0!
0+

#19964800
1!
b10 %
1+
b10 /
b110 0
b111000010 2
b10 3
b111000011 7

#19968000
0!
0+

#19971200
1!
b1 %
1+
b1 /
b111 0
b111000011 2
b1 3
b111000100 7

#19974400
0!
0+

#19977600
1!
b10 %
1+
b10 /
b1000 0
b111000100 2
b10 3
b111000101 7

#19980800
0!
0+

#19984000
1!
b1 %
1+
b1 /
b1001 0
b111000101 2
b1 3
b111000110 7

#19987200
0!
0+

#19990400
1!
b10 %
1+
b10 /
b1010 0
b111000110 2
b10 3
b111000111 7

#19993600
0!
0+

#19996800
1!
b1 %
1+
b1 /
b1011 0
b111000111 2
b1 3
b111001000 7

#20000000
0!
0+

#20003200
1!
b10 %
1+
b10 /
b1100 0
b111001000 2
b10 3
b111001001 7

#20006400
0!
0+

#20009600
1!
b1 %
1+
b1 /
b1101 0
b111001001 2
b1 3
b111001010 7

#20012800
0!
0+

#20016000
1!
b11 %
1+
b11 /
b1110 0
b111001010 2
b11 3
b100000 6
b111001010 7

#20019200
0!
0+

#20022400
1!
b1 %
1+
b1 /
b0 0
b100000 1
b1 3
b100000 6
b111001011 7

#20025600
0!
0+

#20028800
1!
b10 %
1+
b10 /
b1 0
b111001011 2
b10 3
b111001100 7

#20032000
0!
0+

#20035200
1!
b1 %
1+
b1 /
b10 0
b111001100 2
b1 3
b111001101 7

#20038400
0!
0+

#20041600
1!
b10 %
1+
b10 /
b11 0
b111001101 2
b10 3
b111001110 7

#20044800
0!
0+

#20048000
1!
b1 %
1+
b1 /
b100 0
b111001110 2
b1 3
b111001111 7

#20051200
0!
0+

#20054400
1!
b10 %
1+
b10 /
b101 0
b111001111 2
b10 3
b111010000 7

#20057600
0!
0+

#20060800
1!
b1 %
1+
b1 /
b110 0
b111010000 2
b1 3
b111010001 7

#20064000
0!
0+

#20067200
1!
b10 %
1+
b10 /
b111 0
b111010001 2
b10 3
b111010010 7

#20070400
0!
0+

#20073600
1!
b1 %
1+
b1 /
b1000 0
b111010010 2
b1 3
b111010011 7

#20076800
0!
0+

#20080000
1!
b10 %
1+
b10 /
b1001 0
b111010011 2
b10 3
b111010100 7

#20083200
0!
0+

#20086400
1!
b1 %
1+
b1 /
b1010 0
b111010100 2
b1 3
b111010101 7

#20089600
0!
0+

#20092800
1!
b10 %
1+
b10 /
b1011 0
b111010101 2
b10 3
b111010110 7

#20096000
0!
0+

#20099200
1!
b1 %
1+
b1 /
b1100 0
b111010110 2
b1 3
b111010111 7

#20102400
0!
0+

#20105600
1!
b10 %
1+
b10 /
b1101 0
b111010111 2
b10 3
b111011000 7

#20108800
0!
0+

#20112000
1!
b1 %
1+
b1 /
b1110 0
b111011000 2
b1 3
b111011001 7

#20115200
0!
0+

#20118400
1!
b11 %
1+
b11 /
b1111 0
b111011001 2
b11 3
b100001 6
b111011001 7

#20121600
0!
0+

#20124800
1!
b1 %
1+
b1 /
b0 0
b100001 1
b1 3
b100001 6
b111011010 7

#20128000
0!
0+

#20131200
1!
b10 %
1+
b10 /
b1 0
b111011010 2
b10 3
b111011011 7

#20134400
0!
0+

#20137600
1!
b1 %
1+
b1 /
b10 0
b111011011 2
b1 3
b111011100 7

#20140800
0!
0+

#20144000
1!
b10 %
1+
b10 /
b11 0
b111011100 2
b10 3
b111011101 7

#20147200
0!
0+

#20150400
1!
b1 %
1+
b1 /
b100 0
b111011101 2
b1 3
b111011110 7

#20153600
0!
0+

#20156800
1!
b10 %
1+
b10 /
b101 0
b111011110 2
b10 3
b111011111 7

#20160000
0!
0+

#20163200
1!
b1 %
1+
b1 /
b110 0
b111011111 2
b1 3
b111100000 7

#20166400
0!
0+

#20169600
1!
b10 %
1+
b10 /
b111 0
b111100000 2
b10 3
b111100001 7

#20172800
0!
0+

#20176000
1!
b1 %
1+
b1 /
b1000 0
b111100001 2
b1 3
b111100010 7

#20179200
0!
0+

#20182400
1!
b10 %
1+
b10 /
b1001 0
b111100010 2
b10 3
b111100011 7

#20185600
0!
0+

#20188800
1!
b1 %
1+
b1 /
b1010 0
b111100011 2
b1 3
b111100100 7

#20192000
0!
0+

#20195200
1!
b10 %
1+
b10 /
b1011 0
b111100100 2
b10 3
b111100101 7

#20198400
0!
0+

#20201600
1!
b1 %
1+
b1 /
b1100 0
b111100101 2
b1 3
b111100110 7

#20204800
0!
0+

#20208000
1!
b10 %
1+
b10 /
b1101 0
b111100110 2
b10 3
b111100111 7

#20211200
0!
0+

#20214400
1!
b1 %
1+
b1 /
b1110 0
b111100111 2
b1 3
b111101000 7

#20217600
0!
0+

#20220800
1!
b11 %
1+
b11 /
b1111 0
b111101000 2
b11 3
b100010 6
b111101000 7

#20224000
0!
0+

#20227200
1!
b1 %
1+
b1 /
b0 0
b100010 1
b1 3
b100010 6
b111101001 7

#20230400
0!
0+

#20233600
1!
b10 %
1+
b10 /
b1 0
b111101001 2
b10 3
b111101010 7

#20236800
0!
0+

#20240000
1!
b1 %
1+
b1 /
b10 0
b111101010 2
b1 3
b111101011 7

#20243200
0!
0+

#20246400
1!
b10 %
1+
b10 /
b11 0
b111101011 2
b10 3
b111101100 7

#20249600
0!
0+

#20252800
1!
b1 %
1+
b1 /
b100 0
b111101100 2
b1 3
b111101101 7

#20256000
0!
0+

#20259200
1!
b10 %
1+
b10 /
b101 0
b111101101 2
b10 3
b111101110 7

#20262400
0!
0+

#20265600
1!
b1 %
1+
b1 /
b110 0
b111101110 2
b1 3
b111101111 7

#20268800
0!
0+

#20272000
1!
b10 %
1+
b10 /
b111 0
b111101111 2
b10 3
b111110000 7

#20275200
0!
0+

#20278400
1!
b1 %
1+
b1 /
b1000 0
b111110000 2
b1 3
b111110001 7

#20281600
0!
0+

#20284800
1!
b10 %
1+
b10 /
b1001 0
b111110001 2
b10 3
b111110010 7

#20288000
0!
0+

#20291200
1!
b1 %
1+
b1 /
b1010 0
b111110010 2
b1 3
b111110011 7

#20294400
0!
0+

#20297600
1!
b10 %
1+
b10 /
b1011 0
b111110011 2
b10 3
b111110100 7

#20300800
0!
0+

#20304000
1!
b1 %
1+
b1 /
b1100 0
b111110100 2
b1 3
b111110101 7

#20307200
0!
0+

#20310400
1!
b10 %
1+
b10 /
b1101 0
b111110101 2
b10 3
b111110110 7

#20313600
0!
0+

#20316800
1!
b1 %
1+
b1 /
b1110 0
b111110110 2
b1 3
b111110111 7

#20320000
0!
0+

#20323200
1!
b11 %
1+
b11 /
b1111 0
b111110111 2
b11 3
b100011 6
b111110111 7

#20326400
0!
0+

#20329600
1!
b1 %
1+
b1 /
b0 0
b100011 1
b1 3
b100011 6
b111111000 7

#20332800
0!
0+

#20336000
1!
b10 %
1+
b10 /
b1 0
b111111000 2
b10 3
b111111001 7

#20339200
0!
0+

#20342400
1!
b1 %
1+
b1 /
b10 0
b111111001 2
b1 3
b111111010 7

#20345600
0!
0+

#20348800
1!
b10 %
1+
b10 /
b11 0
b111111010 2
b10 3
b111111011 7

#20352000
0!
0+

#20355200
1!
b1 %
1+
b1 /
b100 0
b111111011 2
b1 3
b111111100 7

#20358400
0!
0+

#20361600
1!
b10 %
1+
b10 /
b101 0
b111111100 2
b10 3
b111111101 7

#20364800
0!
0+

#20368000
1!
b1 %
1+
b1 /
b110 0
b111111101 2
b1 3
b111111110 7

#20371200
0!
0+

#20374400
1!
b10 %
1+
b10 /
b111 0
b111111110 2
b10 3
b111111111 7

#20377600
0!
0+

#20380800
1!
b1 %
1+
b1 /
b1000 0
b111111111 2
b1 3
b1000000000 7

#20384000
0!
0+

#20387200
1!
b10 %
1+
b10 /
b1001 0
b1000000000 2
b10 3
b1000000001 7

#20390400
0!
0+

#20393600
1!
b1 %
1+
b1 /
b1010 0
b1000000001 2
b1 3
b1000000010 7

#20396800
0!
0+

#20400000
1!
b10 %
1+
b10 /
b1011 0
b1000000010 2
b10 3
b1000000011 7

#20403200
0!
0+

#20406400
1!
b1 %
1+
b1 /
b1100 0
b1000000011 2
b1 3
b1000000100 7

#20409600
0!
0+

#20412800
1!
b10 %
1+
b10 /
b1101 0
b1000000100 2
b10 3
b1000000101 7

#20416000
0!
0+

#20419200
1!
b11 %
1+
b11 /
b1110 0
b1000000101 2
b11 3
b100100 6
b1000000101 7

#20422400
0!
0+

#20425600
1!
b10 %
1+
b10 /
b0 0
b100100 1
b10 3
b100100 6
b1000000110 7

#20428800
0!
0+

#20432000
1!
b1 %
1+
b1 /
b1 0
b1000000110 2
b1 3
b1000000111 7

#20435200
0!
0+

#20438400
1!
b10 %
1+
b10 /
b10 0
b1000000111 2
b10 3
b1000001000 7

#20441600
0!
0+

#20444800
1!
b1 %
1+
b1 /
b11 0
b1000001000 2
b1 3
b1000001001 7

#20448000
0!
0+

#20451200
1!
b10 %
1+
b10 /
b100 0
b1000001001 2
b10 3
b1000001010 7

#20454400
0!
0+

#20457600
1!
b1 %
1+
b1 /
b101 0
b1000001010 2
b1 3
b1000001011 7

#20460800
0!
0+

#20464000
1!
b10 %
1+
b10 /
b110 0
b1000001011 2
b10 3
b1000001100 7

#20467200
0!
0+

#20470400
1!
b1 %
1+
b1 /
b111 0
b1000001100 2
b1 3
b1000001101 7

#20473600
0!
0+

#20476800
1!
b10 %
1+
b10 /
b1000 0
b1000001101 2
b10 3
b1000001110 7

#20480000
0!
0+

#20483200
1!
b1 %
1+
b1 /
b1001 0
b1000001110 2
b1 3
b1000001111 7

#20486400
0!
0+

#20489600
1!
b10 %
1+
b10 /
b1010 0
b1000001111 2
b10 3
b1000010000 7

#20492800
0!
0+

#20496000
1!
b1 %
1+
b1 /
b1011 0
b1000010000 2
b1 3
b1000010001 7

#20499200
0!
0+

#20502400
1!
b10 %
1+
b10 /
b1100 0
b1000010001 2
b10 3
b1000010010 7

#20505600
0!
0+

#20508800
1!
b1 %
1+
b1 /
b1101 0
b1000010010 2
b1 3
b1000010011 7

#20512000
0!
0+

#20515200
1!
b10 %
1+
b10 /
b1110 0
b1000010011 2
b10 3
b1000010100 7

#20518400
0!
0+

#20521600
1!
b11 %
1+
b11 /
b1111 0
b1000010100 2
b11 3
b100101 6
b1000010100 7

#20524800
0!
0+

#20528000
1!
b10 %
1+
b10 /
b0 0
b100101 1
b10 3
b100101 6
b1000010101 7

#20531200
0!
0+

#20534400
1!
b1 %
1+
b1 /
b1 0
b1000010101 2
b1 3
b1000010110 7

#20537600
0!
0+

#20540800
1!
b10 %
1+
b10 /
b10 0
b1000010110 2
b10 3
b1000010111 7

#20544000
0!
0+

#20547200
1!
b1 %
1+
b1 /
b11 0
b1000010111 2
b1 3
b1000011000 7

#20550400
0!
0+

#20553600
1!
b10 %
1+
b10 /
b100 0
b1000011000 2
b10 3
b1000011001 7

#20556800
0!
0+

#20560000
1!
b1 %
1+
b1 /
b101 0
b1000011001 2
b1 3
b1000011010 7

#20563200
0!
0+

#20566400
1!
b10 %
1+
b10 /
b110 0
b1000011010 2
b10 3
b1000011011 7

#20569600
0!
0+

#20572800
1!
b1 %
1+
b1 /
b111 0
b1000011011 2
b1 3
b1000011100 7

#20576000
0!
0+

#20579200
1!
b10 %
1+
b10 /
b1000 0
b1000011100 2
b10 3
b1000011101 7

#20582400
0!
0+

#20585600
1!
b1 %
1+
b1 /
b1001 0
b1000011101 2
b1 3
b1000011110 7

#20588800
0!
0+

#20592000
1!
b10 %
1+
b10 /
b1010 0
b1000011110 2
b10 3
b1000011111 7

#20595200
0!
0+

#20598400
1!
b1 %
1+
b1 /
b1011 0
b1000011111 2
b1 3
b1000100000 7

#20601600
0!
0+

#20604800
1!
b10 %
1+
b10 /
b1100 0
b1000100000 2
b10 3
b1000100001 7

#20608000
0!
0+

#20611200
1!
b1 %
1+
b1 /
b1101 0
b1000100001 2
b1 3
b1000100010 7

#20614400
0!
0+

#20617600
1!
b10 %
1+
b10 /
b1110 0
b1000100010 2
b10 3
b1000100011 7

#20620800
0!
0+

#20624000
1!
b11 %
1+
b11 /
b1111 0
b1000100011 2
b11 3
b100110 6
b1000100011 7

#20627200
0!
0+

#20630400
1!
b10 %
1+
b10 /
b0 0
b100110 1
b10 3
b100110 6
b1000100100 7

#20633600
0!
0+

#20636800
1!
b1 %
1+
b1 /
b1 0
b1000100100 2
b1 3
b1000100101 7

#20640000
0!
0+

#20643200
1!
b10 %
1+
b10 /
b10 0
b1000100101 2
b10 3
b1000100110 7

#20646400
0!
0+

#20649600
1!
b1 %
1+
b1 /
b11 0
b1000100110 2
b1 3
b1000100111 7

#20652800
0!
0+

#20656000
1!
b10 %
1+
b10 /
b100 0
b1000100111 2
b10 3
b1000101000 7

#20659200
0!
0+

#20662400
1!
b1 %
1+
b1 /
b101 0
b1000101000 2
b1 3
b1000101001 7

#20665600
0!
0+

#20668800
1!
b10 %
1+
b10 /
b110 0
b1000101001 2
b10 3
b1000101010 7

#20672000
0!
0+

#20675200
1!
b1 %
1+
b1 /
b111 0
b1000101010 2
b1 3
b1000101011 7

#20678400
0!
0+

#20681600
1!
b10 %
1+
b10 /
b1000 0
b1000101011 2
b10 3
b1000101100 7

#20684800
0!
0+

#20688000
1!
b1 %
1+
b1 /
b1001 0
b1000101100 2
b1 3
b1000101101 7

#20691200
0!
0+

#20694400
1!
b10 %
1+
b10 /
b1010 0
b1000101101 2
b10 3
b1000101110 7

#20697600
0!
0+

#20700800
1!
b1 %
1+
b1 /
b1011 0
b1000101110 2
b1 3
b1000101111 7

#20704000
0!
0+

#20707200
1!
b10 %
1+
b10 /
b1100 0
b1000101111 2
b10 3
b1000110000 7

#20710400
0!
0+

#20713600
1!
b1 %
1+
b1 /
b1101 0
b1000110000 2
b1 3
b1000110001 7

#20716800
0!
0+

#20720000
1!
b10 %
1+
b10 /
b1110 0
b1000110001 2
b10 3
b1000110010 7

#20723200
0!
0+

#20726400
1!
b11 %
1+
b11 /
b1111 0
b1000110010 2
b11 3
b100111 6
b1000110010 7

#20729600
0!
0+

#20732800
1!
b10 %
1+
b10 /
b0 0
b100111 1
b10 3
b100111 6
b1000110011 7

#20736000
0!
0+

#20739200
1!
b1 %
1+
b1 /
b1 0
b1000110011 2
b1 3
b1000110100 7

#20742400
0!
0+

#20745600
1!
b10 %
1+
b10 /
b10 0
b1000110100 2
b10 3
b1000110101 7

#20748800
0!
0+

#20752000
1!
b1 %
1+
b1 /
b11 0
b1000110101 2
b1 3
b1000110110 7

#20755200
0!
0+

#20758400
1!
b10 %
1+
b10 /
b100 0
b1000110110 2
b10 3
b1000110111 7

#20761600
0!
0+

#20764800
1!
b1 %
1+
b1 /
b101 0
b1000110111 2
b1 3
b1000111000 7

#20768000
0!
0+

#20771200
1!
b10 %
1+
b10 /
b110 0
b1000111000 2
b10 3
b1000111001 7

#20774400
0!
0+

#20777600
1!
b1 %
1+
b1 /
b111 0
b1000111001 2
b1 3
b1000111010 7

#20780800
0!
0+

#20784000
1!
b10 %
1+
b10 /
b1000 0
b1000111010 2
b10 3
b1000111011 7

#20787200
0!
0+

#20790400
1!
b1 %
1+
b1 /
b1001 0
b1000111011 2
b1 3
b1000111100 7

#20793600
0!
0+

#20796800
1!
b10 %
1+
b10 /
b1010 0
b1000111100 2
b10 3
b1000111101 7

#20800000
0!
0+

#20803200
1!
b1 %
1+
b1 /
b1011 0
b1000111101 2
b1 3
b1000111110 7

#20806400
0!
0+

#20809600
1!
b10 %
1+
b10 /
b1100 0
b1000111110 2
b10 3
b1000111111 7

#20812800
0!
0+

#20816000
1!
b1 %
1+
b1 /
b1101 0
b1000111111 2
b1 3
b1001000000 7

#20819200
0!
0+

#20822400
1!
b11 %
1+
b11 /
b1110 0
b1001000000 2
b11 3
b101000 6
b1001000000 7

#20825600
0!
0+

#20828800
1!
b1 %
1+
b1 /
b0 0
b101000 1
b1 3
b101000 6
b1001000001 7

#20832000
0!
0+

#20835200
1!
b10 %
1+
b10 /
b1 0
b1001000001 2
b10 3
b1001000010 7

#20838400
0!
0+

#20841600
1!
b1 %
1+
b1 /
b10 0
b1001000010 2
b1 3
b1001000011 7

#20844800
0!
0+

#20848000
1!
b10 %
1+
b10 /
b11 0
b1001000011 2
b10 3
b1001000100 7

#20851200
0!
0+

#20854400
1!
b1 %
1+
b1 /
b100 0
b1001000100 2
b1 3
b1001000101 7

#20857600
0!
0+

#20860800
1!
b10 %
1+
b10 /
b101 0
b1001000101 2
b10 3
b1001000110 7

#20864000
0!
0+

#20867200
1!
b1 %
1+
b1 /
b110 0
b1001000110 2
b1 3
b1001000111 7

#20870400
0!
0+

#20873600
1!
b10 %
1+
b10 /
b111 0
b1001000111 2
b10 3
b1001001000 7

#20876800
0!
0+

#20880000
1!
b1 %
1+
b1 /
b1000 0
b1001001000 2
b1 3
b1001001001 7

#20883200
0!
0+

#20886400
1!
b10 %
1+
b10 /
b1001 0
b1001001001 2
b10 3
b1001001010 7

#20889600
0!
0+

#20892800
1!
b1 %
1+
b1 /
b1010 0
b1001001010 2
b1 3
b1001001011 7

#20896000
0!
0+

#20899200
1!
b10 %
1+
b10 /
b1011 0
b1001001011 2
b10 3
b1001001100 7

#20902400
0!
0+

#20905600
1!
b1 %
1+
b1 /
b1100 0
b1001001100 2
b1 3
b1001001101 7

#20908800
0!
0+

#20912000
1!
b10 %
1+
b10 /
b1101 0
b1001001101 2
b10 3
b1001001110 7

#20915200
0!
0+

#20918400
1!
b1 %
1+
b1 /
b1110 0
b1001001110 2
b1 3
b1001001111 7

#20921600
0!
0+

#20924800
1!
b11 %
1+
b11 /
b1111 0
b1001001111 2
b11 3
b101001 6
b1001001111 7

#20928000
0!
0+

#20931200
1!
b1 %
1+
b1 /
b0 0
b101001 1
b1 3
b101001 6
b1001010000 7

#20934400
0!
0+

#20937600
1!
b10 %
1+
b10 /
b1 0
b1001010000 2
b10 3
b1001010001 7

#20940800
0!
0+

#20944000
1!
b1 %
1+
b1 /
b10 0
b1001010001 2
b1 3
b1001010010 7

#20947200
0!
0+

#20950400
1!
b10 %
1+
b10 /
b11 0
b1001010010 2
b10 3
b1001010011 7

#20953600
0!
0+

#20956800
1!
b1 %
1+
b1 /
b100 0
b1001010011 2
b1 3
b1001010100 7

#20960000
0!
0+

#20963200
1!
b10 %
1+
b10 /
b101 0
b1001010100 2
b10 3
b1001010101 7

#20966400
0!
0+

#20969600
1!
b1 %
1+
b1 /
b110 0
b1001010101 2
b1 3
b1001010110 7

#20972800
0!
0+

#20976000
1!
b10 %
1+
b10 /
b111 0
b1001010110 2
b10 3
b1001010111 7

#20979200
0!
0+

#20982400
1!
b1 %
1+
b1 /
b1000 0
b1001010111 2
b1 3
b1001011000 7

#20985600
0!
0+

#20988800
1!
b10 %
1+
b10 /
b1001 0
b1001011000 2
b10 3
b1001011001 7

#20992000
0!
0+

#20995200
1!
b1 %
1+
b1 /
b1010 0
b1001011001 2
b1 3
b1001011010 7

#20998400
0!
0+

#21001600
1!
b10 %
1+
b10 /
b1011 0
b1001011010 2
b10 3
b1001011011 7

#21004800
0!
0+

#21008000
1!
b1 %
1+
b1 /
b1100 0
b1001011011 2
b1 3
b1001011100 7

#21011200
0!
0+

#21014400
1!
b10 %
1+
b10 /
b1101 0
b1001011100 2
b10 3
b1001011101 7

#21017600
0!
0+

#21020800
1!
b1 %
1+
b1 /
b1110 0
b1001011101 2
b1 3
b1001011110 7

#21024000
0!
0+

#21027200
1!
b11 %
1+
b11 /
b1111 0
b1001011110 2
b11 3
b101010 6
b1001011110 7

#21030400
0!
0+

#21033600
1!
b1 %
1+
b1 /
b0 0
b101010 1
b1 3
b101010 6
b1001011111 7

#21036800
0!
0+

#21040000
1!
b10 %
1+
b10 /
b1 0
b1001011111 2
b10 3
b1001100000 7

#21043200
0!
0+

#21046400
1!
b1 %
1+
b1 /
b10 0
b1001100000 2
b1 3
b1001100001 7

#21049600
0!
0+

#21052800
1!
b10 %
1+
b10 /
b11 0
b1001100001 2
b10 3
b1001100010 7

#21056000
0!
0+

#21059200
1!
b1 %
1+
b1 /
b100 0
b1001100010 2
b1 3
b1001100011 7

#21062400
0!
0+

#21065600
1!
b10 %
1+
b10 /
b101 0
b1001100011 2
b10 3
b1001100100 7

#21068800
0!
0+

#21072000
1!
b1 %
1+
b1 /
b110 0
b1001100100 2
b1 3
b1001100101 7

#21075200
0!
0+

#21078400
1!
b10 %
1+
b10 /
b111 0
b1001100101 2
b10 3
b1001100110 7

#21081600
0!
0+

#21084800
1!
b1 %
1+
b1 /
b1000 0
b1001100110 2
b1 3
b1001100111 7

#21088000
0!
0+

#21091200
1!
b10 %
1+
b10 /
b1001 0
b1001100111 2
b10 3
b1001101000 7

#21094400
0!
0+

#21097600
1!
b1 %
1+
b1 /
b1010 0
b1001101000 2
b1 3
b1001101001 7

#21100800
0!
0+

#21104000
1!
b10 %
1+
b10 /
b1011 0
b1001101001 2
b10 3
b1001101010 7

#21107200
0!
0+

#21110400
1!
b1 %
1+
b1 /
b1100 0
b1001101010 2
b1 3
b1001101011 7

#21113600
0!
0+

#21116800
1!
b10 %
1+
b10 /
b1101 0
b1001101011 2
b10 3
b1001101100 7

#21120000
0!
0+

#21123200
1!
b1 %
1+
b1 /
b1110 0
b1001101100 2
b1 3
b1001101101 7

#21126400
0!
0+

#21129600
1!
b11 %
1+
b11 /
b1111 0
b1001101101 2
b11 3
b101011 6
b1001101101 7

#21132800
0!
0+

#21136000
1!
b1 %
1+
b1 /
b0 0
b101011 1
b1 3
b101011 6
b1001101110 7

#21139200
0!
0+

#21142400
1!
b10 %
1+
b10 /
b1 0
b1001101110 2
b10 3
b1001101111 7

#21145600
0!
0+

#21148800
1!
b1 %
1+
b1 /
b10 0
b1001101111 2
b1 3
b1001110000 7

#21152000
0!
0+

#21155200
1!
b10 %
1+
b10 /
b11 0
b1001110000 2
b10 3
b1001110001 7

#21158400
0!
0+

#21161600
1!
b1 %
1+
b1 /
b100 0
b1001110001 2
b1 3
b1001110010 7

#21164800
0!
0+

#21168000
1!
b10 %
1+
b10 /
b101 0
b1001110010 2
b10 3
b1001110011 7

#21171200
0!
0+

#21174400
1!
b1 %
1+
b1 /
b110 0
b1001110011 2
b1 3
b1001110100 7

#21177600
0!
0+

#21180800
1!
b10 %
1+
b10 /
b111 0
b1001110100 2
b10 3
b1001110101 7

#21184000
0!
0+

#21187200
1!
b1 %
1+
b1 /
b1000 0
b1001110101 2
b1 3
b1001110110 7

#21190400
0!
0+

#21193600
1!
b10 %
1+
b10 /
b1001 0
b1001110110 2
b10 3
b1001110111 7

#21196800
0!
0+

#21200000
1!
b1 %
1+
b1 /
b1010 0
b1001110111 2
b1 3
b1001111000 7

#21203200
0!
0+

#21206400
1!
b10 %
1+
b10 /
b1011 0
b1001111000 2
b10 3
b1001111001 7

#21209600
0!
0+

#21212800
1!
b1 %
1+
b1 /
b1100 0
b1001111001 2
b1 3
b1001111010 7

#21216000
0!
0+

#21219200
1!
b10 %
1+
b10 /
b1101 0
b1001111010 2
b10 3
b1001111011 7

#21222400
0!
0+

#21225600
1!
b11 %
1+
b11 /
b1110 0
b1001111011 2
b11 3
b101100 6
b1001111011 7

#21228800
0!
0+

#21232000
1!
b10 %
1+
b10 /
b0 0
b101100 1
b10 3
b101100 6
b1001111100 7

#21235200
0!
0+

#21238400
1!
b1 %
1+
b1 /
b1 0
b1001111100 2
b1 3
b1001111101 7

#21241600
0!
0+

#21244800
1!
b10 %
1+
b10 /
b10 0
b1001111101 2
b10 3
b1001111110 7

#21248000
0!
0+

#21251200
1!
b1 %
1+
b1 /
b11 0
b1001111110 2
b1 3
b1001111111 7

#21254400
0!
0+

#21257600
1!
b10 %
1+
b10 /
b100 0
b1001111111 2
b10 3
b1010000000 7

#21260800
0!
0+

#21264000
1!
b1 %
1+
b1 /
b101 0
b1010000000 2
b1 3
b1010000001 7

#21267200
0!
0+

#21270400
1!
b10 %
1+
b10 /
b110 0
b1010000001 2
b10 3
b1010000010 7

#21273600
0!
0+

#21276800
1!
b1 %
1+
b1 /
b111 0
b1010000010 2
b1 3
b1010000011 7

#21280000
0!
0+

#21283200
1!
b10 %
1+
b10 /
b1000 0
b1010000011 2
b10 3
b1010000100 7

#21286400
0!
0+

#21289600
1!
b1 %
1+
b1 /
b1001 0
b1010000100 2
b1 3
b1010000101 7

#21292800
0!
0+

#21296000
1!
b10 %
1+
b10 /
b1010 0
b1010000101 2
b10 3
b1010000110 7

#21299200
0!
0+

#21302400
1!
b1 %
1+
b1 /
b1011 0
b1010000110 2
b1 3
b1010000111 7

#21305600
0!
0+

#21308800
1!
b10 %
1+
b10 /
b1100 0
b1010000111 2
b10 3
b1010001000 7

#21312000
0!
0+

#21315200
1!
b1 %
1+
b1 /
b1101 0
b1010001000 2
b1 3
b1010001001 7

#21318400
0!
0+

#21321600
1!
b10 %
1+
b10 /
b1110 0
b1010001001 2
b10 3
b1010001010 7

#21324800
0!
0+

#21328000
1!
b11 %
1+
b11 /
b1111 0
b1010001010 2
b11 3
b101101 6
b1010001010 7

#21331200
0!
0+

#21334400
1!
b10 %
1+
b10 /
b0 0
b101101 1
b10 3
b101101 6
b1010001011 7

#21337600
0!
0+

#21340800
1!
b1 %
1+
b1 /
b1 0
b1010001011 2
b1 3
b1010001100 7

#21344000
0!
0+

#21347200
1!
b10 %
1+
b10 /
b10 0
b1010001100 2
b10 3
b1010001101 7

#21350400
0!
0+

#21353600
1!
b1 %
1+
b1 /
b11 0
b1010001101 2
b1 3
b1010001110 7

#21356800
0!
0+

#21360000
1!
b10 %
1+
b10 /
b100 0
b1010001110 2
b10 3
b1010001111 7

#21363200
0!
0+

#21366400
1!
b1 %
1+
b1 /
b101 0
b1010001111 2
b1 3
b1010010000 7

#21369600
0!
0+

#21372800
1!
b10 %
1+
b10 /
b110 0
b1010010000 2
b10 3
b1010010001 7

#21376000
0!
0+

#21379200
1!
b1 %
1+
b1 /
b111 0
b1010010001 2
b1 3
b1010010010 7

#21382400
0!
0+

#21385600
1!
b10 %
1+
b10 /
b1000 0
b1010010010 2
b10 3
b1010010011 7

#21388800
0!
0+

#21392000
1!
b1 %
1+
b1 /
b1001 0
b1010010011 2
b1 3
b1010010100 7

#21395200
0!
0+

#21398400
1!
b10 %
1+
b10 /
b1010 0
b1010010100 2
b10 3
b1010010101 7

#21401600
0!
0+

#21404800
1!
b1 %
1+
b1 /
b1011 0
b1010010101 2
b1 3
b1010010110 7

#21408000
0!
0+

#21411200
1!
b10 %
1+
b10 /
b1100 0
b1010010110 2
b10 3
b1010010111 7

#21414400
0!
0+

#21417600
1!
b1 %
1+
b1 /
b1101 0
b1010010111 2
b1 3
b1010011000 7

#21420800
0!
0+

#21424000
1!
b10 %
1+
b10 /
b1110 0
b1010011000 2
b10 3
b1010011001 7

#21427200
0!
0+

#21430400
1!
b11 %
1+
b11 /
b1111 0
b1010011001 2
b11 3
b101110 6
b1010011001 7

#21433600
0!
0+

#21436800
1!
b10 %
1+
b10 /
b0 0
b101110 1
b10 3
b101110 6
b1010011010 7

#21440000
0!
0+

#21443200
1!
b1 %
1+
b1 /
b1 0
b1010011010 2
b1 3
b1010011011 7

#21446400
0!
0+

#21449600
1!
b10 %
1+
b10 /
b10 0
b1010011011 2
b10 3
b1010011100 7

#21452800
0!
0+

#21456000
1!
b1 %
1+
b1 /
b11 0
b1010011100 2
b1 3
b1010011101 7

#21459200
0!
0+

#21462400
1!
b10 %
1+
b10 /
b100 0
b1010011101 2
b10 3
b1010011110 7

#21465600
0!
0+

#21468800
1!
b1 %
1+
b1 /
b101 0
b1010011110 2
b1 3
b1010011111 7

#21472000
0!
0+

#21475200
1!
b10 %
1+
b10 /
b110 0
b1010011111 2
b10 3
b1010100000 7

#21478400
0!
0+

#21481600
1!
b1 %
1+
b1 /
b111 0
b1010100000 2
b1 3
b1010100001 7

#21484800
0!
0+

#21488000
1!
b10 %
1+
b10 /
b1000 0
b1010100001 2
b10 3
b1010100010 7

#21491200
0!
0+

#21494400
1!
b1 %
1+
b1 /
b1001 0
b1010100010 2
b1 3
b1010100011 7

#21497600
0!
0+

#21500800
1!
b10 %
1+
b10 /
b1010 0
b1010100011 2
b10 3
b1010100100 7

#21504000
0!
0+

#21507200
1!
b1 %
1+
b1 /
b1011 0
b1010100100 2
b1 3
b1010100101 7

#21510400
0!
0+

#21513600
1!
b10 %
1+
b10 /
b1100 0
b1010100101 2
b10 3
b1010100110 7

#21516800
0!
0+

#21520000
1!
b1 %
1+
b1 /
b1101 0
b1010100110 2
b1 3
b1010100111 7

#21523200
0!
0+

#21526400
1!
b10 %
1+
b10 /
b1110 0
b1010100111 2
b10 3
b1010101000 7

#21529600
0!
0+

#21532800
1!
b11 %
1+
b11 /
b1111 0
b1010101000 2
b11 3
b101111 6
b1010101000 7

#21536000
0!
0+

#21539200
1!
b10 %
1+
b10 /
b0 0
b101111 1
b10 3
b101111 6
b1010101001 7

#21542400
0!
0+

#21545600
1!
b1 %
1+
b1 /
b1 0
b1010101001 2
b1 3
b1010101010 7

#21548800
0!
0+

#21552000
1!
b10 %
1+
b10 /
b10 0
b1010101010 2
b10 3
b1010101011 7

#21555200
0!
0+

#21558400
1!
b1 %
1+
b1 /
b11 0
b1010101011 2
b1 3
b1010101100 7

#21561600
0!
0+

#21564800
1!
b10 %
1+
b10 /
b100 0
b1010101100 2
b10 3
b1010101101 7

#21568000
0!
0+

#21571200
1!
b1 %
1+
b1 /
b101 0
b1010101101 2
b1 3
b1010101110 7

#21574400
0!
0+

#21577600
1!
b10 %
1+
b10 /
b110 0
b1010101110 2
b10 3
b1010101111 7

#21580800
0!
0+

#21584000
1!
b1 %
1+
b1 /
b111 0
b1010101111 2
b1 3
b1010110000 7

#21587200
0!
0+

#21590400
1!
b10 %
1+
b10 /
b1000 0
b1010110000 2
b10 3
b1010110001 7

#21593600
0!
0+

#21596800
1!
b1 %
1+
b1 /
b1001 0
b1010110001 2
b1 3
b1010110010 7

#21600000
0!
0+

#21603200
1!
b10 %
1+
b10 /
b1010 0
b1010110010 2
b10 3
b1010110011 7

#21606400
0!
0+

#21609600
1!
b1 %
1+
b1 /
b1011 0
b1010110011 2
b1 3
b1010110100 7

#21612800
0!
0+

#21616000
1!
b10 %
1+
b10 /
b1100 0
b1010110100 2
b10 3
b1010110101 7

#21619200
0!
0+

#21622400
1!
b1 %
1+
b1 /
b1101 0
b1010110101 2
b1 3
b1010110110 7

#21625600
0!
0+

#21628800
1!
b11 %
1+
b11 /
b1110 0
b1010110110 2
b11 3
b110000 6
b1010110110 7

#21632000
0!
0+

#21635200
1!
b1 %
1+
b1 /
b0 0
b110000 1
b1 3
b110000 6
b1010110111 7

#21638400
0!
0+

#21641600
1!
b10 %
1+
b10 /
b1 0
b1010110111 2
b10 3
b1010111000 7

#21644800
0!
0+

#21648000
1!
b1 %
1+
b1 /
b10 0
b1010111000 2
b1 3
b1010111001 7

#21651200
0!
0+

#21654400
1!
b10 %
1+
b10 /
b11 0
b1010111001 2
b10 3
b1010111010 7

#21657600
0!
0+

#21660800
1!
b1 %
1+
b1 /
b100 0
b1010111010 2
b1 3
b1010111011 7

#21664000
0!
0+

#21667200
1!
b10 %
1+
b10 /
b101 0
b1010111011 2
b10 3
b1010111100 7

#21670400
0!
0+

#21673600
1!
b1 %
1+
b1 /
b110 0
b1010111100 2
b1 3
b1010111101 7

#21676800
0!
0+

#21680000
1!
b10 %
1+
b10 /
b111 0
b1010111101 2
b10 3
b1010111110 7

#21683200
0!
0+

#21686400
1!
b1 %
1+
b1 /
b1000 0
b1010111110 2
b1 3
b1010111111 7

#21689600
0!
0+

#21692800
1!
b10 %
1+
b10 /
b1001 0
b1010111111 2
b10 3
b1011000000 7

#21696000
0!
0+

#21699200
1!
b1 %
1+
b1 /
b1010 0
b1011000000 2
b1 3
b1011000001 7

#21702400
0!
0+

#21705600
1!
b10 %
1+
b10 /
b1011 0
b1011000001 2
b10 3
b1011000010 7

#21708800
0!
0+

#21712000
1!
b1 %
1+
b1 /
b1100 0
b1011000010 2
b1 3
b1011000011 7

#21715200
0!
0+

#21718400
1!
b10 %
1+
b10 /
b1101 0
b1011000011 2
b10 3
b1011000100 7

#21721600
0!
0+

#21724800
1!
b1 %
1+
b1 /
b1110 0
b1011000100 2
b1 3
b1011000101 7

#21728000
0!
0+

#21731200
1!
b11 %
1+
b11 /
b1111 0
b1011000101 2
b11 3
b110001 6
b1011000101 7

#21734400
0!
0+

#21737600
1!
b1 %
1+
b1 /
b0 0
b110001 1
b1 3
b110001 6
b1011000110 7

#21740800
0!
0+

#21744000
1!
b10 %
1+
b10 /
b1 0
b1011000110 2
b10 3
b1011000111 7

#21747200
0!
0+

#21750400
1!
b1 %
1+
b1 /
b10 0
b1011000111 2
b1 3
b1011001000 7

#21753600
0!
0+

#21756800
1!
b10 %
1+
b10 /
b11 0
b1011001000 2
b10 3
b1011001001 7

#21760000
0!
0+

#21763200
1!
b1 %
1+
b1 /
b100 0
b1011001001 2
b1 3
b1011001010 7

#21766400
0!
0+

#21769600
1!
b10 %
1+
b10 /
b101 0
b1011001010 2
b10 3
b1011001011 7

#21772800
0!
0+

#21776000
1!
b1 %
1+
b1 /
b110 0
b1011001011 2
b1 3
b1011001100 7

#21779200
0!
0+

#21782400
1!
b10 %
1+
b10 /
b111 0
b1011001100 2
b10 3
b1011001101 7

#21785600
0!
0+

#21788800
1!
b1 %
1+
b1 /
b1000 0
b1011001101 2
b1 3
b1011001110 7

#21792000
0!
0+

#21795200
1!
b10 %
1+
b10 /
b1001 0
b1011001110 2
b10 3
b1011001111 7

#21798400
0!
0+

#21801600
1!
b1 %
1+
b1 /
b1010 0
b1011001111 2
b1 3
b1011010000 7

#21804800
0!
0+

#21808000
1!
b10 %
1+
b10 /
b1011 0
b1011010000 2
b10 3
b1011010001 7

#21811200
0!
0+

#21814400
1!
b1 %
1+
b1 /
b1100 0
b1011010001 2
b1 3
b1011010010 7

#21817600
0!
0+

#21820800
1!
b10 %
1+
b10 /
b1101 0
b1011010010 2
b10 3
b1011010011 7

#21824000
0!
0+

#21827200
1!
b1 %
1+
b1 /
b1110 0
b1011010011 2
b1 3
b1011010100 7

#21830400
0!
0+

#21833600
1!
b11 %
1+
b11 /
b1111 0
b1011010100 2
b11 3
b110010 6
b1011010100 7

#21836800
0!
0+

#21840000
1!
b1 %
1+
b1 /
b0 0
b110010 1
b1 3
b110010 6
b1011010101 7

#21843200
0!
0+

#21846400
1!
b10 %
1+
b10 /
b1 0
b1011010101 2
b10 3
b1011010110 7

#21849600
0!
0+

#21852800
1!
b1 %
1+
b1 /
b10 0
b1011010110 2
b1 3
b1011010111 7

#21856000
0!
0+

#21859200
1!
b10 %
1+
b10 /
b11 0
b1011010111 2
b10 3
b1011011000 7

#21862400
0!
0+

#21865600
1!
b1 %
1+
b1 /
b100 0
b1011011000 2
b1 3
b1011011001 7

#21868800
0!
0+

#21872000
1!
b10 %
1+
b10 /
b101 0
b1011011001 2
b10 3
b1011011010 7

#21875200
0!
0+

#21878400
1!
b1 %
1+
b1 /
b110 0
b1011011010 2
b1 3
b1011011011 7

#21881600
0!
0+

#21884800
1!
b10 %
1+
b10 /
b111 0
b1011011011 2
b10 3
b1011011100 7

#21888000
0!
0+

#21891200
1!
b1 %
1+
b1 /
b1000 0
b1011011100 2
b1 3
b1011011101 7

#21894400
0!
0+

#21897600
1!
b10 %
1+
b10 /
b1001 0
b1011011101 2
b10 3
b1011011110 7

#21900800
0!
0+

#21904000
1!
b1 %
1+
b1 /
b1010 0
b1011011110 2
b1 3
b1011011111 7

#21907200
0!
0+

#21910400
1!
b10 %
1+
b10 /
b1011 0
b1011011111 2
b10 3
b1011100000 7

#21913600
0!
0+

#21916800
1!
b1 %
1+
b1 /
b1100 0
b1011100000 2
b1 3
b1011100001 7

#21920000
0!
0+

#21923200
1!
b10 %
1+
b10 /
b1101 0
b1011100001 2
b10 3
b1011100010 7

#21926400
0!
0+

#21929600
1!
b1 %
1+
b1 /
b1110 0
b1011100010 2
b1 3
b1011100011 7

#21932800
0!
0+

#21936000
1!
b11 %
1+
b11 /
b1111 0
b1011100011 2
b11 3
b110011 6
b1011100011 7

#21939200
0!
0+

#21942400
1!
b1 %
1+
b1 /
b0 0
b110011 1
b1 3
b110011 6
b1011100100 7

#21945600
0!
0+

#21948800
1!
b10 %
1+
b10 /
b1 0
b1011100100 2
b10 3
b1011100101 7

#21952000
0!
0+

#21955200
1!
b1 %
1+
b1 /
b10 0
b1011100101 2
b1 3
b1011100110 7

#21958400
0!
0+

#21961600
1!
b10 %
1+
b10 /
b11 0
b1011100110 2
b10 3
b1011100111 7

#21964800
0!
0+

#21968000
1!
b1 %
1+
b1 /
b100 0
b1011100111 2
b1 3
b1011101000 7

#21971200
0!
0+

#21974400
1!
b10 %
1+
b10 /
b101 0
b1011101000 2
b10 3
b1011101001 7

#21977600
0!
0+

#21980800
1!
b1 %
1+
b1 /
b110 0
b1011101001 2
b1 3
b1011101010 7

#21984000
0!
0+

#21987200
1!
b10 %
1+
b10 /
b111 0
b1011101010 2
b10 3
b1011101011 7

#21990400
0!
0+

#21993600
1!
b1 %
1+
b1 /
b1000 0
b1011101011 2
b1 3
b1011101100 7

#21996800
0!
0+

#22000000
1!
b10 %
1+
b10 /
b1001 0
b1011101100 2
b10 3
b1011101101 7

#22003200
0!
0+

#22006400
1!
b1 %
1+
b1 /
b1010 0
b1011101101 2
b1 3
b1011101110 7

#22009600
0!
0+

#22012800
1!
b10 %
1+
b10 /
b1011 0
b1011101110 2
b10 3
b1011101111 7

#22016000
0!
0+

#22019200
1!
b1 %
1+
b1 /
b1100 0
b1011101111 2
b1 3
b1011110000 7

#22022400
0!
0+

#22025600
1!
b10 %
1+
b10 /
b1101 0
b1011110000 2
b10 3
b1011110001 7

#22028800
0!
0+

#22032000
1!
b11 %
1+
b11 /
b1110 0
b1011110001 2
b11 3
b110100 6
b1011110001 7

#22035200
0!
0+

#22038400
1!
b10 %
1+
b10 /
b0 0
b110100 1
b10 3
b110100 6
b1011110010 7

#22041600
0!
0+

#22044800
1!
b1 %
1+
b1 /
b1 0
b1011110010 2
b1 3
b1011110011 7

#22048000
0!
0+

#22051200
1!
b10 %
1+
b10 /
b10 0
b1011110011 2
b10 3
b1011110100 7

#22054400
0!
0+

#22057600
1!
b1 %
1+
b1 /
b11 0
b1011110100 2
b1 3
b1011110101 7

#22060800
0!
0+

#22064000
1!
b10 %
1+
b10 /
b100 0
b1011110101 2
b10 3
b1011110110 7

#22067200
0!
0+

#22070400
1!
b1 %
1+
b1 /
b101 0
b1011110110 2
b1 3
b1011110111 7

#22073600
0!
0+

#22076800
1!
b10 %
1+
b10 /
b110 0
b1011110111 2
b10 3
b1011111000 7

#22080000
0!
0+

#22083200
1!
b1 %
1+
b1 /
b111 0
b1011111000 2
b1 3
b1011111001 7

#22086400
0!
0+

#22089600
1!
b10 %
1+
b10 /
b1000 0
b1011111001 2
b10 3
b1011111010 7

#22092800
0!
0+

#22096000
1!
b1 %
1+
b1 /
b1001 0
b1011111010 2
b1 3
b1011111011 7

#22099200
0!
0+

#22102400
1!
b10 %
1+
b10 /
b1010 0
b1011111011 2
b10 3
b1011111100 7

#22105600
0!
0+

#22108800
1!
b1 %
1+
b1 /
b1011 0
b1011111100 2
b1 3
b1011111101 7

#22112000
0!
0+

#22115200
1!
b10 %
1+
b10 /
b1100 0
b1011111101 2
b10 3
b1011111110 7

#22118400
0!
0+

#22121600
1!
b1 %
1+
b1 /
b1101 0
b1011111110 2
b1 3
b1011111111 7

#22124800
0!
0+

#22128000
1!
b10 %
1+
b10 /
b1110 0
b1011111111 2
b10 3
b1100000000 7

#22131200
0!
0+

#22134400
1!
b11 %
1+
b11 /
b1111 0
b1100000000 2
b11 3
b110101 6
b1100000000 7

#22137600
0!
0+

#22140800
1!
b10 %
1+
b10 /
b0 0
b110101 1
b10 3
b110101 6
b1100000001 7

#22144000
0!
0+

#22147200
1!
b1 %
1+
b1 /
b1 0
b1100000001 2
b1 3
b1100000010 7

#22150400
0!
0+

#22153600
1!
b10 %
1+
b10 /
b10 0
b1100000010 2
b10 3
b1100000011 7

#22156800
0!
0+

#22160000
1!
b1 %
1+
b1 /
b11 0
b1100000011 2
b1 3
b1100000100 7

#22163200
0!
0+

#22166400
1!
b10 %
1+
b10 /
b100 0
b1100000100 2
b10 3
b1100000101 7

#22169600
0!
0+

#22172800
1!
b1 %
1+
b1 /
b101 0
b1100000101 2
b1 3
b1100000110 7

#22176000
0!
0+

#22179200
1!
b10 %
1+
b10 /
b110 0
b1100000110 2
b10 3
b1100000111 7

#22182400
0!
0+

#22185600
1!
b1 %
1+
b1 /
b111 0
b1100000111 2
b1 3
b1100001000 7

#22188800
0!
0+

#22192000
1!
b10 %
1+
b10 /
b1000 0
b1100001000 2
b10 3
b1100001001 7

#22195200
0!
0+

#22198400
1!
b1 %
1+
b1 /
b1001 0
b1100001001 2
b1 3
b1100001010 7

#22201600
0!
0+

#22204800
1!
b10 %
1+
b10 /
b1010 0
b1100001010 2
b10 3
b1100001011 7

#22208000
0!
0+

#22211200
1!
b1 %
1+
b1 /
b1011 0
b1100001011 2
b1 3
b1100001100 7

#22214400
0!
0+

#22217600
1!
b10 %
1+
b10 /
b1100 0
b1100001100 2
b10 3
b1100001101 7

#22220800
0!
0+

#22224000
1!
b1 %
1+
b1 /
b1101 0
b1100001101 2
b1 3
b1100001110 7

#22227200
0!
0+

#22230400
1!
b10 %
1+
b10 /
b1110 0
b1100001110 2
b10 3
b1100001111 7

#22233600
0!
0+

#22236800
1!
b11 %
1+
b11 /
b1111 0
b1100001111 2
b11 3
b110110 6
b1100001111 7

#22240000
0!
0+

#22243200
1!
b10 %
1+
b10 /
b0 0
b110110 1
b10 3
b110110 6
b1100010000 7

#22246400
0!
0+

#22249600
1!
b1 %
1+
b1 /
b1 0
b1100010000 2
b1 3
b1100010001 7

#22252800
0!
0+

#22256000
1!
b10 %
1+
b10 /
b10 0
b1100010001 2
b10 3
b1100010010 7

#22259200
0!
0+

#22262400
1!
b1 %
1+
b1 /
b11 0
b1100010010 2
b1 3
b1100010011 7

#22265600
0!
0+

#22268800
1!
b10 %
1+
b10 /
b100 0
b1100010011 2
b10 3
b1100010100 7

#22272000
0!
0+

#22275200
1!
b1 %
1+
b1 /
b101 0
b1100010100 2
b1 3
b1100010101 7

#22278400
0!
0+

#22281600
1!
b10 %
1+
b10 /
b110 0
b1100010101 2
b10 3
b1100010110 7

#22284800
0!
0+

#22288000
1!
b1 %
1+
b1 /
b111 0
b1100010110 2
b1 3
b1100010111 7

#22291200
0!
0+

#22294400
1!
b10 %
1+
b10 /
b1000 0
b1100010111 2
b10 3
b1100011000 7

#22297600
0!
0+

#22300800
1!
b1 %
1+
b1 /
b1001 0
b1100011000 2
b1 3
b1100011001 7

#22304000
0!
0+

#22307200
1!
b10 %
1+
b10 /
b1010 0
b1100011001 2
b10 3
b1100011010 7

#22310400
0!
0+

#22313600
1!
b1 %
1+
b1 /
b1011 0
b1100011010 2
b1 3
b1100011011 7

#22316800
0!
0+

#22320000
1!
b10 %
1+
b10 /
b1100 0
b1100011011 2
b10 3
b1100011100 7

#22323200
0!
0+

#22326400
1!
b1 %
1+
b1 /
b1101 0
b1100011100 2
b1 3
b1100011101 7

#22329600
0!
0+

#22332800
1!
b10 %
1+
b10 /
b1110 0
b1100011101 2
b10 3
b1100011110 7

#22336000
0!
0+

#22339200
1!
b11 %
1+
b11 /
b1111 0
b1100011110 2
b11 3
b110111 6
b1100011110 7

#22342400
0!
0+

#22345600
1!
b10 %
1+
b10 /
b0 0
b110111 1
b10 3
b110111 6
b1100011111 7

#22348800
0!
0+

#22352000
1!
b1 %
1+
b1 /
b1 0
b1100011111 2
b1 3
b1100100000 7

#22355200
0!
0+

#22358400
1!
b10 %
1+
b10 /
b10 0
b1100100000 2
b10 3
b1100100001 7

#22361600
0!
0+

#22364800
1!
b1 %
1+
b1 /
b11 0
b1100100001 2
b1 3
b1100100010 7

#22368000
0!
0+

#22371200
1!
b10 %
1+
b10 /
b100 0
b1100100010 2
b10 3
b1100100011 7

#22374400
0!
0+

#22377600
1!
b1 %
1+
b1 /
b101 0
b1100100011 2
b1 3
b1100100100 7

#22380800
0!
0+

#22384000
1!
b10 %
1+
b10 /
b110 0
b1100100100 2
b10 3
b1100100101 7

#22387200
0!
0+

#22390400
1!
b1 %
1+
b1 /
b111 0
b1100100101 2
b1 3
b1100100110 7

#22393600
0!
0+

#22396800
1!
b10 %
1+
b10 /
b1000 0
b1100100110 2
b10 3
b1100100111 7

#22400000
0!
0+

#22403200
1!
b1 %
1+
b1 /
b1001 0
b1100100111 2
b1 3
b1100101000 7

#22406400
0!
0+

#22409600
1!
b10 %
1+
b10 /
b1010 0
b1100101000 2
b10 3
b1100101001 7

#22412800
0!
0+

#22416000
1!
b1 %
1+
b1 /
b1011 0
b1100101001 2
b1 3
b1100101010 7

#22419200
0!
0+

#22422400
1!
b10 %
1+
b10 /
b1100 0
b1100101010 2
b10 3
b1100101011 7

#22425600
0!
0+

#22428800
1!
b1 %
1+
b1 /
b1101 0
b1100101011 2
b1 3
b1100101100 7

#22432000
0!
0+

#22435200
1!
b11 %
1+
b11 /
b1110 0
b1100101100 2
b11 3
b111000 6
b1100101100 7

#22438400
0!
0+

#22441600
1!
b1 %
1+
b1 /
b0 0
b111000 1
b1 3
b111000 6
b1100101101 7

#22444800
0!
0+

#22448000
1!
b10 %
1+
b10 /
b1 0
b1100101101 2
b10 3
b1100101110 7

#22451200
0!
0+

#22454400
1!
b1 %
1+
b1 /
b10 0
b1100101110 2
b1 3
b1100101111 7

#22457600
0!
0+

#22460800
1!
b10 %
1+
b10 /
b11 0
b1100101111 2
b10 3
b1100110000 7

#22464000
0!
0+

#22467200
1!
b1 %
1+
b1 /
b100 0
b1100110000 2
b1 3
b1100110001 7

#22470400
0!
0+

#22473600
1!
b10 %
1+
b10 /
b101 0
b1100110001 2
b10 3
b1100110010 7

#22476800
0!
0+

#22480000
1!
b1 %
1+
b1 /
b110 0
b1100110010 2
b1 3
b1100110011 7

#22483200
0!
0+

#22486400
1!
b10 %
1+
b10 /
b111 0
b1100110011 2
b10 3
b1100110100 7

#22489600
0!
0+

#22492800
1!
b1 %
1+
b1 /
b1000 0
b1100110100 2
b1 3
b1100110101 7

#22496000
0!
0+

#22499200
1!
b10 %
1+
b10 /
b1001 0
b1100110101 2
b10 3
b1100110110 7

#22502400
0!
0+

#22505600
1!
b1 %
1+
b1 /
b1010 0
b1100110110 2
b1 3
b1100110111 7

#22508800
0!
0+

#22512000
1!
b10 %
1+
b10 /
b1011 0
b1100110111 2
b10 3
b1100111000 7

#22515200
0!
0+

#22518400
1!
b1 %
1+
b1 /
b1100 0
b1100111000 2
b1 3
b1100111001 7

#22521600
0!
0+

#22524800
1!
b10 %
1+
b10 /
b1101 0
b1100111001 2
b10 3
b1100111010 7

#22528000
0!
0+

#22531200
1!
b1 %
1+
b1 /
b1110 0
b1100111010 2
b1 3
b1100111011 7

#22534400
0!
0+

#22537600
1!
b11 %
1+
b11 /
b1111 0
b1100111011 2
b11 3
b111001 6
b1100111011 7

#22540800
0!
0+

#22544000
1!
b1 %
1+
b1 /
b0 0
b111001 1
b1 3
b111001 6
b1100111100 7

#22547200
0!
0+

#22550400
1!
b10 %
1+
b10 /
b1 0
b1100111100 2
b10 3
b1100111101 7

#22553600
0!
0+

#22556800
1!
b1 %
1+
b1 /
b10 0
b1100111101 2
b1 3
b1100111110 7

#22560000
0!
0+

#22563200
1!
b10 %
1+
b10 /
b11 0
b1100111110 2
b10 3
b1100111111 7

#22566400
0!
0+

#22569600
1!
b1 %
1+
b1 /
b100 0
b1100111111 2
b1 3
b1101000000 7

#22572800
0!
0+

#22576000
1!
b10 %
1+
b10 /
b101 0
b1101000000 2
b10 3
b1101000001 7

#22579200
0!
0+

#22582400
1!
b1 %
1+
b1 /
b110 0
b1101000001 2
b1 3
b1101000010 7

#22585600
0!
0+

#22588800
1!
b10 %
1+
b10 /
b111 0
b1101000010 2
b10 3
b1101000011 7

#22592000
0!
0+

#22595200
1!
b1 %
1+
b1 /
b1000 0
b1101000011 2
b1 3
b1101000100 7

#22598400
0!
0+

#22601600
1!
b10 %
1+
b10 /
b1001 0
b1101000100 2
b10 3
b1101000101 7

#22604800
0!
0+

#22608000
1!
b1 %
1+
b1 /
b1010 0
b1101000101 2
b1 3
b1101000110 7

#22611200
0!
0+

#22614400
1!
b10 %
1+
b10 /
b1011 0
b1101000110 2
b10 3
b1101000111 7

#22617600
0!
0+

#22620800
1!
b1 %
1+
b1 /
b1100 0
b1101000111 2
b1 3
b1101001000 7

#22624000
0!
0+

#22627200
1!
b10 %
1+
b10 /
b1101 0
b1101001000 2
b10 3
b1101001001 7

#22630400
0!
0+

#22633600
1!
b1 %
1+
b1 /
b1110 0
b1101001001 2
b1 3
b1101001010 7

#22636800
0!
0+

#22640000
1!
b11 %
1+
b11 /
b1111 0
b1101001010 2
b11 3
b111010 6
b1101001010 7

#22643200
0!
0+

#22646400
1!
b1 %
1+
b1 /
b0 0
b111010 1
b1 3
b111010 6
b1101001011 7

#22649600
0!
0+

#22652800
1!
b10 %
1+
b10 /
b1 0
b1101001011 2
b10 3
b1101001100 7

#22656000
0!
0+

#22659200
1!
b1 %
1+
b1 /
b10 0
b1101001100 2
b1 3
b1101001101 7

#22662400
0!
0+

#22665600
1!
b10 %
1+
b10 /
b11 0
b1101001101 2
b10 3
b1101001110 7

#22668800
0!
0+

#22672000
1!
b1 %
1+
b1 /
b100 0
b1101001110 2
b1 3
b1101001111 7

#22675200
0!
0+

#22678400
1!
b10 %
1+
b10 /
b101 0
b1101001111 2
b10 3
b1101010000 7

#22681600
0!
0+

#22684800
1!
b1 %
1+
b1 /
b110 0
b1101010000 2
b1 3
b1101010001 7

#22688000
0!
0+

#22691200
1!
b10 %
1+
b10 /
b111 0
b1101010001 2
b10 3
b1101010010 7

#22694400
0!
0+

#22697600
1!
b1 %
1+
b1 /
b1000 0
b1101010010 2
b1 3
b1101010011 7

#22700800
0!
0+

#22704000
1!
b10 %
1+
b10 /
b1001 0
b1101010011 2
b10 3
b1101010100 7

#22707200
0!
0+

#22710400
1!
b1 %
1+
b1 /
b1010 0
b1101010100 2
b1 3
b1101010101 7

#22713600
0!
0+

#22716800
1!
b10 %
1+
b10 /
b1011 0
b1101010101 2
b10 3
b1101010110 7

#22720000
0!
0+

#22723200
1!
b1 %
1+
b1 /
b1100 0
b1101010110 2
b1 3
b1101010111 7

#22726400
0!
0+

#22729600
1!
b10 %
1+
b10 /
b1101 0
b1101010111 2
b10 3
b1101011000 7

#22732800
0!
0+

#22736000
1!
b1 %
1+
b1 /
b1110 0
b1101011000 2
b1 3
b1101011001 7

#22739200
0!
0+

#22742400
1!
b11 %
1+
b11 /
b1111 0
b1101011001 2
b11 3
b111011 6
b1101011001 7

#22745600
0!
0+

#22748800
1!
b1 %
1+
b1 /
b0 0
b111011 1
b1 3
b111011 6
b1101011010 7

#22752000
0!
0+

#22755200
1!
b10 %
1+
b10 /
b1 0
b1101011010 2
b10 3
b1101011011 7

#22758400
0!
0+

#22761600
1!
b1 %
1+
b1 /
b10 0
b1101011011 2
b1 3
b1101011100 7

#22764800
0!
0+

#22768000
1!
b10 %
1+
b10 /
b11 0
b1101011100 2
b10 3
b1101011101 7

#22771200
0!
0+

#22774400
1!
b1 %
1+
b1 /
b100 0
b1101011101 2
b1 3
b1101011110 7

#22777600
0!
0+

#22780800
1!
b10 %
1+
b10 /
b101 0
b1101011110 2
b10 3
b1101011111 7

#22784000
0!
0+

#22787200
1!
b1 %
1+
b1 /
b110 0
b1101011111 2
b1 3
b1101100000 7

#22790400
0!
0+

#22793600
1!
b10 %
1+
b10 /
b111 0
b1101100000 2
b10 3
b1101100001 7

#22796800
0!
0+

#22800000
1!
b1 %
1+
b1 /
b1000 0
b1101100001 2
b1 3
b1101100010 7

#22803200
0!
0+

#22806400
1!
b10 %
1+
b10 /
b1001 0
b1101100010 2
b10 3
b1101100011 7

#22809600
0!
0+

#22812800
1!
b1 %
1+
b1 /
b1010 0
b1101100011 2
b1 3
b1101100100 7

#22816000
0!
0+

#22819200
1!
b10 %
1+
b10 /
b1011 0
b1101100100 2
b10 3
b1101100101 7

#22822400
0!
0+

#22825600
1!
b1 %
1+
b1 /
b1100 0
b1101100101 2
b1 3
b1101100110 7

#22828800
0!
0+

#22832000
1!
b10 %
1+
b10 /
b1101 0
b1101100110 2
b10 3
b1101100111 7

#22835200
0!
0+

#22838400
1!
b11 %
1+
b11 /
b1110 0
b1101100111 2
b11 3
b111100 6
b1101100111 7

#22841600
0!
0+

#22844800
1!
b10 %
1+
b10 /
b0 0
b111100 1
b10 3
b111100 6
b1101101000 7

#22848000
0!
0+

#22851200
1!
b1 %
1+
b1 /
b1 0
b1101101000 2
b1 3
b1101101001 7

#22854400
0!
0+

#22857600
1!
b10 %
1+
b10 /
b10 0
b1101101001 2
b10 3
b1101101010 7

#22860800
0!
0+

#22864000
1!
b1 %
1+
b1 /
b11 0
b1101101010 2
b1 3
b1101101011 7

#22867200
0!
0+

#22870400
1!
b10 %
1+
b10 /
b100 0
b1101101011 2
b10 3
b1101101100 7

#22873600
0!
0+

#22876800
1!
b1 %
1+
b1 /
b101 0
b1101101100 2
b1 3
b1101101101 7

#22880000
0!
0+

#22883200
1!
b10 %
1+
b10 /
b110 0
b1101101101 2
b10 3
b1101101110 7

#22886400
0!
0+

#22889600
1!
b1 %
1+
b1 /
b111 0
b1101101110 2
b1 3
b1101101111 7

#22892800
0!
0+

#22896000
1!
b10 %
1+
b10 /
b1000 0
b1101101111 2
b10 3
b1101110000 7

#22899200
0!
0+

#22902400
1!
b1 %
1+
b1 /
b1001 0
b1101110000 2
b1 3
b1101110001 7

#22905600
0!
0+

#22908800
1!
b10 %
1+
b10 /
b1010 0
b1101110001 2
b10 3
b1101110010 7

#22912000
0!
0+

#22915200
1!
b1 %
1+
b1 /
b1011 0
b1101110010 2
b1 3
b1101110011 7

#22918400
0!
0+

#22921600
1!
b10 %
1+
b10 /
b1100 0
b1101110011 2
b10 3
b1101110100 7

#22924800
0!
0+

#22928000
1!
b1 %
1+
b1 /
b1101 0
b1101110100 2
b1 3
b1101110101 7

#22931200
0!
0+

#22934400
1!
b10 %
1+
b10 /
b1110 0
b1101110101 2
b10 3
b1101110110 7

#22937600
0!
0+

#22940800
1!
b11 %
1+
b11 /
b1111 0
b1101110110 2
b11 3
b111101 6
b1101110110 7

#22944000
0!
0+

#22947200
1!
b10 %
1+
b10 /
b0 0
b111101 1
b10 3
b111101 6
b1101110111 7

#22950400
0!
0+

#22953600
1!
b1 %
1+
b1 /
b1 0
b1101110111 2
b1 3
b1101111000 7

#22956800
0!
0+

#22960000
1!
b10 %
1+
b10 /
b10 0
b1101111000 2
b10 3
b1101111001 7

#22963200
0!
0+

#22966400
1!
b1 %
1+
b1 /
b11 0
b1101111001 2
b1 3
b1101111010 7

#22969600
0!
0+

#22972800
1!
b10 %
1+
b10 /
b100 0
b1101111010 2
b10 3
b1101111011 7

#22976000
0!
0+

#22979200
1!
b1 %
1+
b1 /
b101 0
b1101111011 2
b1 3
b1101111100 7

#22982400
0!
0+

#22985600
1!
b10 %
1+
b10 /
b110 0
b1101111100 2
b10 3
b1101111101 7

#22988800
0!
0+

#22992000
1!
b1 %
1+
b1 /
b111 0
b1101111101 2
b1 3
b1101111110 7

#22995200
0!
0+

#22998400
1!
b10 %
1+
b10 /
b1000 0
b1101111110 2
b10 3
b1101111111 7

#23001600
0!
0+

#23004800
1!
b1 %
1+
b1 /
b1001 0
b1101111111 2
b1 3
b1110000000 7

#23008000
0!
0+

#23011200
1!
b10 %
1+
b10 /
b1010 0
b1110000000 2
b10 3
b1110000001 7

#23014400
0!
0+

#23017600
1!
b1 %
1+
b1 /
b1011 0
b1110000001 2
b1 3
b1110000010 7

#23020800
0!
0+

#23024000
1!
b10 %
1+
b10 /
b1100 0
b1110000010 2
b10 3
b1110000011 7

#23027200
0!
0+

#23030400
1!
b1 %
1+
b1 /
b1101 0
b1110000011 2
b1 3
b1110000100 7

#23033600
0!
0+

#23036800
1!
b10 %
1+
b10 /
b1110 0
b1110000100 2
b10 3
b1110000101 7

#23040000
0!
0+

#23043200
1!
b11 %
1+
b11 /
b1111 0
b1110000101 2
b11 3
b111110 6
b1110000101 7

#23046400
0!
0+

#23049600
1!
b10 %
1+
b10 /
b0 0
b111110 1
b10 3
b111110 6
b1110000110 7

#23052800
0!
0+

#23056000
1!
b1 %
1+
b1 /
b1 0
b1110000110 2
b1 3
b1110000111 7

#23059200
0!
0+

#23062400
1!
b10 %
1+
b10 /
b10 0
b1110000111 2
b10 3
b1110001000 7

#23065600
0!
0+

#23068800
1!
b1 %
1+
b1 /
b11 0
b1110001000 2
b1 3
b1110001001 7

#23072000
0!
0+

#23075200
1!
b10 %
1+
b10 /
b100 0
b1110001001 2
b10 3
b1110001010 7

#23078400
0!
0+

#23081600
1!
b1 %
1+
b1 /
b101 0
b1110001010 2
b1 3
b1110001011 7

#23084800
0!
0+

#23088000
1!
b10 %
1+
b10 /
b110 0
b1110001011 2
b10 3
b1110001100 7

#23091200
0!
0+

#23094400
1!
b1 %
1+
b1 /
b111 0
b1110001100 2
b1 3
b1110001101 7

#23097600
0!
0+

#23100800
1!
b10 %
1+
b10 /
b1000 0
b1110001101 2
b10 3
b1110001110 7

#23104000
0!
0+

#23107200
1!
b1 %
1+
b1 /
b1001 0
b1110001110 2
b1 3
b1110001111 7

#23110400
0!
0+

#23113600
1!
b10 %
1+
b10 /
b1010 0
b1110001111 2
b10 3
b1110010000 7

#23116800
0!
0+

#23120000
1!
b1 %
1+
b1 /
b1011 0
b1110010000 2
b1 3
b1110010001 7

#23123200
0!
0+

#23126400
1!
b10 %
1+
b10 /
b1100 0
b1110010001 2
b10 3
b1110010010 7

#23129600
0!
0+

#23132800
1!
b1 %
1+
b1 /
b1101 0
b1110010010 2
b1 3
b1110010011 7

#23136000
0!
0+

#23139200
1!
b10 %
1+
b10 /
b1110 0
b1110010011 2
b10 3
b1110010100 7

#23142400
0!
0+

#23145600
1!
b11 %
1+
b11 /
b1111 0
b1110010100 2
b11 3
b111111 6
b1110010100 7

#23148800
0!
0+

#23152000
1!
b10 %
1+
b10 /
b0 0
b111111 1
b10 3
b111111 6
b1110010101 7

#23155200
0!
0+

#23158400
1!
b1 %
1+
b1 /
b1 0
b1110010101 2
b1 3
b1110010110 7

#23161600
0!
0+

#23164800
1!
b10 %
1+
b10 /
b10 0
b1110010110 2
b10 3
b1110010111 7

#23168000
0!
0+

#23171200
1!
b1 %
1+
b1 /
b11 0
b1110010111 2
b1 3
b1110011000 7

#23174400
0!
0+

#23177600
1!
b10 %
1+
b10 /
b100 0
b1110011000 2
b10 3
b1110011001 7

#23180800
0!
0+

#23184000
1!
b1 %
1+
b1 /
b101 0
b1110011001 2
b1 3
b1110011010 7

#23187200
0!
0+

#23190400
1!
b10 %
1+
b10 /
b110 0
b1110011010 2
b10 3
b1110011011 7

#23193600
0!
0+

#23196800
1!
b1 %
1+
b1 /
b111 0
b1110011011 2
b1 3
b1110011100 7

#23200000
0!
0+

#23203200
1!
b10 %
1+
b10 /
b1000 0
b1110011100 2
b10 3
b1110011101 7

#23206400
0!
0+

#23209600
1!
b1 %
1+
b1 /
b1001 0
b1110011101 2
b1 3
b1110011110 7

#23212800
0!
0+

#23216000
1!
b10 %
1+
b10 /
b1010 0
b1110011110 2
b10 3
b1110011111 7

#23219200
0!
0+

#23222400
1!
b1 %
1+
b1 /
b1011 0
b1110011111 2
b1 3
b1110100000 7

#23225600
0!
0+

#23228800
1!
b10 %
1+
b10 /
b1100 0
b1110100000 2
b10 3
b1110100001 7

#23232000
0!
0+

#23235200
1!
b1 %
1+
b1 /
b1101 0
b1110100001 2
b1 3
b1110100010 7

#23238400
0!
0+

#23241600
1!
b11 %
1+
b11 /
b1110 0
b1110100010 2
b11 3
b1000000 6
b1110100010 7

#23244800
0!
0+

#23248000
1!
b1 %
1+
b1 /
b0 0
b1000000 1
b1 3
b1000000 6
b1110100011 7

#23251200
0!
0+

#23254400
1!
b10 %
1+
b10 /
b1 0
b1110100011 2
b10 3
b1110100100 7

#23257600
0!
0+

#23260800
1!
b1 %
1+
b1 /
b10 0
b1110100100 2
b1 3
b1110100101 7

#23264000
0!
0+

#23267200
1!
b10 %
1+
b10 /
b11 0
b1110100101 2
b10 3
b1110100110 7

#23270400
0!
0+

#23273600
1!
b1 %
1+
b1 /
b100 0
b1110100110 2
b1 3
b1110100111 7

#23276800
0!
0+

#23280000
1!
b10 %
1+
b10 /
b101 0
b1110100111 2
b10 3
b1110101000 7

#23283200
0!
0+

#23286400
1!
b1 %
1+
b1 /
b110 0
b1110101000 2
b1 3
b1110101001 7

#23289600
0!
0+

#23292800
1!
b10 %
1+
b10 /
b111 0
b1110101001 2
b10 3
b1110101010 7

#23296000
0!
0+

#23299200
1!
b1 %
1+
b1 /
b1000 0
b1110101010 2
b1 3
b1110101011 7

#23302400
0!
0+

#23305600
1!
b10 %
1+
b10 /
b1001 0
b1110101011 2
b10 3
b1110101100 7

#23308800
0!
0+

#23312000
1!
b1 %
1+
b1 /
b1010 0
b1110101100 2
b1 3
b1110101101 7

#23315200
0!
0+

#23318400
1!
b10 %
1+
b10 /
b1011 0
b1110101101 2
b10 3
b1110101110 7

#23321600
0!
0+

#23324800
1!
b1 %
1+
b1 /
b1100 0
b1110101110 2
b1 3
b1110101111 7

#23328000
0!
0+

#23331200
1!
b10 %
1+
b10 /
b1101 0
b1110101111 2
b10 3
b1110110000 7

#23334400
0!
0+

#23337600
1!
b1 %
1+
b1 /
b1110 0
b1110110000 2
b1 3
b1110110001 7

#23340800
0!
0+

#23344000
1!
b11 %
1&
1(
1+
b11 /
b1111 0
b1110110001 2
b11 3
b0 5
b1000001 6
b1110110001 7

#23347200
0!
0+

#23350400
1!
b1 %
0&
0'
1+
b1 /
b0 0
b0 1
b0 2
b1 3
b0 4
b0 5
b0 6
b1 7

#23353600
0!
0+

#23356800
1!
b10 %
1+
b10 /
b1 0
b10 3

#23360000
0!
0+

#23363200
1!
b1 %
1+
b1 /
b10 0
b1 3

#23366400
0!
0+

#23369600
1!
b10 %
1+
b10 /
b11 0
b10 3

#23372800
0!
0+

#23376000
1!
b1 %
1+
b1 /
b100 0
b1 3

#23379200
0!
0+

#23382400
1!
b10 %
1+
b10 /
b101 0
b10 3

#23385600
0!
0+

#23388800
1!
b1 %
1+
b1 /
b110 0
b1 3

#23392000
0!
0+

#23395200
1!
b10 %
1+
b10 /
b111 0
b10 3

#23398400
0!
0+

#23401600
1!
b1 %
1+
b1 /
b1000 0
b1 3

#23404800
0!
0+

#23408000
1!
b10 %
1+
b10 /
b1001 0
b10 3

#23411200
0!
0+

#23414400
1!
b1 %
1+
b1 /
b1010 0
b1 3

#23417600
0!
0+

#23420800
1!
b10 %
1+
b10 /
b1011 0
b10 3

#23424000
0!
0+

#23427200
1!
b1 %
1+
b1 /
b1100 0
b1 3

#23430400
0!
0+

#23433600
1!
b10 %
1+
b10 /
b1101 0
b10 3

#23436800
0!
0+

#23440000
1!
b1 %
1+
b1 /
b1110 0
b1 3

#23443200
0!
0+

#23446400
1!
b10 %
b11010 )
1+
b10 /
b1111 0
b10 3

#23449600
0!
0+

#23452800
1!
b1 %
1+
b1 /
b10000 0
b1 3

#23456000
0!
0+

#23459200
1!
b10 %
1+
b10 /
b10001 0
b10 3

#23462400
0!
0+

#23465600
1!
b1 %
1+
b1 /
b10010 0
b1 3

#23468800
0!
0+

#23472000
1!
b10 %
1+
b10 /
b10011 0
b10 3

#23475200
0!
0+

#23478400
1!
b1 %
1+
b1 /
b10100 0
b1 3

#23481600
0!
0+

#23484800
1!
b10 %
1+
b10 /
b10101 0
b10 3

#23488000
0!
0+

#23491200
1!
b1 %
1+
b1 /
b10110 0
b1 3

#23494400
0!
0+

#23497600
1!
b10 %
1+
b10 /
b10111 0
b10 3

#23500800
0!
0+

#23504000
1!
b1 %
1+
b1 /
b11000 0
b1 3

#23507200
0!
0+

#23510400
1!
b10 %
1+
b10 /
b11001 0
b10 3

#23513600
0!
0+

#23516800
1!
b1 %
1+
b1 /
b11010 0
b1 3

#23520000
0!
0+

#23523200
1!
b10 %
1+
b10 /
b11011 0
b10 3

#23526400
0!
0+

#23529600
1!
b1 %
1+
b1 /
b11100 0
b1 3

#23532800
0!
0+

#23536000
1!
b10 %
1+
b10 /
b11101 0
b10 3

#23539200
0!
0+

#23542400
1!
b1 %
1+
b1 /
b11110 0
b1 3

#23545600
0!
0+

#23548800
1!
b10 %
1+
b10 /
b11111 0
b10 3

#23552000
0!
0+

#23555200
1!
b1 %
1+
b1 /
b100000 0
b1 3

#23558400
0!
0+

#23561600
1!
b10 %
1+
b10 /
b100001 0
b10 3

#23564800
0!
0+

#23568000
1!
b1 %
1+
b1 /
b100010 0
b1 3

#23571200
0!
0+

#23574400
1!
b10 %
1+
b10 /
b100011 0
b10 3

#23577600
0!
0+

#23580800
1!
b1 %
1+
b1 /
b100100 0
b1 3

#23584000
0!
0+

#23587200
1!
b10 %
1+
b10 /
b100101 0
b10 3

#23590400
0!
0+

#23593600
1!
b1 %
1+
b1 /
b100110 0
b1 3

#23596800
0!
0+

#23600000
1!
b10 %
1+
b10 /
b100111 0
b10 3

#23603200
0!
0+

#23606400
1!
b1 %
1+
b1 /
b101000 0
b1 3

#23609600
0!
0+

#23612800
1!
b10 %
1+
b10 /
b101001 0
b10 3

#23616000
0!
0+

#23619200
1!
b1 %
1+
b1 /
b101010 0
b1 3

#23622400
0!
0+

#23625600
1!
b10 %
1+
b10 /
b101011 0
b10 3

#23628800
0!
0+

#23632000
1!
b1 %
1+
b1 /
b101100 0
b1 3

#23635200
0!
0+

#23638400
1!
b10 %
1+
b10 /
b101101 0
b10 3

#23641600
0!
0+

#23644800
1!
b1 %
1+
b1 /
b101110 0
b1 3

#23648000
0!
0+

#23651200
1!
b10 %
1+
b10 /
b101111 0
b10 3

#23654400
0!
0+

#23657600
1!
b1 %
1+
b1 /
b110000 0
b1 3

#23660800
0!
0+

#23664000
1!
b10 %
1+
b10 /
b110001 0
b10 3

#23667200
0!
0+

#23670400
1!
b1 %
1+
b1 /
b110010 0
b1 3

#23673600
0!
0+

#23676800
1!
b10 %
1+
b10 /
b110011 0
b10 3

#23680000
0!
0+

#23683200
1!
b1 %
1+
b1 /
b110100 0
b1 3

#23686400
0!
0+

#23689600
1!
b10 %
1+
b10 /
b110101 0
b10 3

#23692800
0!
0+

#23696000
1!
b1 %
1+
b1 /
b110110 0
b1 3

#23699200
0!
0+

#23702400
1!
b10 %
1+
b10 /
b110111 0
b10 3

#23705600
0!
0+

#23708800
1!
b1 %
1+
b1 /
b111000 0
b1 3

#23712000
0!
0+

#23715200
1!
b10 %
1+
b10 /
b111001 0
b10 3

#23718400
0!
0+

#23721600
1!
b1 %
1+
b1 /
b111010 0
b1 3

#23724800
0!
0+

#23728000
1!
b10 %
1+
b10 /
b111011 0
b10 3

#23731200
0!
0+

#23734400
1!
b1 %
1+
b1 /
b111100 0
b1 3

#23737600
0!
0+

#23740800
1!
b10 %
1+
b10 /
b111101 0
b10 3

#23744000
0!
0+

#23747200
1!
b1 %
1+
b1 /
b111110 0
b1 3

#23750400
0!
0+

#23753600
1!
b10 %
1+
b10 /
b111111 0
b10 3
b1 5

#23756800
0!
0+

#23760000
1!
b1 %
1'
1+
b1 /
b1000000 0
b1 3
b1 4
b1 5

#23763200
0!
0+

#23766400
1!
b10 %
1+
b10 /
b1000001 0
b1 2
b10 3
b10 7

#23769600
0!
0+

#23772800
1!
b1 %
1+
b1 /
b1000010 0
b10 2
b1 3
b11 7

#23776000
0!
0+

#23779200
1!
b10 %
1+
b10 /
b1000011 0
b11 2
b10 3
b100 7

#23782400
0!
0+

#23785600
1!
b1 %
1+
b1 /
b1000100 0
b100 2
b1 3
b101 7

#23788800
0!
0+

#23792000
1!
b10 %
1+
b10 /
b1000101 0
b101 2
b10 3
b110 7

#23795200
0!
0+

#23798400
1!
b1 %
1+
b1 /
b1000110 0
b110 2
b1 3
b111 7

#23801600
0!
0+

#23804800
1!
b10 %
1+
b10 /
b1000111 0
b111 2
b10 3
b1000 7

#23808000
0!
0+

#23811200
1!
b1 %
1+
b1 /
b1001000 0
b1000 2
b1 3
b1001 7

#23814400
0!
0+

#23817600
1!
b10 %
1+
b10 /
b1001001 0
b1001 2
b10 3
b1010 7

#23820800
0!
0+

#23824000
1!
b1 %
1+
b1 /
b1001010 0
b1010 2
b1 3
b1011 7

#23827200
0!
0+

#23830400
1!
b10 %
1+
b10 /
b1001011 0
b1011 2
b10 3
b1100 7

#23833600
0!
0+

#23836800
1!
b1 %
1+
b1 /
b1001100 0
b1100 2
b1 3
b1101 7

#23840000
0!
0+

#23843200
1!
b10 %
1+
b10 /
b1001101 0
b1101 2
b10 3
b1110 7

#23846400
0!
0+

#23849600
1!
b1 %
1+
b1 /
b1001110 0
b1110 2
b1 3
b1111 7

#23852800
0!
0+

#23856000
1!
b11100 )
1+
